==== recapture start 2026-08-14T03:21:27+08:00 seed=ed998c095a1b9384b1f022d06101ac3fc3c61761ac751546bd84edca298e44e2 ====
===== 2026-08-14T03:22:18+08:00 wps-office =====
profile wps-office is valid
bionicx-exec: running untraced pid=19047
bionicx-exec: running untraced pid=19060
bionicx ELF fixups: 0 entries
installed profile wps-office for io.taowen.bx
W/ActivityTaskManager( 2320): Force removing ActivityRecord{4580f85 u0 io.taowen.bx/com.winlator.BionicXActivity t1219 f}}: app died, no saved state
V/WindowManagerShell( 2661): Transition requested: android.os.BinderProxy@488b19c TransitionRequestInfo { type = CLOSE, triggerTask = TaskInfo{userId=0 taskId=1219 displayId=0 isRunning=false baseIntent=Intent { flg=0x10000000 cmp=io.taowen.bx/com.winlator.BionicXActivity } baseActivity=null topActivity=null origActivity=null realActivity=ComponentInfo{io.taowen.bx/com.winlator.BionicXActivity} numActivities=0 lastActiveTime=1122406 supportsMultiWindow=true resizeMode=1 isResizeable=true minWidth=-1 minHeight=-1 defaultMinSize=220 token=WCT{android.window.IWindowContainerToken$Stub$Proxy@ef957a5} topActivityType=1 pictureInPictureParams=null shouldDockBigOverlays=false launchIntoPipHostTaskId=-1 lastParentTaskIdBeforePip=-1 displayCutoutSafeInsets=null topActivityInfo=null launchCookies=[] positionInParent=Point(0, 0) parentTaskId=-1 isFocused=true isVisible=true isVisibleRequested=true isSleeping=false topActivityInSizeCompat=false topActivityEligibleForLetterboxEducation= false topActivityLetterboxed= false isFromDoubleTap= false topActivityLetterboxVerticalPosition= -1 topActivityLetterboxHorizontalPosition= -1 topActivityLetterboxWidth=-1 topActivityLetterboxHeight=-1 locusId=null displayAreaFeatureId=1 cameraCompatControlState=hidden}, remoteTransition = null, displayChange = null }
W/WindowManager( 2320): Failed to deliver inset control state change to w=Window{a9e018c u0 io.taowen.bx/com.winlator.BionicXActivity}
I/Zygote  ( 1294): Process 18246 exited due to signal 9 (Killed)
I/WindowManager( 2320): WIN DEATH: Window{a9e018c u0 io.taowen.bx/com.winlator.BionicXActivity}
W/InputManager-JNI( 2320): Input channel object 'a9e018c io.taowen.bx/com.winlator.BionicXActivity (client)' was disposed without first being removed with the input manager!
V/WindowManager( 2320): Sent Transition #16 createdAt=08-14 03:22:25.365 via request=TransitionRequestInfo { type = CLOSE, triggerTask = TaskInfo{userId=0 taskId=1219 displayId=0 isRunning=false baseIntent=Intent { flg=0x10000000 cmp=io.taowen.bx/com.winlator.BionicXActivity } baseActivity=null topActivity=null origActivity=null realActivity=ComponentInfo{io.taowen.bx/com.winlator.BionicXActivity} numActivities=0 lastActiveTime=1122406 supportsMultiWindow=true resizeMode=1 isResizeable=true minWidth=-1 minHeight=-1 defaultMinSize=220 token=WCT{RemoteToken{718f7fb Task{41751da #1219 type=standard A=10194:io.taowen.bx}}} topActivityType=1 pictureInPictureParams=null shouldDockBigOverlays=false launchIntoPipHostTaskId=-1 lastParentTaskIdBeforePip=-1 displayCutoutSafeInsets=null topActivityInfo=null launchCookies=[] positionInParent=Point(0, 0) parentTaskId=-1 isFocused=true isVisible=true isVisibleRequested=true isSleeping=false topActivityInSizeCompat=false topActivityEligibleForLetterboxEducation= false topActivityLetterboxed= false isFromDoubleTap= false topActivityLetterboxVerticalPosition= -1 topActivityLetterboxHorizontalPosition= -1 topActivityLetterboxWidth=-1 topActivityLetterboxHeight=-1 locusId=null displayAreaFeatureId=1 cameraCompatControlState=hidden}, remoteTransition = null, displayChange = null }
W/WindowManager( 2320): Failed to deliver inset control state change to w=Window{a9e018c u0 io.taowen.bx/com.winlator.BionicXActivity EXITING}
I/ActivityTaskManager( 2320): START u0 {flg=0x10000000 cmp=io.taowen.bx/com.winlator.BionicXActivity} with LAUNCH_MULTIPLE from uid 2000 (BAL_ALLOW_PERMISSION) result code=0
V/WindowManagerShell( 2661): Transition requested: android.os.BinderProxy@8f37664 TransitionRequestInfo { type = OPEN, triggerTask = TaskInfo{userId=0 taskId=1220 displayId=0 isRunning=true baseIntent=Intent { flg=0x10000000 cmp=io.taowen.bx/com.winlator.BionicXActivity } baseActivity=ComponentInfo{io.taowen.bx/com.winlator.BionicXActivity} topActivity=ComponentInfo{io.taowen.bx/com.winlator.BionicXActivity} origActivity=null realActivity=ComponentInfo{io.taowen.bx/com.winlator.BionicXActivity} numActivities=1 lastActiveTime=1174421 supportsMultiWindow=true resizeMode=1 isResizeable=true minWidth=-1 minHeight=-1 defaultMinSize=220 token=WCT{android.window.IWindowContainerToken$Stub$Proxy@31410cd} topActivityType=1 pictureInPictureParams=null shouldDockBigOverlays=false launchIntoPipHostTaskId=-1 lastParentTaskIdBeforePip=-1 displayCutoutSafeInsets=null topActivityInfo=ActivityInfo{837cd82 com.winlator.BionicXActivity} launchCookies=[] positionInParent=Point(0, 0) parentTaskId=-1 isFocused=false isVisible=false isVisibleRequested=false isSleeping=false topActivityInSizeCompat=false topActivityEligibleForLetterboxEducation= false topActivityLetterboxed= false isFromDoubleTap= false topActivityLetterboxVerticalPosition= -1 topActivityLetterboxHorizontalPosition= -1 topActivityLetterboxWidth=-1 topActivityLetterboxHeight=-1 locusId=null displayAreaFeatureId=1 cameraCompatControlState=hidden}, remoteTransition = null, displayChange = null }
I/ActivityManager( 2320): Start proc 19127:io.taowen.bx/u0a194 for next-top-activity {io.taowen.bx/com.winlator.BionicXActivity}
V/WindowManager( 2320): Sent Transition #17 createdAt=08-14 03:22:25.874 via request=TransitionRequestInfo { type = OPEN, triggerTask = TaskInfo{userId=0 taskId=1220 displayId=0 isRunning=true baseIntent=Intent { flg=0x10000000 cmp=io.taowen.bx/com.winlator.BionicXActivity } baseActivity=ComponentInfo{io.taowen.bx/com.winlator.BionicXActivity} topActivity=ComponentInfo{io.taowen.bx/com.winlator.BionicXActivity} origActivity=null realActivity=ComponentInfo{io.taowen.bx/com.winlator.BionicXActivity} numActivities=1 lastActiveTime=1174421 supportsMultiWindow=true resizeMode=1 isResizeable=true minWidth=-1 minHeight=-1 defaultMinSize=220 token=WCT{RemoteToken{19cc390 Task{dd1d21d #1220 type=standard A=10194:io.taowen.bx}}} topActivityType=1 pictureInPictureParams=null shouldDockBigOverlays=false launchIntoPipHostTaskId=-1 lastParentTaskIdBeforePip=-1 displayCutoutSafeInsets=null topActivityInfo=ActivityInfo{4b55489 com.winlator.BionicXActivity} launchCookies=[] positionInParent=Point(0, 0) parentTaskId=-1 isFocused=false isVisible=false isVisibleRequested=false isSleeping=false topActivityInSizeCompat=false topActivityEligibleForLetterboxEducation= false topActivityLetterboxed= false isFromDoubleTap= false topActivityLetterboxVerticalPosition= -1 topActivityLetterboxHorizontalPosition= -1 topActivityLetterboxWidth=-1 topActivityLetterboxHeight=-1 locusId=null displayAreaFeatureId=1 cameraCompatControlState=hidden}, remoteTransition = null, displayChange = null }
W/WindowManager( 2320): Failed to deliver inset control state change to w=Window{a9e018c u0 io.taowen.bx/com.winlator.BionicXActivity EXITING}
W/WindowManager( 2320): Failed to deliver inset control state change to w=Window{a9e018c u0 io.taowen.bx/com.winlator.BionicXActivity EXITING}
W/WindowManager( 2320): Exception thrown during dispatchAppVisibility Window{a9e018c u0 io.taowen.bx/com.winlator.BionicXActivity EXITING}
I/BionicX (19127): profile=wps-office display=1920x1080@144 socket=filesystem
I/BionicX (19127): enabled app-private CUPS service
I/BionicX (19127): cups: bionicx-exec: running untraced pid=19157
I/BionicX (19127): runtime DNS servers=2
I/BionicX (19127): launching WPS Office Writer (AArch64): [/data/user/0/io.taowen.bx/files/bin/bionicx-exec, --cwd, /data/user/0/io.taowen.bx/files/rootfs/opt/kingsoft/wps-office/office6, --argv0, wps, --env, DISPLAY=:0, --env, HOME=/data/user/0/io.taowen.bx/files/homes/wps-office, --env, TMPDIR=/data/user/0/io.taowen.bx/files/run/wps-office, --env, XDG_RUNTIME_DIR=/data/user/0/io.taowen.bx/files/run/wps-office/runtime, --env, GCONV_PATH=/data/user/0/io.taowen.bx/files/rootfs/usr/lib/aarch64-linux-gnu/gconv, --env, LANG=C, --env, QT_QPA_PLATFORM=xcb, --env, QT_X11_NO_MITSHM=1, --env, PATH=/data/user/0/io.taowen.bx/files/rootfs/usr/bin:/data/user/0/io.taowen.bx/files/rootfs/bin:/product/bin:/system/bin, --env, BIONICX_OPEN_PDF=/data/user/0/io.taowen.bx/files/rootfs/opt/kingsoft/wps-office/office6/wpspdf, --env, BIONICX_DNS_SERVERS=fe80::1%wlan0,192.168.1.1, --env, BIONICX_ROOTFS=/data/user/0/io.taowen.bx/files/rootfs, --env, BIONICX_APP=/data/user/0/io.taowen.bx/files/apps/wps-office, --env, BIONICX_TMPDIR=/data/user/0/io.taowen.bx/cache, --env, FONTCONFIG_PATH=/data/user/0/io.taowen.bx/files/rootfs/etc/fonts, --env, FONTCONFIG_FILE=fonts.conf, --env, FONTCONFIG_SYSROOT=/data/user/0/io.taowen.bx/files/rootfs, --env, CUPS_SERVER=/data/user/0/io.taowen.bx/files/run/wps-office/../cups/run/cups.sock, --env, LD_PRELOAD=/data/user/0/io.taowen.bx/files/lib/libbionicx-runtime.so, --, /data/user/0/io.taowen.bx/files/rootfs/opt/kingsoft/wps-office/office6/wps, /data/user/0/io.taowen.bx/files/apps/wps-office/fixtures/BionicX-Seed-Writer-20260813.docx]
I/BionicX (19127): bionicx-exec: running untraced pid=19163
D/CoreBackPreview( 2320): Window{4c3e397 u0 io.taowen.bx/com.winlator.BionicXActivity}: Setting back callback OnBackInvokedCallbackInfo{mCallback=android.window.IOnBackInvokedCallback$Stub$Proxy@48dc9ee, mPriority=0, mIsAnimationCallback=false}
I/ActivityTaskManager( 2320): Displayed io.taowen.bx/com.winlator.BionicXActivity for user 0: +192ms
I/BionicX (19127): the error = [libproviders.so: cannot open shared object file: No such file or directory]
I/BionicX (19127): /tmp/25519_asso/assocheck.sh: line 18: gvfs-info: command not found
I/BionicX (19127): /tmp/25519_asso/assocheck.sh: line 19: gvfs-mime: command not found
I/BionicX (19127): /tmp/25519_desktop/desktopcheck.sh: line 23: gvfs-info: command not found
I/BionicX (19127): /tmp/25519_desktop/desktopcheck.sh: line 24: gvfs-mime: command not found
I/Zygote  ( 1294): Process 18845 exited due to signal 9 (Killed)
wps-office alive=1 bytes=148250 shot=/tmp/grok-goal-3794b08cb732/implementer/wps-office.png
===== 2026-08-14T03:22:32+08:00 wps-spreadsheets =====
profile wps-spreadsheets is valid
bionicx-exec: running untraced pid=19475
bionicx-exec: running untraced pid=19490
bionicx ELF fixups: 0 entries
installed profile wps-spreadsheets for io.taowen.bx
W/ActivityTaskManager( 2320): Force removing ActivityRecord{9152af4 u0 io.taowen.bx/com.winlator.BionicXActivity t1220 f}}: app died, no saved state
V/WindowManagerShell( 2661): Transition requested: android.os.BinderProxy@c7ce843 TransitionRequestInfo { type = CLOSE, triggerTask = TaskInfo{userId=0 taskId=1220 displayId=0 isRunning=false baseIntent=Intent { flg=0x10000000 cmp=io.taowen.bx/com.winlator.BionicXActivity } baseActivity=null topActivity=null origActivity=null realActivity=ComponentInfo{io.taowen.bx/com.winlator.BionicXActivity} numActivities=0 lastActiveTime=1174453 supportsMultiWindow=true resizeMode=1 isResizeable=true minWidth=-1 minHeight=-1 defaultMinSize=220 token=WCT{android.window.IWindowContainerToken$Stub$Proxy@6c57ec0} topActivityType=1 pictureInPictureParams=null shouldDockBigOverlays=false launchIntoPipHostTaskId=-1 lastParentTaskIdBeforePip=-1 displayCutoutSafeInsets=null topActivityInfo=null launchCookies=[] positionInParent=Point(0, 0) parentTaskId=-1 isFocused=true isVisible=true isVisibleRequested=true isSleeping=false topActivityInSizeCompat=false topActivityEligibleForLetterboxEducation= false topActivityLetterboxed= false isFromDoubleTap= false topActivityLetterboxVerticalPosition= -1 topActivityLetterboxHorizontalPosition= -1 topActivityLetterboxWidth=-1 topActivityLetterboxHeight=-1 locusId=null displayAreaFeatureId=1 cameraCompatControlState=hidden}, remoteTransition = null, displayChange = null }
I/Zygote  ( 1294): Process 19127 exited due to signal 9 (Killed)
I/WindowManager( 2320): WIN DEATH: Window{4c3e397 u0 io.taowen.bx/com.winlator.BionicXActivity}
W/InputManager-JNI( 2320): Input channel object '4c3e397 io.taowen.bx/com.winlator.BionicXActivity (client)' was disposed without first being removed with the input manager!
W/WindowManager( 2320): Failed to deliver inset control state change to w=Window{4c3e397 u0 io.taowen.bx/com.winlator.BionicXActivity EXITING}
V/WindowManager( 2320): Sent Transition #18 createdAt=08-14 03:22:38.644 via request=TransitionRequestInfo { type = CLOSE, triggerTask = TaskInfo{userId=0 taskId=1220 displayId=0 isRunning=false baseIntent=Intent { flg=0x10000000 cmp=io.taowen.bx/com.winlator.BionicXActivity } baseActivity=null topActivity=null origActivity=null realActivity=ComponentInfo{io.taowen.bx/com.winlator.BionicXActivity} numActivities=0 lastActiveTime=1174453 supportsMultiWindow=true resizeMode=1 isResizeable=true minWidth=-1 minHeight=-1 defaultMinSize=220 token=WCT{RemoteToken{19cc390 Task{dd1d21d #1220 type=standard A=10194:io.taowen.bx}}} topActivityType=1 pictureInPictureParams=null shouldDockBigOverlays=false launchIntoPipHostTaskId=-1 lastParentTaskIdBeforePip=-1 displayCutoutSafeInsets=null topActivityInfo=null launchCookies=[] positionInParent=Point(0, 0) parentTaskId=-1 isFocused=true isVisible=true isVisibleRequested=true isSleeping=false topActivityInSizeCompat=false topActivityEligibleForLetterboxEducation= false topActivityLetterboxed= false isFromDoubleTap= false topActivityLetterboxVerticalPosition= -1 topActivityLetterboxHorizontalPosition= -1 topActivityLetterboxWidth=-1 topActivityLetterboxHeight=-1 locusId=null displayAreaFeatureId=1 cameraCompatControlState=hidden}, remoteTransition = null, displayChange = null }
W/WindowManager( 2320): Failed to deliver inset control state change to w=Window{4c3e397 u0 io.taowen.bx/com.winlator.BionicXActivity EXITING}
I/ActivityTaskManager( 2320): START u0 {flg=0x10000000 cmp=io.taowen.bx/com.winlator.BionicXActivity} with LAUNCH_MULTIPLE from uid 2000 (BAL_ALLOW_PERMISSION) result code=0
V/WindowManagerShell( 2661): Transition requested: android.os.BinderProxy@2f61003 TransitionRequestInfo { type = OPEN, triggerTask = TaskInfo{userId=0 taskId=1221 displayId=0 isRunning=true baseIntent=Intent { flg=0x10000000 cmp=io.taowen.bx/com.winlator.BionicXActivity } baseActivity=ComponentInfo{io.taowen.bx/com.winlator.BionicXActivity} topActivity=ComponentInfo{io.taowen.bx/com.winlator.BionicXActivity} origActivity=null realActivity=ComponentInfo{io.taowen.bx/com.winlator.BionicXActivity} numActivities=1 lastActiveTime=1187679 supportsMultiWindow=true resizeMode=1 isResizeable=true minWidth=-1 minHeight=-1 defaultMinSize=220 token=WCT{android.window.IWindowContainerToken$Stub$Proxy@f7eb80} topActivityType=1 pictureInPictureParams=null shouldDockBigOverlays=false launchIntoPipHostTaskId=-1 lastParentTaskIdBeforePip=-1 displayCutoutSafeInsets=null topActivityInfo=ActivityInfo{85075b9 com.winlator.BionicXActivity} launchCookies=[] positionInParent=Point(0, 0) parentTaskId=-1 isFocused=false isVisible=false isVisibleRequested=false isSleeping=false topActivityInSizeCompat=false topActivityEligibleForLetterboxEducation= false topActivityLetterboxed= false isFromDoubleTap= false topActivityLetterboxVerticalPosition= -1 topActivityLetterboxHorizontalPosition= -1 topActivityLetterboxWidth=-1 topActivityLetterboxHeight=-1 locusId=null displayAreaFeatureId=1 cameraCompatControlState=hidden}, remoteTransition = null, displayChange = null }
I/ActivityManager( 2320): Start proc 19557:io.taowen.bx/u0a194 for next-top-activity {io.taowen.bx/com.winlator.BionicXActivity}
W/WindowManager( 2320): Failed to deliver inset control state change to w=Window{4c3e397 u0 io.taowen.bx/com.winlator.BionicXActivity EXITING}
V/WindowManager( 2320): Sent Transition #19 createdAt=08-14 03:22:39.133 via request=TransitionRequestInfo { type = OPEN, triggerTask = TaskInfo{userId=0 taskId=1221 displayId=0 isRunning=true baseIntent=Intent { flg=0x10000000 cmp=io.taowen.bx/com.winlator.BionicXActivity } baseActivity=ComponentInfo{io.taowen.bx/com.winlator.BionicXActivity} topActivity=ComponentInfo{io.taowen.bx/com.winlator.BionicXActivity} origActivity=null realActivity=ComponentInfo{io.taowen.bx/com.winlator.BionicXActivity} numActivities=1 lastActiveTime=1187679 supportsMultiWindow=true resizeMode=1 isResizeable=true minWidth=-1 minHeight=-1 defaultMinSize=220 token=WCT{RemoteToken{9e3da22 Task{b8a7be6 #1221 type=standard A=10194:io.taowen.bx}}} topActivityType=1 pictureInPictureParams=null shouldDockBigOverlays=false launchIntoPipHostTaskId=-1 lastParentTaskIdBeforePip=-1 displayCutoutSafeInsets=null topActivityInfo=ActivityInfo{ac66cb3 com.winlator.BionicXActivity} launchCookies=[] positionInParent=Point(0, 0) parentTaskId=-1 isFocused=false isVisible=false isVisibleRequested=false isSleeping=false topActivityInSizeCompat=false topActivityEligibleForLetterboxEducation= false topActivityLetterboxed= false isFromDoubleTap= false topActivityLetterboxVerticalPosition= -1 topActivityLetterboxHorizontalPosition= -1 topActivityLetterboxWidth=-1 topActivityLetterboxHeight=-1 locusId=null displayAreaFeatureId=1 cameraCompatControlState=hidden}, remoteTransition = null, displayChange = null }
W/WindowManager( 2320): Failed to deliver inset control state change to w=Window{4c3e397 u0 io.taowen.bx/com.winlator.BionicXActivity EXITING}
W/WindowManager( 2320): Exception thrown during dispatchAppVisibility Window{4c3e397 u0 io.taowen.bx/com.winlator.BionicXActivity EXITING}
I/BionicX (19557): profile=wps-spreadsheets display=1920x1080@144 socket=filesystem
I/BionicX (19557): runtime DNS servers=2
I/BionicX (19557): launching WPS Spreadsheets (AArch64): [/data/user/0/io.taowen.bx/files/bin/bionicx-exec, --cwd, /data/user/0/io.taowen.bx/files/rootfs/opt/kingsoft/wps-office/office6, --argv0, et, --env, DISPLAY=:0, --env, HOME=/data/user/0/io.taowen.bx/files/homes/wps-spreadsheets, --env, TMPDIR=/data/user/0/io.taowen.bx/files/run/wps-spreadsheets, --env, XDG_RUNTIME_DIR=/data/user/0/io.taowen.bx/files/run/wps-spreadsheets/runtime, --env, GCONV_PATH=/data/user/0/io.taowen.bx/files/rootfs/usr/lib/aarch64-linux-gnu/gconv, --env, LANG=C, --env, QT_QPA_PLATFORM=xcb, --env, QT_X11_NO_MITSHM=1, --env, PATH=/data/user/0/io.taowen.bx/files/rootfs/usr/bin:/data/user/0/io.taowen.bx/files/rootfs/bin:/product/bin:/system/bin, --env, BIONICX_DNS_SERVERS=fe80::1%wlan0,192.168.1.1, --env, BIONICX_ROOTFS=/data/user/0/io.taowen.bx/files/rootfs, --env, BIONICX_APP=/data/user/0/io.taowen.bx/files/apps/wps-spreadsheets, --env, BIONICX_TMPDIR=/data/user/0/io.taowen.bx/cache, --env, FONTCONFIG_PATH=/data/user/0/io.taowen.bx/files/rootfs/etc/fonts, --env, FONTCONFIG_FILE=fonts.conf, --env, FONTCONFIG_SYSROOT=/data/user/0/io.taowen.bx/files/rootfs, --env, LD_PRELOAD=/data/user/0/io.taowen.bx/files/lib/libbionicx-runtime.so, --, /data/user/0/io.taowen.bx/files/rootfs/opt/kingsoft/wps-office/office6/et, /data/user/0/io.taowen.bx/files/apps/wps-spreadsheets/fixtures/BionicX-Seed-Sheets-20260813.xlsx]
D/CoreBackPreview( 2320): Window{a1d0ab8 u0 io.taowen.bx/com.winlator.BionicXActivity}: Setting back callback OnBackInvokedCallbackInfo{mCallback=android.window.IOnBackInvokedCallback$Stub$Proxy@bd04093, mPriority=0, mIsAnimationCallback=false}
I/BionicX (19557): bionicx-exec: running untraced pid=19593
I/ActivityTaskManager( 2320): Displayed io.taowen.bx/com.winlator.BionicXActivity for user 0: +192ms
I/BionicX (19557): the error = [libproviders.so: cannot open shared object file: No such file or directory]
I/BionicX (19557): /tmp/53042_asso/assocheck.sh: line 18: gvfs-info: command not found
I/BionicX (19557): /tmp/53042_asso/assocheck.sh: line 19: gvfs-mime: command not found
I/BionicX (19557): [Open][BEGIN]#2026-08-13 19:22:39 940.892
I/BionicX (19557): free(): invalid pointer
I/BionicX (19557): bionicx-exec: session child pid=19636 exited status=0x6
I/BionicX (19557): [Open][END]#2026-08-13 19:22:39 984.225
I/BionicX (19557): [Open][DIFF]#[43.333] ms
I/BionicX (19557): /tmp/1313_desktop/desktopcheck.sh: line 23: gvfs-info: command not found
I/BionicX (19557): /tmp/1313_desktop/desktopcheck.sh: line 24: gvfs-mime: command not found
wps-spreadsheets alive=1 bytes=164170 shot=/tmp/grok-goal-3794b08cb732/implementer/wps-spreadsheets.png
===== 2026-08-14T03:22:44+08:00 wps-presentation =====
profile wps-presentation is valid
bionicx-exec: running untraced pid=19794
bionicx-exec: running untraced pid=19805
bionicx ELF fixups: 0 entries
installed profile wps-presentation for io.taowen.bx
W/ActivityTaskManager( 2320): Force removing ActivityRecord{70caa41 u0 io.taowen.bx/com.winlator.BionicXActivity t1221 f}}: app died, no saved state
V/WindowManagerShell( 2661): Transition requested: android.os.BinderProxy@21d05a6 TransitionRequestInfo { type = CLOSE, triggerTask = TaskInfo{userId=0 taskId=1221 displayId=0 isRunning=false baseIntent=Intent { flg=0x10000000 cmp=io.taowen.bx/com.winlator.BionicXActivity } baseActivity=null topActivity=null origActivity=null realActivity=ComponentInfo{io.taowen.bx/com.winlator.BionicXActivity} numActivities=0 lastActiveTime=1187712 supportsMultiWindow=true resizeMode=1 isResizeable=true minWidth=-1 minHeight=-1 defaultMinSize=220 token=WCT{android.window.IWindowContainerToken$Stub$Proxy@2782be7} topActivityType=1 pictureInPictureParams=null shouldDockBigOverlays=false launchIntoPipHostTaskId=-1 lastParentTaskIdBeforePip=-1 displayCutoutSafeInsets=null topActivityInfo=null launchCookies=[] positionInParent=Point(0, 0) parentTaskId=-1 isFocused=true isVisible=true isVisibleRequested=true isSleeping=false topActivityInSizeCompat=false topActivityEligibleForLetterboxEducation= false topActivityLetterboxed= false isFromDoubleTap= false topActivityLetterboxVerticalPosition= -1 topActivityLetterboxHorizontalPosition= -1 topActivityLetterboxWidth=-1 topActivityLetterboxHeight=-1 locusId=null displayAreaFeatureId=1 cameraCompatControlState=hidden}, remoteTransition = null, displayChange = null }
I/Zygote  ( 1294): Process 19557 exited due to signal 9 (Killed)
I/WindowManager( 2320): WIN DEATH: Window{a1d0ab8 u0 io.taowen.bx/com.winlator.BionicXActivity}
W/InputManager-JNI( 2320): Input channel object 'a1d0ab8 io.taowen.bx/com.winlator.BionicXActivity (client)' was disposed without first being removed with the input manager!
W/WindowManager( 2320): Failed to deliver inset control state change to w=Window{a1d0ab8 u0 io.taowen.bx/com.winlator.BionicXActivity EXITING}
V/WindowManager( 2320): Sent Transition #20 createdAt=08-14 03:22:50.750 via request=TransitionRequestInfo { type = CLOSE, triggerTask = TaskInfo{userId=0 taskId=1221 displayId=0 isRunning=false baseIntent=Intent { flg=0x10000000 cmp=io.taowen.bx/com.winlator.BionicXActivity } baseActivity=null topActivity=null origActivity=null realActivity=ComponentInfo{io.taowen.bx/com.winlator.BionicXActivity} numActivities=0 lastActiveTime=1187712 supportsMultiWindow=true resizeMode=1 isResizeable=true minWidth=-1 minHeight=-1 defaultMinSize=220 token=WCT{RemoteToken{9e3da22 Task{b8a7be6 #1221 type=standard A=10194:io.taowen.bx}}} topActivityType=1 pictureInPictureParams=null shouldDockBigOverlays=false launchIntoPipHostTaskId=-1 lastParentTaskIdBeforePip=-1 displayCutoutSafeInsets=null topActivityInfo=null launchCookies=[] positionInParent=Point(0, 0) parentTaskId=-1 isFocused=true isVisible=true isVisibleRequested=true isSleeping=false topActivityInSizeCompat=false topActivityEligibleForLetterboxEducation= false topActivityLetterboxed= false isFromDoubleTap= false topActivityLetterboxVerticalPosition= -1 topActivityLetterboxHorizontalPosition= -1 topActivityLetterboxWidth=-1 topActivityLetterboxHeight=-1 locusId=null displayAreaFeatureId=1 cameraCompatControlState=hidden}, remoteTransition = null, displayChange = null }
W/WindowManager( 2320): Failed to deliver inset control state change to w=Window{a1d0ab8 u0 io.taowen.bx/com.winlator.BionicXActivity EXITING}
I/ActivityTaskManager( 2320): START u0 {flg=0x10000000 cmp=io.taowen.bx/com.winlator.BionicXActivity} with LAUNCH_MULTIPLE from uid 2000 (BAL_ALLOW_PERMISSION) result code=0
V/WindowManagerShell( 2661): Transition requested: android.os.BinderProxy@28f682e TransitionRequestInfo { type = OPEN, triggerTask = TaskInfo{userId=0 taskId=1222 displayId=0 isRunning=true baseIntent=Intent { flg=0x10000000 cmp=io.taowen.bx/com.winlator.BionicXActivity } baseActivity=ComponentInfo{io.taowen.bx/com.winlator.BionicXActivity} topActivity=ComponentInfo{io.taowen.bx/com.winlator.BionicXActivity} origActivity=null realActivity=ComponentInfo{io.taowen.bx/com.winlator.BionicXActivity} numActivities=1 lastActiveTime=1199786 supportsMultiWindow=true resizeMode=1 isResizeable=true minWidth=-1 minHeight=-1 defaultMinSize=220 token=WCT{android.window.IWindowContainerToken$Stub$Proxy@a618fcf} topActivityType=1 pictureInPictureParams=null shouldDockBigOverlays=false launchIntoPipHostTaskId=-1 lastParentTaskIdBeforePip=-1 displayCutoutSafeInsets=null topActivityInfo=ActivityInfo{e757d5c com.winlator.BionicXActivity} launchCookies=[] positionInParent=Point(0, 0) parentTaskId=-1 isFocused=false isVisible=false isVisibleRequested=false isSleeping=false topActivityInSizeCompat=false topActivityEligibleForLetterboxEducation= false topActivityLetterboxed= false isFromDoubleTap= false topActivityLetterboxVerticalPosition= -1 topActivityLetterboxHorizontalPosition= -1 topActivityLetterboxWidth=-1 topActivityLetterboxHeight=-1 locusId=null displayAreaFeatureId=1 cameraCompatControlState=hidden}, remoteTransition = null, displayChange = null }
I/ActivityManager( 2320): Start proc 19870:io.taowen.bx/u0a194 for next-top-activity {io.taowen.bx/com.winlator.BionicXActivity}
W/WindowManager( 2320): Failed to deliver inset control state change to w=Window{a1d0ab8 u0 io.taowen.bx/com.winlator.BionicXActivity EXITING}
V/WindowManager( 2320): Sent Transition #21 createdAt=08-14 03:22:51.238 via request=TransitionRequestInfo { type = OPEN, triggerTask = TaskInfo{userId=0 taskId=1222 displayId=0 isRunning=true baseIntent=Intent { flg=0x10000000 cmp=io.taowen.bx/com.winlator.BionicXActivity } baseActivity=ComponentInfo{io.taowen.bx/com.winlator.BionicXActivity} topActivity=ComponentInfo{io.taowen.bx/com.winlator.BionicXActivity} origActivity=null realActivity=ComponentInfo{io.taowen.bx/com.winlator.BionicXActivity} numActivities=1 lastActiveTime=1199786 supportsMultiWindow=true resizeMode=1 isResizeable=true minWidth=-1 minHeight=-1 defaultMinSize=220 token=WCT{RemoteToken{9e65908 Task{229eaec #1222 type=standard A=10194:io.taowen.bx}}} topActivityType=1 pictureInPictureParams=null shouldDockBigOverlays=false launchIntoPipHostTaskId=-1 lastParentTaskIdBeforePip=-1 displayCutoutSafeInsets=null topActivityInfo=ActivityInfo{a6488a1 com.winlator.BionicXActivity} launchCookies=[] positionInParent=Point(0, 0) parentTaskId=-1 isFocused=false isVisible=false isVisibleRequested=false isSleeping=false topActivityInSizeCompat=false topActivityEligibleForLetterboxEducation= false topActivityLetterboxed= false isFromDoubleTap= false topActivityLetterboxVerticalPosition= -1 topActivityLetterboxHorizontalPosition= -1 topActivityLetterboxWidth=-1 topActivityLetterboxHeight=-1 locusId=null displayAreaFeatureId=1 cameraCompatControlState=hidden}, remoteTransition = null, displayChange = null }
W/WindowManager( 2320): Failed to deliver inset control state change to w=Window{a1d0ab8 u0 io.taowen.bx/com.winlator.BionicXActivity EXITING}
W/WindowManager( 2320): Exception thrown during dispatchAppVisibility Window{a1d0ab8 u0 io.taowen.bx/com.winlator.BionicXActivity EXITING}
I/BionicX (19870): profile=wps-presentation display=1920x1080@144 socket=filesystem
I/BionicX (19870): runtime DNS servers=2
I/BionicX (19870): launching WPS Presentation (AArch64): [/data/user/0/io.taowen.bx/files/bin/bionicx-exec, --cwd, /data/user/0/io.taowen.bx/files/rootfs/opt/kingsoft/wps-office/office6, --argv0, wpp, --env, DISPLAY=:0, --env, HOME=/data/user/0/io.taowen.bx/files/homes/wps-presentation, --env, TMPDIR=/data/user/0/io.taowen.bx/files/run/wps-presentation, --env, XDG_RUNTIME_DIR=/data/user/0/io.taowen.bx/files/run/wps-presentation/runtime, --env, GCONV_PATH=/data/user/0/io.taowen.bx/files/rootfs/usr/lib/aarch64-linux-gnu/gconv, --env, LANG=C, --env, QT_QPA_PLATFORM=xcb, --env, QT_X11_NO_MITSHM=1, --env, PATH=/data/user/0/io.taowen.bx/files/rootfs/usr/bin:/data/user/0/io.taowen.bx/files/rootfs/bin:/product/bin:/system/bin, --env, BIONICX_DNS_SERVERS=fe80::1%wlan0,192.168.1.1, --env, BIONICX_ROOTFS=/data/user/0/io.taowen.bx/files/rootfs, --env, BIONICX_APP=/data/user/0/io.taowen.bx/files/apps/wps-presentation, --env, BIONICX_TMPDIR=/data/user/0/io.taowen.bx/cache, --env, FONTCONFIG_PATH=/data/user/0/io.taowen.bx/files/rootfs/etc/fonts, --env, FONTCONFIG_FILE=fonts.conf, --env, FONTCONFIG_SYSROOT=/data/user/0/io.taowen.bx/files/rootfs, --env, LD_PRELOAD=/data/user/0/io.taowen.bx/files/lib/libbionicx-runtime.so, --, /data/user/0/io.taowen.bx/files/rootfs/opt/kingsoft/wps-office/office6/wpp, /data/user/0/io.taowen.bx/files/apps/wps-presentation/fixtures/BionicX-Seed-Slides-20260813.pptx]
D/CoreBackPreview( 2320): Window{a07d94e u0 io.taowen.bx/com.winlator.BionicXActivity}: Setting back callback OnBackInvokedCallbackInfo{mCallback=android.window.IOnBackInvokedCallback$Stub$Proxy@36eeb81, mPriority=0, mIsAnimationCallback=false}
I/BionicX (19870): bionicx-exec: running untraced pid=19903
I/ActivityTaskManager( 2320): Displayed io.taowen.bx/com.winlator.BionicXActivity for user 0: +195ms
I/BionicX (19870): the error = [libproviders.so: cannot open shared object file: No such file or directory]
I/BionicX (19870): /tmp/32294_asso/assocheck.sh: line 18: gvfs-info: command not found
I/BionicX (19870): /tmp/32294_asso/assocheck.sh: line 19: gvfs-mime: command not found
I/BionicX (19870): free(): invalid pointer
I/BionicX (19870): bionicx-exec: session child pid=19945 exited status=0x6
I/BionicX (19870): /tmp/80565_desktop/desktopcheck.sh: line 23: gvfs-info: command not found
I/BionicX (19870): /tmp/80565_desktop/desktopcheck.sh: line 24: gvfs-mime: command not found
I/Zygote  ( 1294): Process 19344 exited due to signal 9 (Killed)
wps-presentation alive=1 bytes=126854 shot=/tmp/grok-goal-3794b08cb732/implementer/wps-presentation.png
profile firefox-esr is valid
bionicx-exec: running untraced pid=20194
bionicx-exec: running untraced pid=20205
bionicx ELF fixups: 2 entries
installed profile firefox-esr for io.taowen.bx
W/ActivityTaskManager( 2320): Force removing ActivityRecord{e33f99f u0 io.taowen.bx/com.winlator.BionicXActivity t1222 f}}: app died, no saved state
V/WindowManagerShell( 2661): Transition requested: android.os.BinderProxy@138de6 TransitionRequestInfo { type = CLOSE, triggerTask = TaskInfo{userId=0 taskId=1222 displayId=0 isRunning=false baseIntent=Intent { flg=0x10000000 cmp=io.taowen.bx/com.winlator.BionicXActivity } baseActivity=null topActivity=null origActivity=null realActivity=ComponentInfo{io.taowen.bx/com.winlator.BionicXActivity} numActivities=0 lastActiveTime=1199822 supportsMultiWindow=true resizeMode=1 isResizeable=true minWidth=-1 minHeight=-1 defaultMinSize=220 token=WCT{android.window.IWindowContainerToken$Stub$Proxy@373af27} topActivityType=1 pictureInPictureParams=null shouldDockBigOverlays=false launchIntoPipHostTaskId=-1 lastParentTaskIdBeforePip=-1 displayCutoutSafeInsets=null topActivityInfo=null launchCookies=[] positionInParent=Point(0, 0) parentTaskId=-1 isFocused=true isVisible=true isVisibleRequested=true isSleeping=false topActivityInSizeCompat=false topActivityEligibleForLetterboxEducation= false topActivityLetterboxed= false isFromDoubleTap= false topActivityLetterboxVerticalPosition= -1 topActivityLetterboxHorizontalPosition= -1 topActivityLetterboxWidth=-1 topActivityLetterboxHeight=-1 locusId=null displayAreaFeatureId=1 cameraCompatControlState=hidden}, remoteTransition = null, displayChange = null }
I/WindowManager( 2320): WIN DEATH: Window{a07d94e u0 io.taowen.bx/com.winlator.BionicXActivity}
W/InputManager-JNI( 2320): Input channel object 'a07d94e io.taowen.bx/com.winlator.BionicXActivity (client)' was disposed without first being removed with the input manager!
I/Zygote  ( 1294): Process 19870 exited due to signal 9 (Killed)
W/WindowManager( 2320): Failed to deliver inset control state change to w=Window{a07d94e u0 io.taowen.bx/com.winlator.BionicXActivity EXITING}
V/WindowManager( 2320): Sent Transition #22 createdAt=08-14 03:23:02.494 via request=TransitionRequestInfo { type = CLOSE, triggerTask = TaskInfo{userId=0 taskId=1222 displayId=0 isRunning=false baseIntent=Intent { flg=0x10000000 cmp=io.taowen.bx/com.winlator.BionicXActivity } baseActivity=null topActivity=null origActivity=null realActivity=ComponentInfo{io.taowen.bx/com.winlator.BionicXActivity} numActivities=0 lastActiveTime=1199822 supportsMultiWindow=true resizeMode=1 isResizeable=true minWidth=-1 minHeight=-1 defaultMinSize=220 token=WCT{RemoteToken{9e65908 Task{229eaec #1222 type=standard A=10194:io.taowen.bx}}} topActivityType=1 pictureInPictureParams=null shouldDockBigOverlays=false launchIntoPipHostTaskId=-1 lastParentTaskIdBeforePip=-1 displayCutoutSafeInsets=null topActivityInfo=null launchCookies=[] positionInParent=Point(0, 0) parentTaskId=-1 isFocused=true isVisible=true isVisibleRequested=true isSleeping=false topActivityInSizeCompat=false topActivityEligibleForLetterboxEducation= false topActivityLetterboxed= false isFromDoubleTap= false topActivityLetterboxVerticalPosition= -1 topActivityLetterboxHorizontalPosition= -1 topActivityLetterboxWidth=-1 topActivityLetterboxHeight=-1 locusId=null displayAreaFeatureId=1 cameraCompatControlState=hidden}, remoteTransition = null, displayChange = null }
W/WindowManager( 2320): Failed to deliver inset control state change to w=Window{a07d94e u0 io.taowen.bx/com.winlator.BionicXActivity EXITING}
I/ActivityTaskManager( 2320): START u0 {flg=0x10000000 cmp=io.taowen.bx/com.winlator.BionicXActivity} with LAUNCH_MULTIPLE from uid 2000 (BAL_ALLOW_PERMISSION) result code=0
V/WindowManagerShell( 2661): Transition requested: android.os.BinderProxy@db486e TransitionRequestInfo { type = OPEN, triggerTask = TaskInfo{userId=0 taskId=1223 displayId=0 isRunning=true baseIntent=Intent { flg=0x10000000 cmp=io.taowen.bx/com.winlator.BionicXActivity } baseActivity=ComponentInfo{io.taowen.bx/com.winlator.BionicXActivity} topActivity=ComponentInfo{io.taowen.bx/com.winlator.BionicXActivity} origActivity=null realActivity=ComponentInfo{io.taowen.bx/com.winlator.BionicXActivity} numActivities=1 lastActiveTime=1211559 supportsMultiWindow=true resizeMode=1 isResizeable=true minWidth=-1 minHeight=-1 defaultMinSize=220 token=WCT{android.window.IWindowContainerToken$Stub$Proxy@838b0f} topActivityType=1 pictureInPictureParams=null shouldDockBigOverlays=false launchIntoPipHostTaskId=-1 lastParentTaskIdBeforePip=-1 displayCutoutSafeInsets=null topActivityInfo=ActivityInfo{8faf79c com.winlator.BionicXActivity} launchCookies=[] positionInParent=Point(0, 0) parentTaskId=-1 isFocused=false isVisible=false isVisibleRequested=false isSleeping=false topActivityInSizeCompat=false topActivityEligibleForLetterboxEducation= false topActivityLetterboxed= false isFromDoubleTap= false topActivityLetterboxVerticalPosition= -1 topActivityLetterboxHorizontalPosition= -1 topActivityLetterboxWidth=-1 topActivityLetterboxHeight=-1 locusId=null displayAreaFeatureId=1 cameraCompatControlState=hidden}, remoteTransition = null, displayChange = null }
I/ActivityManager( 2320): Start proc 20307:io.taowen.bx/u0a194 for next-top-activity {io.taowen.bx/com.winlator.BionicXActivity}
W/WindowManager( 2320): Failed to deliver inset control state change to w=Window{a07d94e u0 io.taowen.bx/com.winlator.BionicXActivity EXITING}
V/WindowManager( 2320): Sent Transition #23 createdAt=08-14 03:23:03.013 via request=TransitionRequestInfo { type = OPEN, triggerTask = TaskInfo{userId=0 taskId=1223 displayId=0 isRunning=true baseIntent=Intent { flg=0x10000000 cmp=io.taowen.bx/com.winlator.BionicXActivity } baseActivity=ComponentInfo{io.taowen.bx/com.winlator.BionicXActivity} topActivity=ComponentInfo{io.taowen.bx/com.winlator.BionicXActivity} origActivity=null realActivity=ComponentInfo{io.taowen.bx/com.winlator.BionicXActivity} numActivities=1 lastActiveTime=1211559 supportsMultiWindow=true resizeMode=1 isResizeable=true minWidth=-1 minHeight=-1 defaultMinSize=220 token=WCT{RemoteToken{6720857 Task{2bc281 #1223 type=standard A=10194:io.taowen.bx}}} topActivityType=1 pictureInPictureParams=null shouldDockBigOverlays=false launchIntoPipHostTaskId=-1 lastParentTaskIdBeforePip=-1 displayCutoutSafeInsets=null topActivityInfo=ActivityInfo{7623f44 com.winlator.BionicXActivity} launchCookies=[] positionInParent=Point(0, 0) parentTaskId=-1 isFocused=false isVisible=false isVisibleRequested=false isSleeping=false topActivityInSizeCompat=false topActivityEligibleForLetterboxEducation= false topActivityLetterboxed= false isFromDoubleTap= false topActivityLetterboxVerticalPosition= -1 topActivityLetterboxHorizontalPosition= -1 topActivityLetterboxWidth=-1 topActivityLetterboxHeight=-1 locusId=null displayAreaFeatureId=1 cameraCompatControlState=hidden}, remoteTransition = null, displayChange = null }
W/WindowManager( 2320): Failed to deliver inset control state change to w=Window{a07d94e u0 io.taowen.bx/com.winlator.BionicXActivity EXITING}
W/WindowManager( 2320): Exception thrown during dispatchAppVisibility Window{a07d94e u0 io.taowen.bx/com.winlator.BionicXActivity EXITING}
I/BionicX (20307): profile=firefox-esr display=1920x1080@144 socket=filesystem
I/BionicX (20307): runtime DNS servers=2
I/BionicX (20307): launching Firefox ESR online (Debian trixie ARM64): [/data/user/0/io.taowen.bx/files/bin/bionicx-exec, --cwd, /data/user/0/io.taowen.bx/files/rootfs/usr/lib/firefox-esr, --env, DISPLAY=:0, --env, HOME=/data/user/0/io.taowen.bx/files/homes/firefox-esr, --env, TMPDIR=/data/user/0/io.taowen.bx/files/run/firefox-esr, --env, XDG_RUNTIME_DIR=/data/user/0/io.taowen.bx/files/run/firefox-esr/runtime, --env, XDG_CONFIG_HOME=/data/user/0/io.taowen.bx/files/homes/firefox-esr/.config, --env, XDG_CACHE_HOME=/data/user/0/io.taowen.bx/files/homes/firefox-esr/.cache, --env, XDG_DATA_HOME=/data/user/0/io.taowen.bx/files/homes/firefox-esr/.local/share, --env, XDG_DATA_DIRS=/data/user/0/io.taowen.bx/files/rootfs/usr/local/share:/data/user/0/io.taowen.bx/files/rootfs/usr/share, --env, GDK_PIXBUF_MODULE_FILE=/data/user/0/io.taowen.bx/files/rootfs/usr/lib/aarch64-linux-gnu/gdk-pixbuf-2.0/2.10.0/loaders.cache, --env, SSL_CERT_FILE=/data/user/0/io.taowen.bx/files/rootfs/etc/ssl/certs/ca-certificates.crt, --env, MOZ_ENABLE_WAYLAND=0, --env, MOZ_DISABLE_CONTENT_SANDBOX=1, --env, MOZ_DISABLE_SOCKET_PROCESS_SANDBOX=1, --env, MOZ_FORCE_DISABLE_E10S=1, --env, MOZILLA_FIVE_HOME=/data/user/0/io.taowen.bx/files/rootfs/usr/lib/firefox-esr, --env, NO_AT_BRIDGE=1, --env, PATH=/data/user/0/io.taowen.bx/files/rootfs/usr/bin:/data/user/0/io.taowen.bx/files/rootfs/bin:/product/bin:/system/bin, --env, LANG=C.UTF-8, --env, BIONICX_DNS_SERVERS=fe80::1%wlan0,192.168.1.1, --env, BIONICX_ROOTFS=/data/user/0/io.taowen.bx/files/rootfs, --env, BIONICX_APP=/data/user/0/io.taowen.bx/files/apps/firefox-esr, --env, LD_LIBRARY_PATH=/data/user/0/io.taowen.bx/files/apps/firefox-esr/lib, --env, BIONICX_TMPDIR=/data/user/0/io.taowen.bx/cache, --env, FONTCONFIG_PATH=/data/user/0/io.taowen.bx/files/rootfs/etc/fonts, --env, FONTCONFIG_FILE=fonts.conf, --env, FONTCONFIG_SYSROOT=/data/user/0/io.taowen.bx/files/rootfs, --env, LD_PRELOAD=/data/user/0/io.taowen.bx/files/lib/libbionicx-runtime.so, --, /data/user/0/io.taowen.bx/files/rootfs/usr/lib/firefox-esr/firefox-esr, --no-remote, --new-instance, --profile, /data/user/0/io.taowen.bx/files/homes/firefox-esr/online, https://example.com/]
D/CoreBackPreview( 2320): Window{270c75b u0 io.taowen.bx/com.winlator.BionicXActivity}: Setting back callback OnBackInvokedCallbackInfo{mCallback=android.window.IOnBackInvokedCallback$Stub$Proxy@a5ac8c2, mPriority=0, mIsAnimationCallback=false}
I/BionicX (20307): bionicx-exec: running untraced pid=20337
I/ActivityTaskManager( 2320): Displayed io.taowen.bx/com.winlator.BionicXActivity for user 0: +195ms
I/BionicX (20307): [GFX1-]: glxtest: ManageChildProcess failed
I/BionicX (20307): 
I/BionicX (20307): [GFX1-]: No GPUs detected via PCI
I/BionicX (20307): 
I/BionicX (20307): [Parent 20337, Main Thread] WARNING: Failed to create DBus proxy for org.a11y.Bus: Failed to execute child process “dbus-launch” (No such file or directory)
I/BionicX (20307): : 'glib warning', file toolkit/xre/nsSigHandlers.cpp:201
I/BionicX (20307): 
I/BionicX (20307): ** (firefox-esr:20337): WARNING **: 19:23:03.721: Failed to create DBus proxy for org.a11y.Bus: Failed to execute child process “dbus-launch” (No such file or directory)
I/BionicX (20307): 
I/BionicX (20307): [20337] Sandbox: Couldn't open video device /dev/video33
I/BionicX (20307): [20337] Sandbox: Couldn't open video device /dev/video32
I/Zygote  ( 1294): Process 19983 exited due to signal 9 (Killed)
I/Zygote  ( 1294): Process 20741 exited due to signal 9 (Killed)
firefox-esr-online alive=1 bytes=69588 shot=/tmp/grok-goal-3794b08cb732/implementer/firefox-esr-online.png
===== 2026-08-14T03:23:47+08:00 krita =====
profile krita is valid
bionicx-exec: running untraced pid=21112
bionicx-exec: running untraced pid=21124
bionicx ELF fixups: 2 entries
installed profile krita for io.taowen.bx
W/ActivityTaskManager( 2320): Force removing ActivityRecord{680ce68 u0 io.taowen.bx/com.winlator.BionicXActivity t1223 f}}: app died, no saved state
V/WindowManagerShell( 2661): Transition requested: android.os.BinderProxy@dc64dfd TransitionRequestInfo { type = CLOSE, triggerTask = TaskInfo{userId=0 taskId=1223 displayId=0 isRunning=false baseIntent=Intent { flg=0x10000000 cmp=io.taowen.bx/com.winlator.BionicXActivity } baseActivity=null topActivity=null origActivity=null realActivity=ComponentInfo{io.taowen.bx/com.winlator.BionicXActivity} numActivities=0 lastActiveTime=1211597 supportsMultiWindow=true resizeMode=1 isResizeable=true minWidth=-1 minHeight=-1 defaultMinSize=220 token=WCT{android.window.IWindowContainerToken$Stub$Proxy@7e07af2} topActivityType=1 pictureInPictureParams=null shouldDockBigOverlays=false launchIntoPipHostTaskId=-1 lastParentTaskIdBeforePip=-1 displayCutoutSafeInsets=null topActivityInfo=null launchCookies=[] positionInParent=Point(0, 0) parentTaskId=-1 isFocused=true isVisible=true isVisibleRequested=true isSleeping=false topActivityInSizeCompat=false topActivityEligibleForLetterboxEducation= false topActivityLetterboxed= false isFromDoubleTap= false topActivityLetterboxVerticalPosition= -1 topActivityLetterboxHorizontalPosition= -1 topActivityLetterboxWidth=-1 topActivityLetterboxHeight=-1 locusId=null displayAreaFeatureId=1 cameraCompatControlState=hidden}, remoteTransition = null, displayChange = null }
W/WindowManager( 2320): Failed to deliver inset control state change to w=Window{270c75b u0 io.taowen.bx/com.winlator.BionicXActivity}
I/WindowManager( 2320): WIN DEATH: Window{270c75b u0 io.taowen.bx/com.winlator.BionicXActivity}
W/InputManager-JNI( 2320): Input channel object '270c75b io.taowen.bx/com.winlator.BionicXActivity (client)' was disposed without first being removed with the input manager!
I/Zygote  ( 1294): Process 20307 exited due to signal 9 (Killed)
V/WindowManager( 2320): Sent Transition #24 createdAt=08-14 03:23:53.492 via request=TransitionRequestInfo { type = CLOSE, triggerTask = TaskInfo{userId=0 taskId=1223 displayId=0 isRunning=false baseIntent=Intent { flg=0x10000000 cmp=io.taowen.bx/com.winlator.BionicXActivity } baseActivity=null topActivity=null origActivity=null realActivity=ComponentInfo{io.taowen.bx/com.winlator.BionicXActivity} numActivities=0 lastActiveTime=1211597 supportsMultiWindow=true resizeMode=1 isResizeable=true minWidth=-1 minHeight=-1 defaultMinSize=220 token=WCT{RemoteToken{6720857 Task{2bc281 #1223 type=standard A=10194:io.taowen.bx}}} topActivityType=1 pictureInPictureParams=null shouldDockBigOverlays=false launchIntoPipHostTaskId=-1 lastParentTaskIdBeforePip=-1 displayCutoutSafeInsets=null topActivityInfo=null launchCookies=[] positionInParent=Point(0, 0) parentTaskId=-1 isFocused=true isVisible=true isVisibleRequested=true isSleeping=false topActivityInSizeCompat=false topActivityEligibleForLetterboxEducation= false topActivityLetterboxed= false isFromDoubleTap= false topActivityLetterboxVerticalPosition= -1 topActivityLetterboxHorizontalPosition= -1 topActivityLetterboxWidth=-1 topActivityLetterboxHeight=-1 locusId=null displayAreaFeatureId=1 cameraCompatControlState=hidden}, remoteTransition = null, displayChange = null }
W/WindowManager( 2320): Failed to deliver inset control state change to w=Window{270c75b u0 io.taowen.bx/com.winlator.BionicXActivity EXITING}
I/ActivityTaskManager( 2320): START u0 {flg=0x10000000 cmp=io.taowen.bx/com.winlator.BionicXActivity} with LAUNCH_MULTIPLE from uid 2000 (BAL_ALLOW_PERMISSION) result code=0
V/WindowManagerShell( 2661): Transition requested: android.os.BinderProxy@1db05fa TransitionRequestInfo { type = OPEN, triggerTask = TaskInfo{userId=0 taskId=1224 displayId=0 isRunning=true baseIntent=Intent { flg=0x10000000 cmp=io.taowen.bx/com.winlator.BionicXActivity } baseActivity=ComponentInfo{io.taowen.bx/com.winlator.BionicXActivity} topActivity=ComponentInfo{io.taowen.bx/com.winlator.BionicXActivity} origActivity=null realActivity=ComponentInfo{io.taowen.bx/com.winlator.BionicXActivity} numActivities=1 lastActiveTime=1262565 supportsMultiWindow=true resizeMode=1 isResizeable=true minWidth=-1 minHeight=-1 defaultMinSize=220 token=WCT{android.window.IWindowContainerToken$Stub$Proxy@f6fe7ab} topActivityType=1 pictureInPictureParams=null shouldDockBigOverlays=false launchIntoPipHostTaskId=-1 lastParentTaskIdBeforePip=-1 displayCutoutSafeInsets=null topActivityInfo=ActivityInfo{47dee08 com.winlator.BionicXActivity} launchCookies=[] positionInParent=Point(0, 0) parentTaskId=-1 isFocused=false isVisible=false isVisibleRequested=false isSleeping=false topActivityInSizeCompat=false topActivityEligibleForLetterboxEducation= false topActivityLetterboxed= false isFromDoubleTap= false topActivityLetterboxVerticalPosition= -1 topActivityLetterboxHorizontalPosition= -1 topActivityLetterboxWidth=-1 topActivityLetterboxHeight=-1 locusId=null displayAreaFeatureId=1 cameraCompatControlState=hidden}, remoteTransition = null, displayChange = null }
W/WindowManager( 2320): Failed to deliver inset control state change to w=Window{270c75b u0 io.taowen.bx/com.winlator.BionicXActivity EXITING}
I/ActivityManager( 2320): Start proc 21227:io.taowen.bx/u0a194 for next-top-activity {io.taowen.bx/com.winlator.BionicXActivity}
V/WindowManager( 2320): Sent Transition #25 createdAt=08-14 03:23:54.017 via request=TransitionRequestInfo { type = OPEN, triggerTask = TaskInfo{userId=0 taskId=1224 displayId=0 isRunning=true baseIntent=Intent { flg=0x10000000 cmp=io.taowen.bx/com.winlator.BionicXActivity } baseActivity=ComponentInfo{io.taowen.bx/com.winlator.BionicXActivity} topActivity=ComponentInfo{io.taowen.bx/com.winlator.BionicXActivity} origActivity=null realActivity=ComponentInfo{io.taowen.bx/com.winlator.BionicXActivity} numActivities=1 lastActiveTime=1262565 supportsMultiWindow=true resizeMode=1 isResizeable=true minWidth=-1 minHeight=-1 defaultMinSize=220 token=WCT{RemoteToken{e70cb22 Task{9501ce6 #1224 type=standard A=10194:io.taowen.bx}}} topActivityType=1 pictureInPictureParams=null shouldDockBigOverlays=false launchIntoPipHostTaskId=-1 lastParentTaskIdBeforePip=-1 displayCutoutSafeInsets=null topActivityInfo=ActivityInfo{23709b3 com.winlator.BionicXActivity} launchCookies=[] positionInParent=Point(0, 0) parentTaskId=-1 isFocused=false isVisible=false isVisibleRequested=false isSleeping=false topActivityInSizeCompat=false topActivityEligibleForLetterboxEducation= false topActivityLetterboxed= false isFromDoubleTap= false topActivityLetterboxVerticalPosition= -1 topActivityLetterboxHorizontalPosition= -1 topActivityLetterboxWidth=-1 topActivityLetterboxHeight=-1 locusId=null displayAreaFeatureId=1 cameraCompatControlState=hidden}, remoteTransition = null, displayChange = null }
W/WindowManager( 2320): Failed to deliver inset control state change to w=Window{270c75b u0 io.taowen.bx/com.winlator.BionicXActivity EXITING}
W/WindowManager( 2320): Exception thrown during dispatchAppVisibility Window{270c75b u0 io.taowen.bx/com.winlator.BionicXActivity EXITING}
I/BionicX (21227): profile=krita display=1920x1080@144 socket=filesystem
I/BionicX (21227): enabled D-Bus session service at /data/user/0/io.taowen.bx/files/run/krita/runtime/bus
I/BionicX (21227): dbus: bionicx-exec: running untraced pid=21257
I/BionicX (21227): runtime DNS servers=2
I/BionicX (21227): launching Krita (Debian trixie ARM64): [/data/user/0/io.taowen.bx/files/bin/bionicx-exec, --cwd, /data/user/0/io.taowen.bx/files/homes/krita, --env, DISPLAY=:0, --env, GLADIO_X11_SOCKET=/data/data/io.taowen.bx/files/rootfs/tmp/.X11-unix/X0, --env, HOME=/data/user/0/io.taowen.bx/files/homes/krita, --env, TMPDIR=/data/user/0/io.taowen.bx/cache, --env, XDG_RUNTIME_DIR=/data/user/0/io.taowen.bx/files/run/krita/runtime, --env, XDG_CONFIG_HOME=/data/user/0/io.taowen.bx/files/homes/krita/.config, --env, XDG_CACHE_HOME=/data/user/0/io.taowen.bx/files/homes/krita/.cache, --env, XDG_DATA_HOME=/data/user/0/io.taowen.bx/files/homes/krita/.local/share, --env, XDG_DATA_DIRS=/data/user/0/io.taowen.bx/files/rootfs/usr/local/share:/data/user/0/io.taowen.bx/files/rootfs/usr/share, --env, QT_QPA_PLATFORM=xcb, --env, QT_PLUGIN_PATH=/data/user/0/io.taowen.bx/files/rootfs/usr/lib/aarch64-linux-gnu/qt5/plugins, --env, QT_XKB_CONFIG_ROOT=/data/user/0/io.taowen.bx/files/rootfs/usr/share/X11/xkb, --env, NO_AT_BRIDGE=1, --env, PATH=/data/user/0/io.taowen.bx/files/rootfs/usr/bin:/data/user/0/io.taowen.bx/files/rootfs/bin:/product/bin:/system/bin, --env, LANG=C.UTF-8, --env, BIONICX_DNS_SERVERS=fe80::1%wlan0,192.168.1.1, --env, BIONICX_ROOTFS=/data/user/0/io.taowen.bx/files/rootfs, --env, BIONICX_APP=/data/user/0/io.taowen.bx/files/apps/krita, --env, LD_LIBRARY_PATH=/data/user/0/io.taowen.bx/files/apps/krita/lib, --env, BIONICX_TMPDIR=/data/user/0/io.taowen.bx/cache, --env, FONTCONFIG_PATH=/data/user/0/io.taowen.bx/files/rootfs/etc/fonts, --env, FONTCONFIG_FILE=fonts.conf, --env, FONTCONFIG_SYSROOT=/data/user/0/io.taowen.bx/files/rootfs, --env, DBUS_SESSION_BUS_ADDRESS=unix:path=/data/user/0/io.taowen.bx/files/run/krita/runtime/bus, --env, LD_PRELOAD=/data/user/0/io.taowen.bx/files/lib/libbionicx-runtime.so, --, /data/user/0/io.taowen.bx/files/rootfs/usr/bin/krita, /data/user/0/io.taowen.bx/files/apps/krita/fixtures/bionicx-image.ppm]
D/CoreBackPreview( 2320): Window{fe71591 u0 io.taowen.bx/com.winlator.BionicXActivity}: Setting back callback OnBackInvokedCallbackInfo{mCallback=android.window.IOnBackInvokedCallback$Stub$Proxy@c33d1d0, mPriority=0, mIsAnimationCallback=false}
I/BionicX (21227): bionicx-exec: running untraced pid=21264
I/ActivityTaskManager( 2320): Displayed io.taowen.bx/com.winlator.BionicXActivity for user 0: +217ms
I/BionicX (21227): Failed to initialize instances shared memory:  "QSharedMemory::attach: unable to lock"
I/BionicX (21227): QObject::startTimer: Timers cannot have negative intervals
I/BionicX (21227): krita.scripting: "Traceback (most recent call last):"
I/BionicX (21227): krita.scripting: "  File \"/data/user/0/io.taowen.bx/files/rootfs/usr/lib/aarch64-linux-gnu/krita-python-libs/krita/__init__.py\", line 11, in <module>"
I/BionicX (21227): krita.scripting: "    from .api import *"
I/BionicX (21227): krita.scripting: "  File \"/data/user/0/io.taowen.bx/files/rootfs/usr/lib/aarch64-linux-gnu/krita-python-libs/krita/api.py\", line 15, in <module>"
I/BionicX (21227): krita.scripting: "    from PyKrita.krita import *"
I/BionicX (21227): krita.scripting: "ModuleNotFoundError: No module named 'PyQt5'"
I/BionicX (21227): krita.scripting: "Could not import krita"
I/BionicX (21227): Warning: requested data for unknown action "path-break-at-selection"
I/BionicX (21227): krita.general: Tried to create OpenGL widget when system doesn't have OpenGL
I/BionicX (21227): 
I/BionicX (21227): QPainter::begin: Paint device returned engine == 0, type: 3
I/BionicX (21227): QPainter::setCompositionMode: Painter not active
I/BionicX (21227): QPainter::begin: Paint device returned engine == 0, type: 3
I/BionicX (21227): QPainter::setCompositionMode: Painter not active
krita alive=1 bytes=366724 shot=/tmp/grok-goal-3794b08cb732/implementer/krita.png
===== 2026-08-14T03:24:03+08:00 qbittorrent =====
profile qbittorrent is valid
bionicx-exec: running untraced pid=21494
bionicx-exec: running untraced pid=21505
bionicx ELF fixups: 2 entries
installed profile qbittorrent for io.taowen.bx
W/ActivityTaskManager( 2320): Force removing ActivityRecord{9d02f41 u0 io.taowen.bx/com.winlator.BionicXActivity t1224 f}}: app died, no saved state
V/WindowManagerShell( 2661): Transition requested: android.os.BinderProxy@46a8df8 TransitionRequestInfo { type = CLOSE, triggerTask = TaskInfo{userId=0 taskId=1224 displayId=0 isRunning=false baseIntent=Intent { flg=0x10000000 cmp=io.taowen.bx/com.winlator.BionicXActivity } baseActivity=null topActivity=null origActivity=null realActivity=ComponentInfo{io.taowen.bx/com.winlator.BionicXActivity} numActivities=0 lastActiveTime=1262602 supportsMultiWindow=true resizeMode=1 isResizeable=true minWidth=-1 minHeight=-1 defaultMinSize=220 token=WCT{android.window.IWindowContainerToken$Stub$Proxy@e7032d1} topActivityType=1 pictureInPictureParams=null shouldDockBigOverlays=false launchIntoPipHostTaskId=-1 lastParentTaskIdBeforePip=-1 displayCutoutSafeInsets=null topActivityInfo=null launchCookies=[] positionInParent=Point(0, 0) parentTaskId=-1 isFocused=true isVisible=true isVisibleRequested=true isSleeping=false topActivityInSizeCompat=false topActivityEligibleForLetterboxEducation= false topActivityLetterboxed= false isFromDoubleTap= false topActivityLetterboxVerticalPosition= -1 topActivityLetterboxHorizontalPosition= -1 topActivityLetterboxWidth=-1 topActivityLetterboxHeight=-1 locusId=null displayAreaFeatureId=1 cameraCompatControlState=hidden}, remoteTransition = null, displayChange = null }
W/WindowManager( 2320): Failed to deliver inset control state change to w=Window{fe71591 u0 io.taowen.bx/com.winlator.BionicXActivity}
I/WindowManager( 2320): WIN DEATH: Window{fe71591 u0 io.taowen.bx/com.winlator.BionicXActivity}
W/InputManager-JNI( 2320): Input channel object 'fe71591 io.taowen.bx/com.winlator.BionicXActivity (client)' was disposed without first being removed with the input manager!
I/Zygote  ( 1294): Process 21227 exited due to signal 9 (Killed)
V/WindowManager( 2320): Sent Transition #26 createdAt=08-14 03:24:10.047 via request=TransitionRequestInfo { type = CLOSE, triggerTask = TaskInfo{userId=0 taskId=1224 displayId=0 isRunning=false baseIntent=Intent { flg=0x10000000 cmp=io.taowen.bx/com.winlator.BionicXActivity } baseActivity=null topActivity=null origActivity=null realActivity=ComponentInfo{io.taowen.bx/com.winlator.BionicXActivity} numActivities=0 lastActiveTime=1262602 supportsMultiWindow=true resizeMode=1 isResizeable=true minWidth=-1 minHeight=-1 defaultMinSize=220 token=WCT{RemoteToken{e70cb22 Task{9501ce6 #1224 type=standard A=10194:io.taowen.bx}}} topActivityType=1 pictureInPictureParams=null shouldDockBigOverlays=false launchIntoPipHostTaskId=-1 lastParentTaskIdBeforePip=-1 displayCutoutSafeInsets=null topActivityInfo=null launchCookies=[] positionInParent=Point(0, 0) parentTaskId=-1 isFocused=true isVisible=true isVisibleRequested=true isSleeping=false topActivityInSizeCompat=false topActivityEligibleForLetterboxEducation= false topActivityLetterboxed= false isFromDoubleTap= false topActivityLetterboxVerticalPosition= -1 topActivityLetterboxHorizontalPosition= -1 topActivityLetterboxWidth=-1 topActivityLetterboxHeight=-1 locusId=null displayAreaFeatureId=1 cameraCompatControlState=hidden}, remoteTransition = null, displayChange = null }
W/WindowManager( 2320): Failed to deliver inset control state change to w=Window{fe71591 u0 io.taowen.bx/com.winlator.BionicXActivity EXITING}
I/ActivityTaskManager( 2320): START u0 {flg=0x10000000 cmp=io.taowen.bx/com.winlator.BionicXActivity} with LAUNCH_MULTIPLE from uid 2000 (BAL_ALLOW_PERMISSION) result code=0
V/WindowManagerShell( 2661): Transition requested: android.os.BinderProxy@1222879 TransitionRequestInfo { type = OPEN, triggerTask = TaskInfo{userId=0 taskId=1225 displayId=0 isRunning=true baseIntent=Intent { flg=0x10000000 cmp=io.taowen.bx/com.winlator.BionicXActivity } baseActivity=ComponentInfo{io.taowen.bx/com.winlator.BionicXActivity} topActivity=ComponentInfo{io.taowen.bx/com.winlator.BionicXActivity} origActivity=null realActivity=ComponentInfo{io.taowen.bx/com.winlator.BionicXActivity} numActivities=1 lastActiveTime=1279123 supportsMultiWindow=true resizeMode=1 isResizeable=true minWidth=-1 minHeight=-1 defaultMinSize=220 token=WCT{android.window.IWindowContainerToken$Stub$Proxy@a7649be} topActivityType=1 pictureInPictureParams=null shouldDockBigOverlays=false launchIntoPipHostTaskId=-1 lastParentTaskIdBeforePip=-1 displayCutoutSafeInsets=null topActivityInfo=ActivityInfo{5c97a1f com.winlator.BionicXActivity} launchCookies=[] positionInParent=Point(0, 0) parentTaskId=-1 isFocused=false isVisible=false isVisibleRequested=false isSleeping=false topActivityInSizeCompat=false topActivityEligibleForLetterboxEducation= false topActivityLetterboxed= false isFromDoubleTap= false topActivityLetterboxVerticalPosition= -1 topActivityLetterboxHorizontalPosition= -1 topActivityLetterboxWidth=-1 topActivityLetterboxHeight=-1 locusId=null displayAreaFeatureId=1 cameraCompatControlState=hidden}, remoteTransition = null, displayChange = null }
W/WindowManager( 2320): Failed to deliver inset control state change to w=Window{fe71591 u0 io.taowen.bx/com.winlator.BionicXActivity EXITING}
V/WindowManager( 2320): Sent Transition #27 createdAt=08-14 03:24:10.574 via request=TransitionRequestInfo { type = OPEN, triggerTask = TaskInfo{userId=0 taskId=1225 displayId=0 isRunning=true baseIntent=Intent { flg=0x10000000 cmp=io.taowen.bx/com.winlator.BionicXActivity } baseActivity=ComponentInfo{io.taowen.bx/com.winlator.BionicXActivity} topActivity=ComponentInfo{io.taowen.bx/com.winlator.BionicXActivity} origActivity=null realActivity=ComponentInfo{io.taowen.bx/com.winlator.BionicXActivity} numActivities=1 lastActiveTime=1279123 supportsMultiWindow=true resizeMode=1 isResizeable=true minWidth=-1 minHeight=-1 defaultMinSize=220 token=WCT{RemoteToken{88f86b4 Task{84d82d8 #1225 type=standard A=10194:io.taowen.bx}}} topActivityType=1 pictureInPictureParams=null shouldDockBigOverlays=false launchIntoPipHostTaskId=-1 lastParentTaskIdBeforePip=-1 displayCutoutSafeInsets=null topActivityInfo=ActivityInfo{35f62dd com.winlator.BionicXActivity} launchCookies=[] positionInParent=Point(0, 0) parentTaskId=-1 isFocused=false isVisible=false isVisibleRequested=false isSleeping=false topActivityInSizeCompat=false topActivityEligibleForLetterboxEducation= false topActivityLetterboxed= false isFromDoubleTap= false topActivityLetterboxVerticalPosition= -1 topActivityLetterboxHorizontalPosition= -1 topActivityLetterboxWidth=-1 topActivityLetterboxHeight=-1 locusId=null displayAreaFeatureId=1 cameraCompatControlState=hidden}, remoteTransition = null, displayChange = null }
W/WindowManager( 2320): Failed to deliver inset control state change to w=Window{fe71591 u0 io.taowen.bx/com.winlator.BionicXActivity EXITING}
I/ActivityManager( 2320): Start proc 21595:io.taowen.bx/u0a194 for next-top-activity {io.taowen.bx/com.winlator.BionicXActivity}
W/WindowManager( 2320): Exception thrown during dispatchAppVisibility Window{fe71591 u0 io.taowen.bx/com.winlator.BionicXActivity EXITING}
I/BionicX (21595): profile=qbittorrent display=1920x1080@144 socket=filesystem
I/BionicX (21595): enabled D-Bus session service at /data/user/0/io.taowen.bx/files/run/qbittorrent/runtime/bus
I/BionicX (21595): dbus: bionicx-exec: running untraced pid=21623
I/BionicX (21595): runtime DNS servers=2
I/BionicX (21595): launching qBittorrent (Debian trixie ARM64): [/data/user/0/io.taowen.bx/files/bin/bionicx-exec, --cwd, /data/user/0/io.taowen.bx/files/homes/qbittorrent, --env, DISPLAY=:0, --env, HOME=/data/user/0/io.taowen.bx/files/homes/qbittorrent, --env, TMPDIR=/data/user/0/io.taowen.bx/cache, --env, XDG_RUNTIME_DIR=/data/user/0/io.taowen.bx/files/run/qbittorrent/runtime, --env, XDG_CONFIG_HOME=/data/user/0/io.taowen.bx/files/homes/qbittorrent/.config, --env, XDG_CACHE_HOME=/data/user/0/io.taowen.bx/files/homes/qbittorrent/.cache, --env, XDG_DATA_HOME=/data/user/0/io.taowen.bx/files/homes/qbittorrent/.local/share, --env, XDG_DATA_DIRS=/data/user/0/io.taowen.bx/files/rootfs/usr/local/share:/data/user/0/io.taowen.bx/files/rootfs/usr/share, --env, QT_QPA_PLATFORM=xcb, --env, QT_PLUGIN_PATH=/data/user/0/io.taowen.bx/files/rootfs/usr/lib/aarch64-linux-gnu/qt6/plugins, --env, QT_XKB_CONFIG_ROOT=/data/user/0/io.taowen.bx/files/rootfs/usr/share/X11/xkb, --env, NO_AT_BRIDGE=1, --env, PATH=/data/user/0/io.taowen.bx/files/rootfs/usr/bin:/data/user/0/io.taowen.bx/files/rootfs/bin:/product/bin:/system/bin, --env, LANG=C.UTF-8, --env, BIONICX_DNS_SERVERS=fe80::1%wlan0,192.168.1.1, --env, BIONICX_ROOTFS=/data/user/0/io.taowen.bx/files/rootfs, --env, BIONICX_APP=/data/user/0/io.taowen.bx/files/apps/qbittorrent, --env, LD_LIBRARY_PATH=/data/user/0/io.taowen.bx/files/apps/qbittorrent/lib, --env, BIONICX_TMPDIR=/data/user/0/io.taowen.bx/cache, --env, FONTCONFIG_PATH=/data/user/0/io.taowen.bx/files/rootfs/etc/fonts, --env, FONTCONFIG_FILE=fonts.conf, --env, FONTCONFIG_SYSROOT=/data/user/0/io.taowen.bx/files/rootfs, --env, DBUS_SESSION_BUS_ADDRESS=unix:path=/data/user/0/io.taowen.bx/files/run/qbittorrent/runtime/bus, --env, LD_PRELOAD=/data/user/0/io.taowen.bx/files/lib/libbionicx-runtime.so, --, /data/user/0/io.taowen.bx/files/rootfs/usr/bin/qbittorrent, /data/user/0/io.taowen.bx/files/apps/qbittorrent/fixtures/bionicx-webseed.torrent]
D/CoreBackPreview( 2320): Window{9d97081 u0 io.taowen.bx/com.winlator.BionicXActivity}: Setting back callback OnBackInvokedCallbackInfo{mCallback=android.window.IOnBackInvokedCallback$Stub$Proxy@51b6880, mPriority=0, mIsAnimationCallback=false}
I/BionicX (21595): bionicx-exec: running untraced pid=21630
I/ActivityTaskManager( 2320): Displayed io.taowen.bx/com.winlator.BionicXActivity for user 0: +217ms
I/Zygote  ( 1294): Process 21157 exited due to signal 9 (Killed)
qbittorrent alive=1 bytes=104276 shot=/tmp/grok-goal-3794b08cb732/implementer/qbittorrent.png
===== 2026-08-14T03:24:16+08:00 keepassxc =====
profile keepassxc is valid
bionicx-exec: running untraced pid=21851
bionicx-exec: running untraced pid=21862
bionicx ELF fixups: 2 entries
installed profile keepassxc for io.taowen.bx
W/ActivityTaskManager( 2320): Force removing ActivityRecord{8408dbb u0 io.taowen.bx/com.winlator.BionicXActivity t1225 f}}: app died, no saved state
V/WindowManagerShell( 2661): Transition requested: android.os.BinderProxy@4e8e3f7 TransitionRequestInfo { type = CLOSE, triggerTask = TaskInfo{userId=0 taskId=1225 displayId=0 isRunning=false baseIntent=Intent { flg=0x10000000 cmp=io.taowen.bx/com.winlator.BionicXActivity } baseActivity=null topActivity=null origActivity=null realActivity=ComponentInfo{io.taowen.bx/com.winlator.BionicXActivity} numActivities=0 lastActiveTime=1279159 supportsMultiWindow=true resizeMode=1 isResizeable=true minWidth=-1 minHeight=-1 defaultMinSize=220 token=WCT{android.window.IWindowContainerToken$Stub$Proxy@4a88264} topActivityType=1 pictureInPictureParams=null shouldDockBigOverlays=false launchIntoPipHostTaskId=-1 lastParentTaskIdBeforePip=-1 displayCutoutSafeInsets=null topActivityInfo=null launchCookies=[] positionInParent=Point(0, 0) parentTaskId=-1 isFocused=true isVisible=true isVisibleRequested=true isSleeping=false topActivityInSizeCompat=false topActivityEligibleForLetterboxEducation= false topActivityLetterboxed= false isFromDoubleTap= false topActivityLetterboxVerticalPosition= -1 topActivityLetterboxHorizontalPosition= -1 topActivityLetterboxWidth=-1 topActivityLetterboxHeight=-1 locusId=null displayAreaFeatureId=1 cameraCompatControlState=hidden}, remoteTransition = null, displayChange = null }
I/Zygote  ( 1294): Process 21595 exited due to signal 9 (Killed)
I/WindowManager( 2320): WIN DEATH: Window{9d97081 u0 io.taowen.bx/com.winlator.BionicXActivity}
W/InputManager-JNI( 2320): Input channel object '9d97081 io.taowen.bx/com.winlator.BionicXActivity (client)' was disposed without first being removed with the input manager!
W/WindowManager( 2320): Failed to deliver inset control state change to w=Window{9d97081 u0 io.taowen.bx/com.winlator.BionicXActivity EXITING}
V/WindowManager( 2320): Sent Transition #28 createdAt=08-14 03:24:22.995 via request=TransitionRequestInfo { type = CLOSE, triggerTask = TaskInfo{userId=0 taskId=1225 displayId=0 isRunning=false baseIntent=Intent { flg=0x10000000 cmp=io.taowen.bx/com.winlator.BionicXActivity } baseActivity=null topActivity=null origActivity=null realActivity=ComponentInfo{io.taowen.bx/com.winlator.BionicXActivity} numActivities=0 lastActiveTime=1279159 supportsMultiWindow=true resizeMode=1 isResizeable=true minWidth=-1 minHeight=-1 defaultMinSize=220 token=WCT{RemoteToken{88f86b4 Task{84d82d8 #1225 type=standard A=10194:io.taowen.bx}}} topActivityType=1 pictureInPictureParams=null shouldDockBigOverlays=false launchIntoPipHostTaskId=-1 lastParentTaskIdBeforePip=-1 displayCutoutSafeInsets=null topActivityInfo=null launchCookies=[] positionInParent=Point(0, 0) parentTaskId=-1 isFocused=true isVisible=true isVisibleRequested=true isSleeping=false topActivityInSizeCompat=false topActivityEligibleForLetterboxEducation= false topActivityLetterboxed= false isFromDoubleTap= false topActivityLetterboxVerticalPosition= -1 topActivityLetterboxHorizontalPosition= -1 topActivityLetterboxWidth=-1 topActivityLetterboxHeight=-1 locusId=null displayAreaFeatureId=1 cameraCompatControlState=hidden}, remoteTransition = null, displayChange = null }
W/WindowManager( 2320): Failed to deliver inset control state change to w=Window{9d97081 u0 io.taowen.bx/com.winlator.BionicXActivity EXITING}
I/ActivityTaskManager( 2320): START u0 {flg=0x10000000 cmp=io.taowen.bx/com.winlator.BionicXActivity} with LAUNCH_MULTIPLE from uid 2000 (BAL_ALLOW_PERMISSION) result code=0
V/WindowManagerShell( 2661): Transition requested: android.os.BinderProxy@8639a2c TransitionRequestInfo { type = OPEN, triggerTask = TaskInfo{userId=0 taskId=1226 displayId=0 isRunning=true baseIntent=Intent { flg=0x10000000 cmp=io.taowen.bx/com.winlator.BionicXActivity } baseActivity=ComponentInfo{io.taowen.bx/com.winlator.BionicXActivity} topActivity=ComponentInfo{io.taowen.bx/com.winlator.BionicXActivity} origActivity=null realActivity=ComponentInfo{io.taowen.bx/com.winlator.BionicXActivity} numActivities=1 lastActiveTime=1292026 supportsMultiWindow=true resizeMode=1 isResizeable=true minWidth=-1 minHeight=-1 defaultMinSize=220 token=WCT{android.window.IWindowContainerToken$Stub$Proxy@56a3cf5} topActivityType=1 pictureInPictureParams=null shouldDockBigOverlays=false launchIntoPipHostTaskId=-1 lastParentTaskIdBeforePip=-1 displayCutoutSafeInsets=null topActivityInfo=ActivityInfo{74cca8a com.winlator.BionicXActivity} launchCookies=[] positionInParent=Point(0, 0) parentTaskId=-1 isFocused=false isVisible=false isVisibleRequested=false isSleeping=false topActivityInSizeCompat=false topActivityEligibleForLetterboxEducation= false topActivityLetterboxed= false isFromDoubleTap= false topActivityLetterboxVerticalPosition= -1 topActivityLetterboxHorizontalPosition= -1 topActivityLetterboxWidth=-1 topActivityLetterboxHeight=-1 locusId=null displayAreaFeatureId=1 cameraCompatControlState=hidden}, remoteTransition = null, displayChange = null }
I/ActivityManager( 2320): Start proc 21958:io.taowen.bx/u0a194 for next-top-activity {io.taowen.bx/com.winlator.BionicXActivity}
V/WindowManager( 2320): Sent Transition #29 createdAt=08-14 03:24:23.480 via request=TransitionRequestInfo { type = OPEN, triggerTask = TaskInfo{userId=0 taskId=1226 displayId=0 isRunning=true baseIntent=Intent { flg=0x10000000 cmp=io.taowen.bx/com.winlator.BionicXActivity } baseActivity=ComponentInfo{io.taowen.bx/com.winlator.BionicXActivity} topActivity=ComponentInfo{io.taowen.bx/com.winlator.BionicXActivity} origActivity=null realActivity=ComponentInfo{io.taowen.bx/com.winlator.BionicXActivity} numActivities=1 lastActiveTime=1292026 supportsMultiWindow=true resizeMode=1 isResizeable=true minWidth=-1 minHeight=-1 defaultMinSize=220 token=WCT{RemoteToken{85d96c6 Task{2408cbb #1226 type=standard A=10194:io.taowen.bx}}} topActivityType=1 pictureInPictureParams=null shouldDockBigOverlays=false launchIntoPipHostTaskId=-1 lastParentTaskIdBeforePip=-1 displayCutoutSafeInsets=null topActivityInfo=ActivityInfo{6edb687 com.winlator.BionicXActivity} launchCookies=[] positionInParent=Point(0, 0) parentTaskId=-1 isFocused=false isVisible=false isVisibleRequested=false isSleeping=false topActivityInSizeCompat=false topActivityEligibleForLetterboxEducation= false topActivityLetterboxed= false isFromDoubleTap= false topActivityLetterboxVerticalPosition= -1 topActivityLetterboxHorizontalPosition= -1 topActivityLetterboxWidth=-1 topActivityLetterboxHeight=-1 locusId=null displayAreaFeatureId=1 cameraCompatControlState=hidden}, remoteTransition = null, displayChange = null }
W/WindowManager( 2320): Failed to deliver inset control state change to w=Window{9d97081 u0 io.taowen.bx/com.winlator.BionicXActivity EXITING}
W/WindowManager( 2320): Failed to deliver inset control state change to w=Window{9d97081 u0 io.taowen.bx/com.winlator.BionicXActivity EXITING}
W/WindowManager( 2320): Exception thrown during dispatchAppVisibility Window{9d97081 u0 io.taowen.bx/com.winlator.BionicXActivity EXITING}
I/BionicX (21958): profile=keepassxc display=1920x1080@144 socket=filesystem
I/BionicX (21958): enabled D-Bus session service at /data/user/0/io.taowen.bx/files/run/keepassxc/runtime/bus
I/BionicX (21958): dbus: bionicx-exec: running untraced pid=21986
I/BionicX (21958): runtime DNS servers=2
I/BionicX (21958): launching KeePassXC (Debian trixie ARM64): [/data/user/0/io.taowen.bx/files/bin/bionicx-exec, --cwd, /data/user/0/io.taowen.bx/files/homes/keepassxc, --env, DISPLAY=:0, --env, GLADIO_X11_SOCKET=/data/data/io.taowen.bx/files/rootfs/tmp/.X11-unix/X0, --env, HOME=/data/user/0/io.taowen.bx/files/homes/keepassxc, --env, TMPDIR=/data/user/0/io.taowen.bx/cache, --env, XDG_RUNTIME_DIR=/data/user/0/io.taowen.bx/files/run/keepassxc/runtime, --env, XDG_CONFIG_HOME=/data/user/0/io.taowen.bx/files/homes/keepassxc/.config, --env, XDG_CACHE_HOME=/data/user/0/io.taowen.bx/files/homes/keepassxc/.cache, --env, XDG_DATA_HOME=/data/user/0/io.taowen.bx/files/homes/keepassxc/.local/share, --env, XDG_DATA_DIRS=/data/user/0/io.taowen.bx/files/rootfs/usr/local/share:/data/user/0/io.taowen.bx/files/rootfs/usr/share, --env, QT_QPA_PLATFORM=xcb, --env, QT_PLUGIN_PATH=/data/user/0/io.taowen.bx/files/rootfs/usr/lib/aarch64-linux-gnu/qt5/plugins, --env, QT_XKB_CONFIG_ROOT=/data/user/0/io.taowen.bx/files/rootfs/usr/share/X11/xkb, --env, NO_AT_BRIDGE=1, --env, PATH=/data/user/0/io.taowen.bx/files/rootfs/usr/bin:/data/user/0/io.taowen.bx/files/rootfs/bin:/product/bin:/system/bin, --env, LANG=C.UTF-8, --env, BIONICX_DNS_SERVERS=fe80::1%wlan0,192.168.1.1, --env, BIONICX_ROOTFS=/data/user/0/io.taowen.bx/files/rootfs, --env, BIONICX_APP=/data/user/0/io.taowen.bx/files/apps/keepassxc, --env, LD_LIBRARY_PATH=/data/user/0/io.taowen.bx/files/apps/keepassxc/lib, --env, BIONICX_TMPDIR=/data/user/0/io.taowen.bx/cache, --env, FONTCONFIG_PATH=/data/user/0/io.taowen.bx/files/rootfs/etc/fonts, --env, FONTCONFIG_FILE=fonts.conf, --env, FONTCONFIG_SYSROOT=/data/user/0/io.taowen.bx/files/rootfs, --env, DBUS_SESSION_BUS_ADDRESS=unix:path=/data/user/0/io.taowen.bx/files/run/keepassxc/runtime/bus, --env, LD_PRELOAD=/data/user/0/io.taowen.bx/files/lib/libbionicx-runtime.so, --, /data/user/0/io.taowen.bx/files/rootfs/bin/sh, /data/user/0/io.taowen.bx/files/apps/keepassxc/bin/keepassxc-deferred-open, --keyfile, /data/user/0/io.taowen.bx/files/apps/keepassxc/fixtures/bionicx.key, /data/user/0/io.taowen.bx/files/apps/keepassxc/fixtures/bionicx.kdbx]
I/BionicX (21958): bionicx-exec: running untraced pid=21993
D/CoreBackPreview( 2320): Window{659b005 u0 io.taowen.bx/com.winlator.BionicXActivity}: Setting back callback OnBackInvokedCallbackInfo{mCallback=android.window.IOnBackInvokedCallback$Stub$Proxy@a887214, mPriority=0, mIsAnimationCallback=false}
I/ActivityTaskManager( 2320): Displayed io.taowen.bx/com.winlator.BionicXActivity for user 0: +210ms
keepassxc alive=1 bytes=63304 shot=/tmp/grok-goal-3794b08cb732/implementer/keepassxc.png
===== 2026-08-14T03:24:28+08:00 xterm =====
profile xterm is valid
installed profile xterm for io.taowen.bx
W/ActivityTaskManager( 2320): Force removing ActivityRecord{e41d54a u0 io.taowen.bx/com.winlator.BionicXActivity t1226 f}}: app died, no saved state
V/WindowManagerShell( 2661): Transition requested: android.os.BinderProxy@fdb842 TransitionRequestInfo { type = CLOSE, triggerTask = TaskInfo{userId=0 taskId=1226 displayId=0 isRunning=false baseIntent=Intent { flg=0x10000000 cmp=io.taowen.bx/com.winlator.BionicXActivity } baseActivity=null topActivity=null origActivity=null realActivity=ComponentInfo{io.taowen.bx/com.winlator.BionicXActivity} numActivities=0 lastActiveTime=1292059 supportsMultiWindow=true resizeMode=1 isResizeable=true minWidth=-1 minHeight=-1 defaultMinSize=220 token=WCT{android.window.IWindowContainerToken$Stub$Proxy@f37c053} topActivityType=1 pictureInPictureParams=null shouldDockBigOverlays=false launchIntoPipHostTaskId=-1 lastParentTaskIdBeforePip=-1 displayCutoutSafeInsets=null topActivityInfo=null launchCookies=[] positionInParent=Point(0, 0) parentTaskId=-1 isFocused=true isVisible=true isVisibleRequested=true isSleeping=false topActivityInSizeCompat=false topActivityEligibleForLetterboxEducation= false topActivityLetterboxed= false isFromDoubleTap= false topActivityLetterboxVerticalPosition= -1 topActivityLetterboxHorizontalPosition= -1 topActivityLetterboxWidth=-1 topActivityLetterboxHeight=-1 locusId=null displayAreaFeatureId=1 cameraCompatControlState=hidden}, remoteTransition = null, displayChange = null }
I/Zygote  ( 1294): Process 21958 exited due to signal 9 (Killed)
I/WindowManager( 2320): WIN DEATH: Window{659b005 u0 io.taowen.bx/com.winlator.BionicXActivity}
W/InputManager-JNI( 2320): Input channel object '659b005 io.taowen.bx/com.winlator.BionicXActivity (client)' was disposed without first being removed with the input manager!
W/WindowManager( 2320): Failed to deliver inset control state change to w=Window{659b005 u0 io.taowen.bx/com.winlator.BionicXActivity EXITING}
V/WindowManager( 2320): Sent Transition #30 createdAt=08-14 03:24:33.467 via request=TransitionRequestInfo { type = CLOSE, triggerTask = TaskInfo{userId=0 taskId=1226 displayId=0 isRunning=false baseIntent=Intent { flg=0x10000000 cmp=io.taowen.bx/com.winlator.BionicXActivity } baseActivity=null topActivity=null origActivity=null realActivity=ComponentInfo{io.taowen.bx/com.winlator.BionicXActivity} numActivities=0 lastActiveTime=1292059 supportsMultiWindow=true resizeMode=1 isResizeable=true minWidth=-1 minHeight=-1 defaultMinSize=220 token=WCT{RemoteToken{85d96c6 Task{2408cbb #1226 type=standard A=10194:io.taowen.bx}}} topActivityType=1 pictureInPictureParams=null shouldDockBigOverlays=false launchIntoPipHostTaskId=-1 lastParentTaskIdBeforePip=-1 displayCutoutSafeInsets=null topActivityInfo=null launchCookies=[] positionInParent=Point(0, 0) parentTaskId=-1 isFocused=true isVisible=true isVisibleRequested=true isSleeping=false topActivityInSizeCompat=false topActivityEligibleForLetterboxEducation= false topActivityLetterboxed= false isFromDoubleTap= false topActivityLetterboxVerticalPosition= -1 topActivityLetterboxHorizontalPosition= -1 topActivityLetterboxWidth=-1 topActivityLetterboxHeight=-1 locusId=null displayAreaFeatureId=1 cameraCompatControlState=hidden}, remoteTransition = null, displayChange = null }
W/WindowManager( 2320): Failed to deliver inset control state change to w=Window{659b005 u0 io.taowen.bx/com.winlator.BionicXActivity EXITING}
I/ActivityTaskManager( 2320): START u0 {flg=0x10000000 cmp=io.taowen.bx/com.winlator.BionicXActivity} with LAUNCH_MULTIPLE from uid 2000 (BAL_ALLOW_PERMISSION) result code=0
V/WindowManagerShell( 2661): Transition requested: android.os.BinderProxy@2f918bb TransitionRequestInfo { type = OPEN, triggerTask = TaskInfo{userId=0 taskId=1227 displayId=0 isRunning=true baseIntent=Intent { flg=0x10000000 cmp=io.taowen.bx/com.winlator.BionicXActivity } baseActivity=ComponentInfo{io.taowen.bx/com.winlator.BionicXActivity} topActivity=ComponentInfo{io.taowen.bx/com.winlator.BionicXActivity} origActivity=null realActivity=ComponentInfo{io.taowen.bx/com.winlator.BionicXActivity} numActivities=1 lastActiveTime=1302515 supportsMultiWindow=true resizeMode=1 isResizeable=true minWidth=-1 minHeight=-1 defaultMinSize=220 token=WCT{android.window.IWindowContainerToken$Stub$Proxy@53ab1d8} topActivityType=1 pictureInPictureParams=null shouldDockBigOverlays=false launchIntoPipHostTaskId=-1 lastParentTaskIdBeforePip=-1 displayCutoutSafeInsets=null topActivityInfo=ActivityInfo{13db931 com.winlator.BionicXActivity} launchCookies=[] positionInParent=Point(0, 0) parentTaskId=-1 isFocused=false isVisible=false isVisibleRequested=false isSleeping=false topActivityInSizeCompat=false topActivityEligibleForLetterboxEducation= false topActivityLetterboxed= false isFromDoubleTap= false topActivityLetterboxVerticalPosition= -1 topActivityLetterboxHorizontalPosition= -1 topActivityLetterboxWidth=-1 topActivityLetterboxHeight=-1 locusId=null displayAreaFeatureId=1 cameraCompatControlState=hidden}, remoteTransition = null, displayChange = null }
W/WindowManager( 2320): Failed to deliver inset control state change to w=Window{659b005 u0 io.taowen.bx/com.winlator.BionicXActivity EXITING}
I/ActivityManager( 2320): Start proc 22159:io.taowen.bx/u0a194 for next-top-activity {io.taowen.bx/com.winlator.BionicXActivity}
V/WindowManager( 2320): Sent Transition #31 createdAt=08-14 03:24:33.969 via request=TransitionRequestInfo { type = OPEN, triggerTask = TaskInfo{userId=0 taskId=1227 displayId=0 isRunning=true baseIntent=Intent { flg=0x10000000 cmp=io.taowen.bx/com.winlator.BionicXActivity } baseActivity=ComponentInfo{io.taowen.bx/com.winlator.BionicXActivity} topActivity=ComponentInfo{io.taowen.bx/com.winlator.BionicXActivity} origActivity=null realActivity=ComponentInfo{io.taowen.bx/com.winlator.BionicXActivity} numActivities=1 lastActiveTime=1302515 supportsMultiWindow=true resizeMode=1 isResizeable=true minWidth=-1 minHeight=-1 defaultMinSize=220 token=WCT{RemoteToken{dd92418 Task{38180fc #1227 type=standard A=10194:io.taowen.bx}}} topActivityType=1 pictureInPictureParams=null shouldDockBigOverlays=false launchIntoPipHostTaskId=-1 lastParentTaskIdBeforePip=-1 displayCutoutSafeInsets=null topActivityInfo=ActivityInfo{103de71 com.winlator.BionicXActivity} launchCookies=[] positionInParent=Point(0, 0) parentTaskId=-1 isFocused=false isVisible=false isVisibleRequested=false isSleeping=false topActivityInSizeCompat=false topActivityEligibleForLetterboxEducation= false topActivityLetterboxed= false isFromDoubleTap= false topActivityLetterboxVerticalPosition= -1 topActivityLetterboxHorizontalPosition= -1 topActivityLetterboxWidth=-1 topActivityLetterboxHeight=-1 locusId=null displayAreaFeatureId=1 cameraCompatControlState=hidden}, remoteTransition = null, displayChange = null }
W/WindowManager( 2320): Failed to deliver inset control state change to w=Window{659b005 u0 io.taowen.bx/com.winlator.BionicXActivity EXITING}
W/WindowManager( 2320): Exception thrown during dispatchAppVisibility Window{659b005 u0 io.taowen.bx/com.winlator.BionicXActivity EXITING}
I/BionicX (22159): profile=xterm display=1920x1080@144 socket=filesystem
I/BionicX (22159): runtime DNS servers=2
I/BionicX (22159): launching XTerm (Debian trixie ARM64): [/data/user/0/io.taowen.bx/files/bin/bionicx-exec, --cwd, /data/user/0/io.taowen.bx/files/homes/xterm, --env, DISPLAY=:0, --env, HOME=/data/user/0/io.taowen.bx/files/homes/xterm, --env, TMPDIR=/data/user/0/io.taowen.bx/files/run/xterm, --env, XDG_RUNTIME_DIR=/data/user/0/io.taowen.bx/files/run/xterm/runtime, --env, SHELL=/data/user/0/io.taowen.bx/files/rootfs/usr/bin/bash, --env, TERM=xterm-256color, --env, PATH=/data/user/0/io.taowen.bx/files/rootfs/usr/bin:/data/user/0/io.taowen.bx/files/rootfs/bin:/product/bin:/system/bin, --env, LANG=C.UTF-8, --env, BIONICX_DNS_SERVERS=fe80::1%wlan0,192.168.1.1, --env, BIONICX_ROOTFS=/data/user/0/io.taowen.bx/files/rootfs, --env, BIONICX_APP=/data/user/0/io.taowen.bx/files/apps/xterm, --env, BIONICX_TMPDIR=/data/user/0/io.taowen.bx/cache, --env, FONTCONFIG_PATH=/data/user/0/io.taowen.bx/files/rootfs/etc/fonts, --env, FONTCONFIG_FILE=fonts.conf, --env, FONTCONFIG_SYSROOT=/data/user/0/io.taowen.bx/files/rootfs, --env, LD_PRELOAD=/data/user/0/io.taowen.bx/files/lib/libbionicx-runtime.so, --, /data/user/0/io.taowen.bx/files/rootfs/usr/bin/xterm, -ut, -fa, DejaVu Sans Mono, -fs, 18, -geometry, 120x34+0+0, -title, BionicX Debian Terminal, -e, /data/user/0/io.taowen.bx/files/rootfs/usr/bin/bash, --noprofile, --norc, -i]
D/CoreBackPreview( 2320): Window{30868de u0 io.taowen.bx/com.winlator.BionicXActivity}: Setting back callback OnBackInvokedCallbackInfo{mCallback=android.window.IOnBackInvokedCallback$Stub$Proxy@7cd6951, mPriority=0, mIsAnimationCallback=false}
I/BionicX (22159): bionicx-exec: running untraced pid=22190
I/ActivityTaskManager( 2320): Displayed io.taowen.bx/com.winlator.BionicXActivity for user 0: +188ms
xterm alive=1 bytes=64596 shot=/tmp/grok-goal-3794b08cb732/implementer/xterm.png
===== 2026-08-14T03:24:42+08:00 thunar =====
profile thunar is valid
bionicx-exec: running untraced pid=22373
bionicx-exec: running untraced pid=22384
bionicx ELF fixups: 0 entries
installed profile thunar for io.taowen.bx
W/ActivityTaskManager( 2320): Force removing ActivityRecord{e12ddef u0 io.taowen.bx/com.winlator.BionicXActivity t1227 f}}: app died, no saved state
V/WindowManagerShell( 2661): Transition requested: android.os.BinderProxy@e7dd6a9 TransitionRequestInfo { type = CLOSE, triggerTask = TaskInfo{userId=0 taskId=1227 displayId=0 isRunning=false baseIntent=Intent { flg=0x10000000 cmp=io.taowen.bx/com.winlator.BionicXActivity } baseActivity=null topActivity=null origActivity=null realActivity=ComponentInfo{io.taowen.bx/com.winlator.BionicXActivity} numActivities=0 lastActiveTime=1302550 supportsMultiWindow=true resizeMode=1 isResizeable=true minWidth=-1 minHeight=-1 defaultMinSize=220 token=WCT{android.window.IWindowContainerToken$Stub$Proxy@2b2142e} topActivityType=1 pictureInPictureParams=null shouldDockBigOverlays=false launchIntoPipHostTaskId=-1 lastParentTaskIdBeforePip=-1 displayCutoutSafeInsets=null topActivityInfo=null launchCookies=[] positionInParent=Point(0, 0) parentTaskId=-1 isFocused=true isVisible=true isVisibleRequested=true isSleeping=false topActivityInSizeCompat=false topActivityEligibleForLetterboxEducation= false topActivityLetterboxed= false isFromDoubleTap= false topActivityLetterboxVerticalPosition= -1 topActivityLetterboxHorizontalPosition= -1 topActivityLetterboxWidth=-1 topActivityLetterboxHeight=-1 locusId=null displayAreaFeatureId=1 cameraCompatControlState=hidden}, remoteTransition = null, displayChange = null }
I/Zygote  ( 1294): Process 22159 exited due to signal 9 (Killed)
I/WindowManager( 2320): WIN DEATH: Window{30868de u0 io.taowen.bx/com.winlator.BionicXActivity}
W/InputManager-JNI( 2320): Input channel object '30868de io.taowen.bx/com.winlator.BionicXActivity (client)' was disposed without first being removed with the input manager!
W/WindowManager( 2320): Failed to deliver inset control state change to w=Window{30868de u0 io.taowen.bx/com.winlator.BionicXActivity EXITING}
V/WindowManager( 2320): Sent Transition #32 createdAt=08-14 03:24:49.058 via request=TransitionRequestInfo { type = CLOSE, triggerTask = TaskInfo{userId=0 taskId=1227 displayId=0 isRunning=false baseIntent=Intent { flg=0x10000000 cmp=io.taowen.bx/com.winlator.BionicXActivity } baseActivity=null topActivity=null origActivity=null realActivity=ComponentInfo{io.taowen.bx/com.winlator.BionicXActivity} numActivities=0 lastActiveTime=1302550 supportsMultiWindow=true resizeMode=1 isResizeable=true minWidth=-1 minHeight=-1 defaultMinSize=220 token=WCT{RemoteToken{dd92418 Task{38180fc #1227 type=standard A=10194:io.taowen.bx}}} topActivityType=1 pictureInPictureParams=null shouldDockBigOverlays=false launchIntoPipHostTaskId=-1 lastParentTaskIdBeforePip=-1 displayCutoutSafeInsets=null topActivityInfo=null launchCookies=[] positionInParent=Point(0, 0) parentTaskId=-1 isFocused=true isVisible=true isVisibleRequested=true isSleeping=false topActivityInSizeCompat=false topActivityEligibleForLetterboxEducation= false topActivityLetterboxed= false isFromDoubleTap= false topActivityLetterboxVerticalPosition= -1 topActivityLetterboxHorizontalPosition= -1 topActivityLetterboxWidth=-1 topActivityLetterboxHeight=-1 locusId=null displayAreaFeatureId=1 cameraCompatControlState=hidden}, remoteTransition = null, displayChange = null }
W/WindowManager( 2320): Failed to deliver inset control state change to w=Window{30868de u0 io.taowen.bx/com.winlator.BionicXActivity EXITING}
I/ActivityTaskManager( 2320): START u0 {flg=0x10000000 cmp=io.taowen.bx/com.winlator.BionicXActivity} with LAUNCH_MULTIPLE from uid 2000 (BAL_ALLOW_PERMISSION) result code=0
V/WindowManagerShell( 2661): Transition requested: android.os.BinderProxy@ebfb1b6 TransitionRequestInfo { type = OPEN, triggerTask = TaskInfo{userId=0 taskId=1228 displayId=0 isRunning=true baseIntent=Intent { flg=0x10000000 cmp=io.taowen.bx/com.winlator.BionicXActivity } baseActivity=ComponentInfo{io.taowen.bx/com.winlator.BionicXActivity} topActivity=ComponentInfo{io.taowen.bx/com.winlator.BionicXActivity} origActivity=null realActivity=ComponentInfo{io.taowen.bx/com.winlator.BionicXActivity} numActivities=1 lastActiveTime=1318095 supportsMultiWindow=true resizeMode=1 isResizeable=true minWidth=-1 minHeight=-1 defaultMinSize=220 token=WCT{android.window.IWindowContainerToken$Stub$Proxy@8884eb7} topActivityType=1 pictureInPictureParams=null shouldDockBigOverlays=false launchIntoPipHostTaskId=-1 lastParentTaskIdBeforePip=-1 displayCutoutSafeInsets=null topActivityInfo=ActivityInfo{28f7624 com.winlator.BionicXActivity} launchCookies=[] positionInParent=Point(0, 0) parentTaskId=-1 isFocused=false isVisible=false isVisibleRequested=false isSleeping=false topActivityInSizeCompat=false topActivityEligibleForLetterboxEducation= false topActivityLetterboxed= false isFromDoubleTap= false topActivityLetterboxVerticalPosition= -1 topActivityLetterboxHorizontalPosition= -1 topActivityLetterboxWidth=-1 topActivityLetterboxHeight=-1 locusId=null displayAreaFeatureId=1 cameraCompatControlState=hidden}, remoteTransition = null, displayChange = null }
I/ActivityManager( 2320): Start proc 22447:io.taowen.bx/u0a194 for next-top-activity {io.taowen.bx/com.winlator.BionicXActivity}
V/WindowManager( 2320): Sent Transition #33 createdAt=08-14 03:24:49.547 via request=TransitionRequestInfo { type = OPEN, triggerTask = TaskInfo{userId=0 taskId=1228 displayId=0 isRunning=true baseIntent=Intent { flg=0x10000000 cmp=io.taowen.bx/com.winlator.BionicXActivity } baseActivity=ComponentInfo{io.taowen.bx/com.winlator.BionicXActivity} topActivity=ComponentInfo{io.taowen.bx/com.winlator.BionicXActivity} origActivity=null realActivity=ComponentInfo{io.taowen.bx/com.winlator.BionicXActivity} numActivities=1 lastActiveTime=1318095 supportsMultiWindow=true resizeMode=1 isResizeable=true minWidth=-1 minHeight=-1 defaultMinSize=220 token=WCT{RemoteToken{3c40d74 Task{43a9f1 #1228 type=standard A=10194:io.taowen.bx}}} topActivityType=1 pictureInPictureParams=null shouldDockBigOverlays=false launchIntoPipHostTaskId=-1 lastParentTaskIdBeforePip=-1 displayCutoutSafeInsets=null topActivityInfo=ActivityInfo{24b429d com.winlator.BionicXActivity} launchCookies=[] positionInParent=Point(0, 0) parentTaskId=-1 isFocused=false isVisible=false isVisibleRequested=false isSleeping=false topActivityInSizeCompat=false topActivityEligibleForLetterboxEducation= false topActivityLetterboxed= false isFromDoubleTap= false topActivityLetterboxVerticalPosition= -1 topActivityLetterboxHorizontalPosition= -1 topActivityLetterboxWidth=-1 topActivityLetterboxHeight=-1 locusId=null displayAreaFeatureId=1 cameraCompatControlState=hidden}, remoteTransition = null, displayChange = null }
W/WindowManager( 2320): Failed to deliver inset control state change to w=Window{30868de u0 io.taowen.bx/com.winlator.BionicXActivity EXITING}
W/WindowManager( 2320): Failed to deliver inset control state change to w=Window{30868de u0 io.taowen.bx/com.winlator.BionicXActivity EXITING}
W/WindowManager( 2320): Exception thrown during dispatchAppVisibility Window{30868de u0 io.taowen.bx/com.winlator.BionicXActivity EXITING}
I/BionicX (22447): profile=thunar display=1920x1080@144 socket=filesystem
I/BionicX (22447): runtime DNS servers=2
I/BionicX (22447): launching Thunar (Debian trixie ARM64): [/data/user/0/io.taowen.bx/files/bin/bionicx-exec, --cwd, /data/user/0/io.taowen.bx/files/homes/thunar, --env, DISPLAY=:0, --env, HOME=/data/user/0/io.taowen.bx/files/homes/thunar, --env, TMPDIR=/data/user/0/io.taowen.bx/files/run/thunar, --env, XDG_RUNTIME_DIR=/data/user/0/io.taowen.bx/files/run/thunar/runtime, --env, XDG_CONFIG_HOME=/data/user/0/io.taowen.bx/files/homes/thunar/.config, --env, XDG_CACHE_HOME=/data/user/0/io.taowen.bx/files/homes/thunar/.cache, --env, XDG_DATA_HOME=/data/user/0/io.taowen.bx/files/homes/thunar/.local/share, --env, XDG_DATA_DIRS=/data/user/0/io.taowen.bx/files/rootfs/usr/local/share:/data/user/0/io.taowen.bx/files/rootfs/usr/share, --env, GSETTINGS_SCHEMA_DIR=/data/user/0/io.taowen.bx/files/rootfs/usr/share/glib-2.0/schemas, --env, GSETTINGS_BACKEND=memory, --env, GDK_PIXBUF_MODULE_FILE=/data/user/0/io.taowen.bx/files/rootfs/usr/lib/aarch64-linux-gnu/gdk-pixbuf-2.0/2.10.0/loaders.cache, --env, NO_AT_BRIDGE=1, --env, PATH=/data/user/0/io.taowen.bx/files/rootfs/usr/bin:/data/user/0/io.taowen.bx/files/rootfs/bin:/product/bin:/system/bin, --env, LANG=C.UTF-8, --env, BIONICX_DNS_SERVERS=fe80::1%wlan0,192.168.1.1, --env, BIONICX_ROOTFS=/data/user/0/io.taowen.bx/files/rootfs, --env, BIONICX_APP=/data/user/0/io.taowen.bx/files/apps/thunar, --env, BIONICX_TMPDIR=/data/user/0/io.taowen.bx/cache, --env, FONTCONFIG_PATH=/data/user/0/io.taowen.bx/files/rootfs/etc/fonts, --env, FONTCONFIG_FILE=fonts.conf, --env, FONTCONFIG_SYSROOT=/data/user/0/io.taowen.bx/files/rootfs, --env, LD_PRELOAD=/data/user/0/io.taowen.bx/files/lib/libbionicx-runtime.so, --, /data/user/0/io.taowen.bx/files/rootfs/usr/bin/thunar, /data/user/0/io.taowen.bx/files/homes/thunar]
I/BionicX (22447): bionicx-exec: running untraced pid=22482
D/CoreBackPreview( 2320): Window{d81bde6 u0 io.taowen.bx/com.winlator.BionicXActivity}: Setting back callback OnBackInvokedCallbackInfo{mCallback=android.window.IOnBackInvokedCallback$Stub$Proxy@565aa79, mPriority=0, mIsAnimationCallback=false}
I/BionicX (22447): 
I/BionicX (22447): (process:22482): thunar-WARNING **: 19:24:49.716: thunar: Failed to initialize Xfconf: Failed to execute child process “dbus-launch” (No such file or directory)
I/ActivityTaskManager( 2320): Displayed io.taowen.bx/com.winlator.BionicXActivity for user 0: +193ms
I/BionicX (22447): 
I/BionicX (22447): (thunar:22482): thunar-WARNING **: 19:24:49.867: Name 'org.xfce.FileManager' lost on the message dbus.
I/BionicX (22447): 
I/BionicX (22447): (thunar:22482): thunar-WARNING **: 19:24:49.867: Name 'org.freedesktop.FileManager1' lost on the message dbus.
I/BionicX (22447): 
I/BionicX (22447): (thunar:22482): thunar-WARNING **: 19:24:49.867: ThunarThumbnailer: failed to create proxy: Failed to execute child process “dbus-launch” (No such file or directory)
I/BionicX (22447): 
I/BionicX (22447): (thunar:22482): thunar-WARNING **: 19:24:50.022: Thumbnailer Proxy Failed ... starting attempt to re-initialize
I/BionicX (22447): 
I/BionicX (22447): (thunar:22482): thunar-WARNING **: 19:24:51.484: ThunarThumbnailer: failed to create proxy: Failed to execute child process “dbus-launch” (No such file or directory)
I/Zygote  ( 1294): Process 22102 exited due to signal 9 (Killed)
thunar alive=1 bytes=71690 shot=/tmp/grok-goal-3794b08cb732/implementer/thunar.png
===== 2026-08-14T03:25:00+08:00 mousepad =====
profile mousepad is valid
bionicx-exec: running untraced pid=22714
bionicx-exec: running untraced pid=22725
bionicx ELF fixups: 0 entries
installed profile mousepad for io.taowen.bx
W/ActivityTaskManager( 2320): Force removing ActivityRecord{152ed98 u0 io.taowen.bx/com.winlator.BionicXActivity t1228 f}}: app died, no saved state
V/WindowManagerShell( 2661): Transition requested: android.os.BinderProxy@53aaf4 TransitionRequestInfo { type = CLOSE, triggerTask = TaskInfo{userId=0 taskId=1228 displayId=0 isRunning=false baseIntent=Intent { flg=0x10000000 cmp=io.taowen.bx/com.winlator.BionicXActivity } baseActivity=null topActivity=null origActivity=null realActivity=ComponentInfo{io.taowen.bx/com.winlator.BionicXActivity} numActivities=0 lastActiveTime=1318127 supportsMultiWindow=true resizeMode=1 isResizeable=true minWidth=-1 minHeight=-1 defaultMinSize=220 token=WCT{android.window.IWindowContainerToken$Stub$Proxy@e6e521d} topActivityType=1 pictureInPictureParams=null shouldDockBigOverlays=false launchIntoPipHostTaskId=-1 lastParentTaskIdBeforePip=-1 displayCutoutSafeInsets=null topActivityInfo=null launchCookies=[] positionInParent=Point(0, 0) parentTaskId=-1 isFocused=true isVisible=true isVisibleRequested=true isSleeping=false topActivityInSizeCompat=false topActivityEligibleForLetterboxEducation= false topActivityLetterboxed= false isFromDoubleTap= false topActivityLetterboxVerticalPosition= -1 topActivityLetterboxHorizontalPosition= -1 topActivityLetterboxWidth=-1 topActivityLetterboxHeight=-1 locusId=null displayAreaFeatureId=1 cameraCompatControlState=hidden}, remoteTransition = null, displayChange = null }
I/Zygote  ( 1294): Process 22447 exited due to signal 9 (Killed)
I/WindowManager( 2320): WIN DEATH: Window{d81bde6 u0 io.taowen.bx/com.winlator.BionicXActivity}
W/InputManager-JNI( 2320): Input channel object 'd81bde6 io.taowen.bx/com.winlator.BionicXActivity (client)' was disposed without first being removed with the input manager!
W/WindowManager( 2320): Failed to deliver inset control state change to w=Window{d81bde6 u0 io.taowen.bx/com.winlator.BionicXActivity EXITING}
V/WindowManager( 2320): Sent Transition #34 createdAt=08-14 03:25:06.850 via request=TransitionRequestInfo { type = CLOSE, triggerTask = TaskInfo{userId=0 taskId=1228 displayId=0 isRunning=false baseIntent=Intent { flg=0x10000000 cmp=io.taowen.bx/com.winlator.BionicXActivity } baseActivity=null topActivity=null origActivity=null realActivity=ComponentInfo{io.taowen.bx/com.winlator.BionicXActivity} numActivities=0 lastActiveTime=1318127 supportsMultiWindow=true resizeMode=1 isResizeable=true minWidth=-1 minHeight=-1 defaultMinSize=220 token=WCT{RemoteToken{3c40d74 Task{43a9f1 #1228 type=standard A=10194:io.taowen.bx}}} topActivityType=1 pictureInPictureParams=null shouldDockBigOverlays=false launchIntoPipHostTaskId=-1 lastParentTaskIdBeforePip=-1 displayCutoutSafeInsets=null topActivityInfo=null launchCookies=[] positionInParent=Point(0, 0) parentTaskId=-1 isFocused=true isVisible=true isVisibleRequested=true isSleeping=false topActivityInSizeCompat=false topActivityEligibleForLetterboxEducation= false topActivityLetterboxed= false isFromDoubleTap= false topActivityLetterboxVerticalPosition= -1 topActivityLetterboxHorizontalPosition= -1 topActivityLetterboxWidth=-1 topActivityLetterboxHeight=-1 locusId=null displayAreaFeatureId=1 cameraCompatControlState=hidden}, remoteTransition = null, displayChange = null }
W/WindowManager( 2320): Failed to deliver inset control state change to w=Window{d81bde6 u0 io.taowen.bx/com.winlator.BionicXActivity EXITING}
I/ActivityTaskManager( 2320): START u0 {flg=0x10000000 cmp=io.taowen.bx/com.winlator.BionicXActivity} with LAUNCH_MULTIPLE from uid 2000 (BAL_ALLOW_PERMISSION) result code=0
V/WindowManagerShell( 2661): Transition requested: android.os.BinderProxy@551e3dd TransitionRequestInfo { type = OPEN, triggerTask = TaskInfo{userId=0 taskId=1229 displayId=0 isRunning=true baseIntent=Intent { flg=0x10000000 cmp=io.taowen.bx/com.winlator.BionicXActivity } baseActivity=ComponentInfo{io.taowen.bx/com.winlator.BionicXActivity} topActivity=ComponentInfo{io.taowen.bx/com.winlator.BionicXActivity} origActivity=null realActivity=ComponentInfo{io.taowen.bx/com.winlator.BionicXActivity} numActivities=1 lastActiveTime=1335885 supportsMultiWindow=true resizeMode=1 isResizeable=true minWidth=-1 minHeight=-1 defaultMinSize=220 token=WCT{android.window.IWindowContainerToken$Stub$Proxy@1398b52} topActivityType=1 pictureInPictureParams=null shouldDockBigOverlays=false launchIntoPipHostTaskId=-1 lastParentTaskIdBeforePip=-1 displayCutoutSafeInsets=null topActivityInfo=ActivityInfo{15f7e23 com.winlator.BionicXActivity} launchCookies=[] positionInParent=Point(0, 0) parentTaskId=-1 isFocused=false isVisible=false isVisibleRequested=false isSleeping=false topActivityInSizeCompat=false topActivityEligibleForLetterboxEducation= false topActivityLetterboxed= false isFromDoubleTap= false topActivityLetterboxVerticalPosition= -1 topActivityLetterboxHorizontalPosition= -1 topActivityLetterboxWidth=-1 topActivityLetterboxHeight=-1 locusId=null displayAreaFeatureId=1 cameraCompatControlState=hidden}, remoteTransition = null, displayChange = null }
I/ActivityManager( 2320): Start proc 22791:io.taowen.bx/u0a194 for next-top-activity {io.taowen.bx/com.winlator.BionicXActivity}
W/WindowManager( 2320): Failed to deliver inset control state change to w=Window{d81bde6 u0 io.taowen.bx/com.winlator.BionicXActivity EXITING}
V/WindowManager( 2320): Sent Transition #35 createdAt=08-14 03:25:07.338 via request=TransitionRequestInfo { type = OPEN, triggerTask = TaskInfo{userId=0 taskId=1229 displayId=0 isRunning=true baseIntent=Intent { flg=0x10000000 cmp=io.taowen.bx/com.winlator.BionicXActivity } baseActivity=ComponentInfo{io.taowen.bx/com.winlator.BionicXActivity} topActivity=ComponentInfo{io.taowen.bx/com.winlator.BionicXActivity} origActivity=null realActivity=ComponentInfo{io.taowen.bx/com.winlator.BionicXActivity} numActivities=1 lastActiveTime=1335885 supportsMultiWindow=true resizeMode=1 isResizeable=true minWidth=-1 minHeight=-1 defaultMinSize=220 token=WCT{RemoteToken{9b998ab Task{5689643 #1229 type=standard A=10194:io.taowen.bx}}} topActivityType=1 pictureInPictureParams=null shouldDockBigOverlays=false launchIntoPipHostTaskId=-1 lastParentTaskIdBeforePip=-1 displayCutoutSafeInsets=null topActivityInfo=ActivityInfo{fcc4b08 com.winlator.BionicXActivity} launchCookies=[] positionInParent=Point(0, 0) parentTaskId=-1 isFocused=false isVisible=false isVisibleRequested=false isSleeping=false topActivityInSizeCompat=false topActivityEligibleForLetterboxEducation= false topActivityLetterboxed= false isFromDoubleTap= false topActivityLetterboxVerticalPosition= -1 topActivityLetterboxHorizontalPosition= -1 topActivityLetterboxWidth=-1 topActivityLetterboxHeight=-1 locusId=null displayAreaFeatureId=1 cameraCompatControlState=hidden}, remoteTransition = null, displayChange = null }
W/WindowManager( 2320): Failed to deliver inset control state change to w=Window{d81bde6 u0 io.taowen.bx/com.winlator.BionicXActivity EXITING}
W/WindowManager( 2320): Exception thrown during dispatchAppVisibility Window{d81bde6 u0 io.taowen.bx/com.winlator.BionicXActivity EXITING}
I/BionicX (22791): profile=mousepad display=1920x1080@144 socket=filesystem
I/BionicX (22791): runtime DNS servers=2
I/BionicX (22791): launching Mousepad (Debian trixie ARM64): [/data/user/0/io.taowen.bx/files/bin/bionicx-exec, --cwd, /data/user/0/io.taowen.bx/files/homes/mousepad, --env, DISPLAY=:0, --env, HOME=/data/user/0/io.taowen.bx/files/homes/mousepad, --env, TMPDIR=/data/user/0/io.taowen.bx/files/run/mousepad, --env, XDG_RUNTIME_DIR=/data/user/0/io.taowen.bx/files/run/mousepad/runtime, --env, XDG_CONFIG_HOME=/data/user/0/io.taowen.bx/files/homes/mousepad/.config, --env, XDG_CACHE_HOME=/data/user/0/io.taowen.bx/files/homes/mousepad/.cache, --env, XDG_DATA_HOME=/data/user/0/io.taowen.bx/files/homes/mousepad/.local/share, --env, XDG_DATA_DIRS=/data/user/0/io.taowen.bx/files/rootfs/usr/local/share:/data/user/0/io.taowen.bx/files/rootfs/usr/share, --env, GSETTINGS_SCHEMA_DIR=/data/user/0/io.taowen.bx/files/rootfs/usr/share/glib-2.0/schemas, --env, GSETTINGS_BACKEND=memory, --env, GDK_PIXBUF_MODULE_FILE=/data/user/0/io.taowen.bx/files/rootfs/usr/lib/aarch64-linux-gnu/gdk-pixbuf-2.0/2.10.0/loaders.cache, --env, NO_AT_BRIDGE=1, --env, PATH=/data/user/0/io.taowen.bx/files/rootfs/usr/bin:/data/user/0/io.taowen.bx/files/rootfs/bin:/product/bin:/system/bin, --env, LANG=C.UTF-8, --env, BIONICX_DNS_SERVERS=fe80::1%wlan0,192.168.1.1, --env, BIONICX_ROOTFS=/data/user/0/io.taowen.bx/files/rootfs, --env, BIONICX_APP=/data/user/0/io.taowen.bx/files/apps/mousepad, --env, BIONICX_TMPDIR=/data/user/0/io.taowen.bx/cache, --env, FONTCONFIG_PATH=/data/user/0/io.taowen.bx/files/rootfs/etc/fonts, --env, FONTCONFIG_FILE=fonts.conf, --env, FONTCONFIG_SYSROOT=/data/user/0/io.taowen.bx/files/rootfs, --env, LD_PRELOAD=/data/user/0/io.taowen.bx/files/lib/libbionicx-runtime.so, --, /data/user/0/io.taowen.bx/files/rootfs/usr/bin/mousepad, --disable-server, /data/user/0/io.taowen.bx/files/apps/mousepad/fixtures/bionicx-note.txt]
D/CoreBackPreview( 2320): Window{6be524d u0 io.taowen.bx/com.winlator.BionicXActivity}: Setting back callback OnBackInvokedCallbackInfo{mCallback=android.window.IOnBackInvokedCallback$Stub$Proxy@e04f57c, mPriority=0, mIsAnimationCallback=false}
I/BionicX (22791): bionicx-exec: running untraced pid=22824
I/ActivityTaskManager( 2320): Displayed io.taowen.bx/com.winlator.BionicXActivity for user 0: +185ms
I/Zygote  ( 1294): Process 22536 exited due to signal 9 (Killed)
mousepad alive=1 bytes=67195 shot=/tmp/grok-goal-3794b08cb732/implementer/mousepad.png
===== 2026-08-14T03:25:18+08:00 ristretto =====
profile ristretto is valid
bionicx-exec: running untraced pid=23023
bionicx-exec: running untraced pid=23034
bionicx ELF fixups: 0 entries
installed profile ristretto for io.taowen.bx
W/ActivityTaskManager( 2320): Force removing ActivityRecord{1156ff2 u0 io.taowen.bx/com.winlator.BionicXActivity t1229 f}}: app died, no saved state
V/WindowManagerShell( 2661): Transition requested: android.os.BinderProxy@8fb2df4 TransitionRequestInfo { type = CLOSE, triggerTask = TaskInfo{userId=0 taskId=1229 displayId=0 isRunning=false baseIntent=Intent { flg=0x10000000 cmp=io.taowen.bx/com.winlator.BionicXActivity } baseActivity=null topActivity=null origActivity=null realActivity=ComponentInfo{io.taowen.bx/com.winlator.BionicXActivity} numActivities=0 lastActiveTime=1335916 supportsMultiWindow=true resizeMode=1 isResizeable=true minWidth=-1 minHeight=-1 defaultMinSize=220 token=WCT{android.window.IWindowContainerToken$Stub$Proxy@9ab191d} topActivityType=1 pictureInPictureParams=null shouldDockBigOverlays=false launchIntoPipHostTaskId=-1 lastParentTaskIdBeforePip=-1 displayCutoutSafeInsets=null topActivityInfo=null launchCookies=[] positionInParent=Point(0, 0) parentTaskId=-1 isFocused=true isVisible=true isVisibleRequested=true isSleeping=false topActivityInSizeCompat=false topActivityEligibleForLetterboxEducation= false topActivityLetterboxed= false isFromDoubleTap= false topActivityLetterboxVerticalPosition= -1 topActivityLetterboxHorizontalPosition= -1 topActivityLetterboxWidth=-1 topActivityLetterboxHeight=-1 locusId=null displayAreaFeatureId=1 cameraCompatControlState=hidden}, remoteTransition = null, displayChange = null }
I/Zygote  ( 1294): Process 22791 exited due to signal 9 (Killed)
I/WindowManager( 2320): WIN DEATH: Window{6be524d u0 io.taowen.bx/com.winlator.BionicXActivity}
W/InputManager-JNI( 2320): Input channel object '6be524d io.taowen.bx/com.winlator.BionicXActivity (client)' was disposed without first being removed with the input manager!
W/WindowManager( 2320): Failed to deliver inset control state change to w=Window{6be524d u0 io.taowen.bx/com.winlator.BionicXActivity EXITING}
V/WindowManager( 2320): Sent Transition #36 createdAt=08-14 03:25:24.546 via request=TransitionRequestInfo { type = CLOSE, triggerTask = TaskInfo{userId=0 taskId=1229 displayId=0 isRunning=false baseIntent=Intent { flg=0x10000000 cmp=io.taowen.bx/com.winlator.BionicXActivity } baseActivity=null topActivity=null origActivity=null realActivity=ComponentInfo{io.taowen.bx/com.winlator.BionicXActivity} numActivities=0 lastActiveTime=1335916 supportsMultiWindow=true resizeMode=1 isResizeable=true minWidth=-1 minHeight=-1 defaultMinSize=220 token=WCT{RemoteToken{9b998ab Task{5689643 #1229 type=standard A=10194:io.taowen.bx}}} topActivityType=1 pictureInPictureParams=null shouldDockBigOverlays=false launchIntoPipHostTaskId=-1 lastParentTaskIdBeforePip=-1 displayCutoutSafeInsets=null topActivityInfo=null launchCookies=[] positionInParent=Point(0, 0) parentTaskId=-1 isFocused=true isVisible=true isVisibleRequested=true isSleeping=false topActivityInSizeCompat=false topActivityEligibleForLetterboxEducation= false topActivityLetterboxed= false isFromDoubleTap= false topActivityLetterboxVerticalPosition= -1 topActivityLetterboxHorizontalPosition= -1 topActivityLetterboxWidth=-1 topActivityLetterboxHeight=-1 locusId=null displayAreaFeatureId=1 cameraCompatControlState=hidden}, remoteTransition = null, displayChange = null }
W/WindowManager( 2320): Failed to deliver inset control state change to w=Window{6be524d u0 io.taowen.bx/com.winlator.BionicXActivity EXITING}
I/ActivityTaskManager( 2320): START u0 {flg=0x10000000 cmp=io.taowen.bx/com.winlator.BionicXActivity} with LAUNCH_MULTIPLE from uid 2000 (BAL_ALLOW_PERMISSION) result code=0
V/WindowManagerShell( 2661): Transition requested: android.os.BinderProxy@8089745 TransitionRequestInfo { type = OPEN, triggerTask = TaskInfo{userId=0 taskId=1230 displayId=0 isRunning=true baseIntent=Intent { flg=0x10000000 cmp=io.taowen.bx/com.winlator.BionicXActivity } baseActivity=ComponentInfo{io.taowen.bx/com.winlator.BionicXActivity} topActivity=ComponentInfo{io.taowen.bx/com.winlator.BionicXActivity} origActivity=null realActivity=ComponentInfo{io.taowen.bx/com.winlator.BionicXActivity} numActivities=1 lastActiveTime=1353595 supportsMultiWindow=true resizeMode=1 isResizeable=true minWidth=-1 minHeight=-1 defaultMinSize=220 token=WCT{android.window.IWindowContainerToken$Stub$Proxy@e1d9e9a} topActivityType=1 pictureInPictureParams=null shouldDockBigOverlays=false launchIntoPipHostTaskId=-1 lastParentTaskIdBeforePip=-1 displayCutoutSafeInsets=null topActivityInfo=ActivityInfo{e0ba3cb com.winlator.BionicXActivity} launchCookies=[] positionInParent=Point(0, 0) parentTaskId=-1 isFocused=false isVisible=false isVisibleRequested=false isSleeping=false topActivityInSizeCompat=false topActivityEligibleForLetterboxEducation= false topActivityLetterboxed= false isFromDoubleTap= false topActivityLetterboxVerticalPosition= -1 topActivityLetterboxHorizontalPosition= -1 topActivityLetterboxWidth=-1 topActivityLetterboxHeight=-1 locusId=null displayAreaFeatureId=1 cameraCompatControlState=hidden}, remoteTransition = null, displayChange = null }
I/ActivityManager( 2320): Start proc 23100:io.taowen.bx/u0a194 for next-top-activity {io.taowen.bx/com.winlator.BionicXActivity}
V/WindowManager( 2320): Sent Transition #37 createdAt=08-14 03:25:25.046 via request=TransitionRequestInfo { type = OPEN, triggerTask = TaskInfo{userId=0 taskId=1230 displayId=0 isRunning=true baseIntent=Intent { flg=0x10000000 cmp=io.taowen.bx/com.winlator.BionicXActivity } baseActivity=ComponentInfo{io.taowen.bx/com.winlator.BionicXActivity} topActivity=ComponentInfo{io.taowen.bx/com.winlator.BionicXActivity} origActivity=null realActivity=ComponentInfo{io.taowen.bx/com.winlator.BionicXActivity} numActivities=1 lastActiveTime=1353595 supportsMultiWindow=true resizeMode=1 isResizeable=true minWidth=-1 minHeight=-1 defaultMinSize=220 token=WCT{RemoteToken{6d0eb45 Task{f833ede #1230 type=standard A=10194:io.taowen.bx}}} topActivityType=1 pictureInPictureParams=null shouldDockBigOverlays=false launchIntoPipHostTaskId=-1 lastParentTaskIdBeforePip=-1 displayCutoutSafeInsets=null topActivityInfo=ActivityInfo{b01629a com.winlator.BionicXActivity} launchCookies=[] positionInParent=Point(0, 0) parentTaskId=-1 isFocused=false isVisible=false isVisibleRequested=false isSleeping=false topActivityInSizeCompat=false topActivityEligibleForLetterboxEducation= false topActivityLetterboxed= false isFromDoubleTap= false topActivityLetterboxVerticalPosition= -1 topActivityLetterboxHorizontalPosition= -1 topActivityLetterboxWidth=-1 topActivityLetterboxHeight=-1 locusId=null displayAreaFeatureId=1 cameraCompatControlState=hidden}, remoteTransition = null, displayChange = null }
W/WindowManager( 2320): Failed to deliver inset control state change to w=Window{6be524d u0 io.taowen.bx/com.winlator.BionicXActivity EXITING}
W/WindowManager( 2320): Failed to deliver inset control state change to w=Window{6be524d u0 io.taowen.bx/com.winlator.BionicXActivity EXITING}
W/WindowManager( 2320): Exception thrown during dispatchAppVisibility Window{6be524d u0 io.taowen.bx/com.winlator.BionicXActivity EXITING}
I/BionicX (23100): profile=ristretto display=1920x1080@144 socket=filesystem
I/BionicX (23100): runtime DNS servers=2
I/BionicX (23100): launching Ristretto (Debian trixie ARM64): [/data/user/0/io.taowen.bx/files/bin/bionicx-exec, --cwd, /data/user/0/io.taowen.bx/files/homes/ristretto, --env, DISPLAY=:0, --env, HOME=/data/user/0/io.taowen.bx/files/homes/ristretto, --env, TMPDIR=/data/user/0/io.taowen.bx/files/run/ristretto, --env, XDG_RUNTIME_DIR=/data/user/0/io.taowen.bx/files/run/ristretto/runtime, --env, XDG_CONFIG_HOME=/data/user/0/io.taowen.bx/files/homes/ristretto/.config, --env, XDG_CACHE_HOME=/data/user/0/io.taowen.bx/files/homes/ristretto/.cache, --env, XDG_DATA_HOME=/data/user/0/io.taowen.bx/files/homes/ristretto/.local/share, --env, XDG_DATA_DIRS=/data/user/0/io.taowen.bx/files/rootfs/usr/local/share:/data/user/0/io.taowen.bx/files/rootfs/usr/share, --env, GSETTINGS_SCHEMA_DIR=/data/user/0/io.taowen.bx/files/rootfs/usr/share/glib-2.0/schemas, --env, GSETTINGS_BACKEND=memory, --env, GDK_PIXBUF_MODULE_FILE=/data/user/0/io.taowen.bx/files/rootfs/usr/lib/aarch64-linux-gnu/gdk-pixbuf-2.0/2.10.0/loaders.cache, --env, NO_AT_BRIDGE=1, --env, PATH=/data/user/0/io.taowen.bx/files/rootfs/usr/bin:/data/user/0/io.taowen.bx/files/rootfs/bin:/product/bin:/system/bin, --env, LANG=C.UTF-8, --env, BIONICX_DNS_SERVERS=fe80::1%wlan0,192.168.1.1, --env, BIONICX_ROOTFS=/data/user/0/io.taowen.bx/files/rootfs, --env, BIONICX_APP=/data/user/0/io.taowen.bx/files/apps/ristretto, --env, BIONICX_TMPDIR=/data/user/0/io.taowen.bx/cache, --env, FONTCONFIG_PATH=/data/user/0/io.taowen.bx/files/rootfs/etc/fonts, --env, FONTCONFIG_FILE=fonts.conf, --env, FONTCONFIG_SYSROOT=/data/user/0/io.taowen.bx/files/rootfs, --env, LD_PRELOAD=/data/user/0/io.taowen.bx/files/lib/libbionicx-runtime.so, --, /data/user/0/io.taowen.bx/files/rootfs/usr/bin/ristretto, /data/user/0/io.taowen.bx/files/apps/ristretto/fixtures/bionicx-blue.png]
D/CoreBackPreview( 2320): Window{459a0f0 u0 io.taowen.bx/com.winlator.BionicXActivity}: Setting back callback OnBackInvokedCallbackInfo{mCallback=android.window.IOnBackInvokedCallback$Stub$Proxy@54b57ab, mPriority=0, mIsAnimationCallback=false}
I/BionicX (23100): bionicx-exec: running untraced pid=23132
I/ActivityTaskManager( 2320): Displayed io.taowen.bx/com.winlator.BionicXActivity for user 0: +192ms
I/BionicX (23100): 
I/BionicX (23100): ** (ristretto:23132): WARNING **: 19:25:25.248: Failed to initialize Xfconf: Failed to execute child process “dbus-launch” (No such file or directory)
I/BionicX (23100): 
I/BionicX (23100): ** (ristretto:23132): WARNING **: 19:25:25.256: Unable to create a D-Bus proxy for the thumbnailing service: Failed to execute child process “dbus-launch” (No such file or directory)
I/Zygote  ( 1294): Process 22882 exited due to signal 9 (Killed)
ristretto alive=1 bytes=67142 shot=/tmp/grok-goal-3794b08cb732/implementer/ristretto.png
===== 2026-08-14T03:25:36+08:00 evince =====
profile evince is valid
bionicx-exec: running untraced pid=23329
bionicx-exec: running untraced pid=23341
bionicx ELF fixups: 2 entries
installed profile evince for io.taowen.bx
W/ActivityTaskManager( 2320): Force removing ActivityRecord{8633e19 u0 io.taowen.bx/com.winlator.BionicXActivity t1230 f}}: app died, no saved state
V/WindowManagerShell( 2661): Transition requested: android.os.BinderProxy@b2432b TransitionRequestInfo { type = CLOSE, triggerTask = TaskInfo{userId=0 taskId=1230 displayId=0 isRunning=false baseIntent=Intent { flg=0x10000000 cmp=io.taowen.bx/com.winlator.BionicXActivity } baseActivity=null topActivity=null origActivity=null realActivity=ComponentInfo{io.taowen.bx/com.winlator.BionicXActivity} numActivities=0 lastActiveTime=1353629 supportsMultiWindow=true resizeMode=1 isResizeable=true minWidth=-1 minHeight=-1 defaultMinSize=220 token=WCT{android.window.IWindowContainerToken$Stub$Proxy@a9fe388} topActivityType=1 pictureInPictureParams=null shouldDockBigOverlays=false launchIntoPipHostTaskId=-1 lastParentTaskIdBeforePip=-1 displayCutoutSafeInsets=null topActivityInfo=null launchCookies=[] positionInParent=Point(0, 0) parentTaskId=-1 isFocused=true isVisible=true isVisibleRequested=true isSleeping=false topActivityInSizeCompat=false topActivityEligibleForLetterboxEducation= false topActivityLetterboxed= false isFromDoubleTap= false topActivityLetterboxVerticalPosition= -1 topActivityLetterboxHorizontalPosition= -1 topActivityLetterboxWidth=-1 topActivityLetterboxHeight=-1 locusId=null displayAreaFeatureId=1 cameraCompatControlState=hidden}, remoteTransition = null, displayChange = null }
I/Zygote  ( 1294): Process 23100 exited due to signal 9 (Killed)
I/WindowManager( 2320): WIN DEATH: Window{459a0f0 u0 io.taowen.bx/com.winlator.BionicXActivity}
W/InputManager-JNI( 2320): Input channel object '459a0f0 io.taowen.bx/com.winlator.BionicXActivity (client)' was disposed without first being removed with the input manager!
W/WindowManager( 2320): Failed to deliver inset control state change to w=Window{459a0f0 u0 io.taowen.bx/com.winlator.BionicXActivity EXITING}
V/WindowManager( 2320): Sent Transition #38 createdAt=08-14 03:25:42.533 via request=TransitionRequestInfo { type = CLOSE, triggerTask = TaskInfo{userId=0 taskId=1230 displayId=0 isRunning=false baseIntent=Intent { flg=0x10000000 cmp=io.taowen.bx/com.winlator.BionicXActivity } baseActivity=null topActivity=null origActivity=null realActivity=ComponentInfo{io.taowen.bx/com.winlator.BionicXActivity} numActivities=0 lastActiveTime=1353629 supportsMultiWindow=true resizeMode=1 isResizeable=true minWidth=-1 minHeight=-1 defaultMinSize=220 token=WCT{RemoteToken{6d0eb45 Task{f833ede #1230 type=standard A=10194:io.taowen.bx}}} topActivityType=1 pictureInPictureParams=null shouldDockBigOverlays=false launchIntoPipHostTaskId=-1 lastParentTaskIdBeforePip=-1 displayCutoutSafeInsets=null topActivityInfo=null launchCookies=[] positionInParent=Point(0, 0) parentTaskId=-1 isFocused=true isVisible=true isVisibleRequested=true isSleeping=false topActivityInSizeCompat=false topActivityEligibleForLetterboxEducation= false topActivityLetterboxed= false isFromDoubleTap= false topActivityLetterboxVerticalPosition= -1 topActivityLetterboxHorizontalPosition= -1 topActivityLetterboxWidth=-1 topActivityLetterboxHeight=-1 locusId=null displayAreaFeatureId=1 cameraCompatControlState=hidden}, remoteTransition = null, displayChange = null }
W/WindowManager( 2320): Failed to deliver inset control state change to w=Window{459a0f0 u0 io.taowen.bx/com.winlator.BionicXActivity EXITING}
I/ActivityTaskManager( 2320): START u0 {flg=0x10000000 cmp=io.taowen.bx/com.winlator.BionicXActivity} with LAUNCH_MULTIPLE from uid 2000 (BAL_ALLOW_PERMISSION) result code=0
V/WindowManagerShell( 2661): Transition requested: android.os.BinderProxy@f572cd0 TransitionRequestInfo { type = OPEN, triggerTask = TaskInfo{userId=0 taskId=1231 displayId=0 isRunning=true baseIntent=Intent { flg=0x10000000 cmp=io.taowen.bx/com.winlator.BionicXActivity } baseActivity=ComponentInfo{io.taowen.bx/com.winlator.BionicXActivity} topActivity=ComponentInfo{io.taowen.bx/com.winlator.BionicXActivity} origActivity=null realActivity=ComponentInfo{io.taowen.bx/com.winlator.BionicXActivity} numActivities=1 lastActiveTime=1371582 supportsMultiWindow=true resizeMode=1 isResizeable=true minWidth=-1 minHeight=-1 defaultMinSize=220 token=WCT{android.window.IWindowContainerToken$Stub$Proxy@a5a4c9} topActivityType=1 pictureInPictureParams=null shouldDockBigOverlays=false launchIntoPipHostTaskId=-1 lastParentTaskIdBeforePip=-1 displayCutoutSafeInsets=null topActivityInfo=ActivityInfo{b3297ce com.winlator.BionicXActivity} launchCookies=[] positionInParent=Point(0, 0) parentTaskId=-1 isFocused=false isVisible=false isVisibleRequested=false isSleeping=false topActivityInSizeCompat=false topActivityEligibleForLetterboxEducation= false topActivityLetterboxed= false isFromDoubleTap= false topActivityLetterboxVerticalPosition= -1 topActivityLetterboxHorizontalPosition= -1 topActivityLetterboxWidth=-1 topActivityLetterboxHeight=-1 locusId=null displayAreaFeatureId=1 cameraCompatControlState=hidden}, remoteTransition = null, displayChange = null }
W/WindowManager( 2320): Failed to deliver inset control state change to w=Window{459a0f0 u0 io.taowen.bx/com.winlator.BionicXActivity EXITING}
I/ActivityManager( 2320): Start proc 23431:io.taowen.bx/u0a194 for next-top-activity {io.taowen.bx/com.winlator.BionicXActivity}
V/WindowManager( 2320): Sent Transition #39 createdAt=08-14 03:25:43.033 via request=TransitionRequestInfo { type = OPEN, triggerTask = TaskInfo{userId=0 taskId=1231 displayId=0 isRunning=true baseIntent=Intent { flg=0x10000000 cmp=io.taowen.bx/com.winlator.BionicXActivity } baseActivity=ComponentInfo{io.taowen.bx/com.winlator.BionicXActivity} topActivity=ComponentInfo{io.taowen.bx/com.winlator.BionicXActivity} origActivity=null realActivity=ComponentInfo{io.taowen.bx/com.winlator.BionicXActivity} numActivities=1 lastActiveTime=1371582 supportsMultiWindow=true resizeMode=1 isResizeable=true minWidth=-1 minHeight=-1 defaultMinSize=220 token=WCT{RemoteToken{d2ae25d Task{c15093b #1231 type=standard A=10194:io.taowen.bx}}} topActivityType=1 pictureInPictureParams=null shouldDockBigOverlays=false launchIntoPipHostTaskId=-1 lastParentTaskIdBeforePip=-1 displayCutoutSafeInsets=null topActivityInfo=ActivityInfo{d28e7d2 com.winlator.BionicXActivity} launchCookies=[] positionInParent=Point(0, 0) parentTaskId=-1 isFocused=false isVisible=false isVisibleRequested=false isSleeping=false topActivityInSizeCompat=false topActivityEligibleForLetterboxEducation= false topActivityLetterboxed= false isFromDoubleTap= false topActivityLetterboxVerticalPosition= -1 topActivityLetterboxHorizontalPosition= -1 topActivityLetterboxWidth=-1 topActivityLetterboxHeight=-1 locusId=null displayAreaFeatureId=1 cameraCompatControlState=hidden}, remoteTransition = null, displayChange = null }
W/WindowManager( 2320): Failed to deliver inset control state change to w=Window{459a0f0 u0 io.taowen.bx/com.winlator.BionicXActivity EXITING}
W/WindowManager( 2320): Exception thrown during dispatchAppVisibility Window{459a0f0 u0 io.taowen.bx/com.winlator.BionicXActivity EXITING}
I/BionicX (23431): profile=evince display=1920x1080@144 socket=filesystem
I/BionicX (23431): runtime DNS servers=2
I/BionicX (23431): launching Evince (Debian trixie ARM64): [/data/user/0/io.taowen.bx/files/bin/bionicx-exec, --cwd, /data/user/0/io.taowen.bx/files/homes/evince, --env, DISPLAY=:0, --env, HOME=/data/user/0/io.taowen.bx/files/homes/evince, --env, TMPDIR=/data/user/0/io.taowen.bx/files/run/evince, --env, XDG_RUNTIME_DIR=/data/user/0/io.taowen.bx/files/run/evince/runtime, --env, XDG_CONFIG_HOME=/data/user/0/io.taowen.bx/files/homes/evince/.config, --env, XDG_CACHE_HOME=/data/user/0/io.taowen.bx/files/homes/evince/.cache, --env, XDG_DATA_HOME=/data/user/0/io.taowen.bx/files/homes/evince/.local/share, --env, XDG_DATA_DIRS=/data/user/0/io.taowen.bx/files/rootfs/usr/local/share:/data/user/0/io.taowen.bx/files/rootfs/usr/share, --env, GSETTINGS_SCHEMA_DIR=/data/user/0/io.taowen.bx/files/rootfs/usr/share/glib-2.0/schemas, --env, GSETTINGS_BACKEND=memory, --env, EV_BACKENDS_DIR=/data/user/0/io.taowen.bx/files/rootfs/usr/lib/aarch64-linux-gnu/evince/4/backends, --env, GDK_PIXBUF_MODULE_FILE=/data/user/0/io.taowen.bx/files/rootfs/usr/lib/aarch64-linux-gnu/gdk-pixbuf-2.0/2.10.0/loaders.cache, --env, DBUS_SESSION_BUS_ADDRESS=disabled:, --env, NO_AT_BRIDGE=1, --env, PATH=/data/user/0/io.taowen.bx/files/rootfs/usr/bin:/data/user/0/io.taowen.bx/files/rootfs/bin:/product/bin:/system/bin, --env, LANG=C.UTF-8, --env, BIONICX_DNS_SERVERS=fe80::1%wlan0,192.168.1.1, --env, BIONICX_ROOTFS=/data/user/0/io.taowen.bx/files/rootfs, --env, BIONICX_APP=/data/user/0/io.taowen.bx/files/apps/evince, --env, LD_LIBRARY_PATH=/data/user/0/io.taowen.bx/files/apps/evince/lib, --env, BIONICX_TMPDIR=/data/user/0/io.taowen.bx/cache, --env, FONTCONFIG_PATH=/data/user/0/io.taowen.bx/files/rootfs/etc/fonts, --env, FONTCONFIG_FILE=fonts.conf, --env, FONTCONFIG_SYSROOT=/data/user/0/io.taowen.bx/files/rootfs, --env, LD_PRELOAD=/data/user/0/io.taowen.bx/files/lib/libbionicx-runtime.so, --, /data/user/0/io.taowen.bx/files/rootfs/usr/bin/evince, /data/user/0/io.taowen.bx/files/apps/evince/fixtures/bionicx-pages.pdf]
D/CoreBackPreview( 2320): Window{2ff1885 u0 io.taowen.bx/com.winlator.BionicXActivity}: Setting back callback OnBackInvokedCallbackInfo{mCallback=android.window.IOnBackInvokedCallback$Stub$Proxy@d24fc94, mPriority=0, mIsAnimationCallback=false}
I/BionicX (23431): bionicx-exec: running untraced pid=23462
I/ActivityTaskManager( 2320): Displayed io.taowen.bx/com.winlator.BionicXActivity for user 0: +193ms
I/Zygote  ( 1294): Process 23212 exited due to signal 9 (Killed)
evince alive=1 bytes=64383 shot=/tmp/grok-goal-3794b08cb732/implementer/evince.png
===== 2026-08-14T03:25:56+08:00 libreoffice-writer =====
profile libreoffice-writer is valid
bionicx-exec: running untraced pid=23700
bionicx-exec: running untraced pid=23711
bionicx ELF fixups: 2 entries
installed profile libreoffice-writer for io.taowen.bx
W/ActivityTaskManager( 2320): Force removing ActivityRecord{5e073ca u0 io.taowen.bx/com.winlator.BionicXActivity t1231 f}}: app died, no saved state
V/WindowManagerShell( 2661): Transition requested: android.os.BinderProxy@89a7c56 TransitionRequestInfo { type = CLOSE, triggerTask = TaskInfo{userId=0 taskId=1231 displayId=0 isRunning=false baseIntent=Intent { flg=0x10000000 cmp=io.taowen.bx/com.winlator.BionicXActivity } baseActivity=null topActivity=null origActivity=null realActivity=ComponentInfo{io.taowen.bx/com.winlator.BionicXActivity} numActivities=0 lastActiveTime=1371616 supportsMultiWindow=true resizeMode=1 isResizeable=true minWidth=-1 minHeight=-1 defaultMinSize=220 token=WCT{android.window.IWindowContainerToken$Stub$Proxy@c2d54d7} topActivityType=1 pictureInPictureParams=null shouldDockBigOverlays=false launchIntoPipHostTaskId=-1 lastParentTaskIdBeforePip=-1 displayCutoutSafeInsets=null topActivityInfo=null launchCookies=[] positionInParent=Point(0, 0) parentTaskId=-1 isFocused=true isVisible=true isVisibleRequested=true isSleeping=false topActivityInSizeCompat=false topActivityEligibleForLetterboxEducation= false topActivityLetterboxed= false isFromDoubleTap= false topActivityLetterboxVerticalPosition= -1 topActivityLetterboxHorizontalPosition= -1 topActivityLetterboxWidth=-1 topActivityLetterboxHeight=-1 locusId=null displayAreaFeatureId=1 cameraCompatControlState=hidden}, remoteTransition = null, displayChange = null }
I/Zygote  ( 1294): Process 23431 exited due to signal 9 (Killed)
I/WindowManager( 2320): WIN DEATH: Window{2ff1885 u0 io.taowen.bx/com.winlator.BionicXActivity}
W/InputManager-JNI( 2320): Input channel object '2ff1885 io.taowen.bx/com.winlator.BionicXActivity (client)' was disposed without first being removed with the input manager!
W/WindowManager( 2320): Failed to deliver inset control state change to w=Window{2ff1885 u0 io.taowen.bx/com.winlator.BionicXActivity EXITING}
V/WindowManager( 2320): Sent Transition #40 createdAt=08-14 03:26:02.848 via request=TransitionRequestInfo { type = CLOSE, triggerTask = TaskInfo{userId=0 taskId=1231 displayId=0 isRunning=false baseIntent=Intent { flg=0x10000000 cmp=io.taowen.bx/com.winlator.BionicXActivity } baseActivity=null topActivity=null origActivity=null realActivity=ComponentInfo{io.taowen.bx/com.winlator.BionicXActivity} numActivities=0 lastActiveTime=1371616 supportsMultiWindow=true resizeMode=1 isResizeable=true minWidth=-1 minHeight=-1 defaultMinSize=220 token=WCT{RemoteToken{d2ae25d Task{c15093b #1231 type=standard A=10194:io.taowen.bx}}} topActivityType=1 pictureInPictureParams=null shouldDockBigOverlays=false launchIntoPipHostTaskId=-1 lastParentTaskIdBeforePip=-1 displayCutoutSafeInsets=null topActivityInfo=null launchCookies=[] positionInParent=Point(0, 0) parentTaskId=-1 isFocused=true isVisible=true isVisibleRequested=true isSleeping=false topActivityInSizeCompat=false topActivityEligibleForLetterboxEducation= false topActivityLetterboxed= false isFromDoubleTap= false topActivityLetterboxVerticalPosition= -1 topActivityLetterboxHorizontalPosition= -1 topActivityLetterboxWidth=-1 topActivityLetterboxHeight=-1 locusId=null displayAreaFeatureId=1 cameraCompatControlState=hidden}, remoteTransition = null, displayChange = null }
W/WindowManager( 2320): Failed to deliver inset control state change to w=Window{2ff1885 u0 io.taowen.bx/com.winlator.BionicXActivity EXITING}
I/ActivityTaskManager( 2320): START u0 {flg=0x10000000 cmp=io.taowen.bx/com.winlator.BionicXActivity} with LAUNCH_MULTIPLE from uid 2000 (BAL_ALLOW_PERMISSION) result code=0
V/WindowManagerShell( 2661): Transition requested: android.os.BinderProxy@64790de TransitionRequestInfo { type = OPEN, triggerTask = TaskInfo{userId=0 taskId=1232 displayId=0 isRunning=true baseIntent=Intent { flg=0x10000000 cmp=io.taowen.bx/com.winlator.BionicXActivity } baseActivity=ComponentInfo{io.taowen.bx/com.winlator.BionicXActivity} topActivity=ComponentInfo{io.taowen.bx/com.winlator.BionicXActivity} origActivity=null realActivity=ComponentInfo{io.taowen.bx/com.winlator.BionicXActivity} numActivities=1 lastActiveTime=1391900 supportsMultiWindow=true resizeMode=1 isResizeable=true minWidth=-1 minHeight=-1 defaultMinSize=220 token=WCT{android.window.IWindowContainerToken$Stub$Proxy@45082bf} topActivityType=1 pictureInPictureParams=null shouldDockBigOverlays=false launchIntoPipHostTaskId=-1 lastParentTaskIdBeforePip=-1 displayCutoutSafeInsets=null topActivityInfo=ActivityInfo{cd80d8c com.winlator.BionicXActivity} launchCookies=[] positionInParent=Point(0, 0) parentTaskId=-1 isFocused=false isVisible=false isVisibleRequested=false isSleeping=false topActivityInSizeCompat=false topActivityEligibleForLetterboxEducation= false topActivityLetterboxed= false isFromDoubleTap= false topActivityLetterboxVerticalPosition= -1 topActivityLetterboxHorizontalPosition= -1 topActivityLetterboxWidth=-1 topActivityLetterboxHeight=-1 locusId=null displayAreaFeatureId=1 cameraCompatControlState=hidden}, remoteTransition = null, displayChange = null }
I/ActivityManager( 2320): Start proc 23798:io.taowen.bx/u0a194 for next-top-activity {io.taowen.bx/com.winlator.BionicXActivity}
V/WindowManager( 2320): Sent Transition #41 createdAt=08-14 03:26:03.352 via request=TransitionRequestInfo { type = OPEN, triggerTask = TaskInfo{userId=0 taskId=1232 displayId=0 isRunning=true baseIntent=Intent { flg=0x10000000 cmp=io.taowen.bx/com.winlator.BionicXActivity } baseActivity=ComponentInfo{io.taowen.bx/com.winlator.BionicXActivity} topActivity=ComponentInfo{io.taowen.bx/com.winlator.BionicXActivity} origActivity=null realActivity=ComponentInfo{io.taowen.bx/com.winlator.BionicXActivity} numActivities=1 lastActiveTime=1391900 supportsMultiWindow=true resizeMode=1 isResizeable=true minWidth=-1 minHeight=-1 defaultMinSize=220 token=WCT{RemoteToken{ee7fc03 Task{9de53e4 #1232 type=standard A=10194:io.taowen.bx}}} topActivityType=1 pictureInPictureParams=null shouldDockBigOverlays=false launchIntoPipHostTaskId=-1 lastParentTaskIdBeforePip=-1 displayCutoutSafeInsets=null topActivityInfo=ActivityInfo{4e16780 com.winlator.BionicXActivity} launchCookies=[] positionInParent=Point(0, 0) parentTaskId=-1 isFocused=false isVisible=false isVisibleRequested=false isSleeping=false topActivityInSizeCompat=false topActivityEligibleForLetterboxEducation= false topActivityLetterboxed= false isFromDoubleTap= false topActivityLetterboxVerticalPosition= -1 topActivityLetterboxHorizontalPosition= -1 topActivityLetterboxWidth=-1 topActivityLetterboxHeight=-1 locusId=null displayAreaFeatureId=1 cameraCompatControlState=hidden}, remoteTransition = null, displayChange = null }
W/WindowManager( 2320): Failed to deliver inset control state change to w=Window{2ff1885 u0 io.taowen.bx/com.winlator.BionicXActivity EXITING}
W/WindowManager( 2320): Failed to deliver inset control state change to w=Window{2ff1885 u0 io.taowen.bx/com.winlator.BionicXActivity EXITING}
W/WindowManager( 2320): Exception thrown during dispatchAppVisibility Window{2ff1885 u0 io.taowen.bx/com.winlator.BionicXActivity EXITING}
I/BionicX (23798): profile=libreoffice-writer display=1920x1080@144 socket=filesystem
I/BionicX (23798): runtime DNS servers=2
I/BionicX (23798): launching LibreOffice Writer (Debian trixie ARM64): [/data/user/0/io.taowen.bx/files/bin/bionicx-exec, --cwd, /data/user/0/io.taowen.bx/files/rootfs/usr/lib/libreoffice/program, --env, DISPLAY=:0, --env, HOME=/data/user/0/io.taowen.bx/files/homes/libreoffice-writer, --env, TMPDIR=/data/user/0/io.taowen.bx/cache, --env, TEMP=/data/user/0/io.taowen.bx/cache, --env, XDG_RUNTIME_DIR=/data/user/0/io.taowen.bx/files/run/libreoffice-writer/runtime, --env, XDG_CONFIG_HOME=/data/user/0/io.taowen.bx/files/homes/libreoffice-writer/.config, --env, XDG_CACHE_HOME=/data/user/0/io.taowen.bx/files/homes/libreoffice-writer/.cache, --env, XDG_DATA_HOME=/data/user/0/io.taowen.bx/files/homes/libreoffice-writer/.local/share, --env, XDG_DATA_DIRS=/data/user/0/io.taowen.bx/files/rootfs/usr/local/share:/data/user/0/io.taowen.bx/files/rootfs/usr/share, --env, GDK_PIXBUF_MODULE_FILE=/data/user/0/io.taowen.bx/files/rootfs/usr/lib/aarch64-linux-gnu/gdk-pixbuf-2.0/2.10.0/loaders.cache, --env, SAL_USE_VCLPLUGIN=gtk3, --env, SAL_DISABLE_OPENCL=1, --env, DISABLE_EXTENSION_SYNCHRONIZATION=1, --env, DBUS_SESSION_BUS_ADDRESS=disabled:, --env, NO_AT_BRIDGE=1, --env, PATH=/data/user/0/io.taowen.bx/files/rootfs/usr/bin:/data/user/0/io.taowen.bx/files/rootfs/bin:/product/bin:/system/bin, --env, LANG=C.UTF-8, --env, BIONICX_DNS_SERVERS=fe80::1%wlan0,192.168.1.1, --env, BIONICX_ROOTFS=/data/user/0/io.taowen.bx/files/rootfs, --env, BIONICX_APP=/data/user/0/io.taowen.bx/files/apps/libreoffice-writer, --env, LD_LIBRARY_PATH=/data/user/0/io.taowen.bx/files/apps/libreoffice-writer/lib, --env, BIONICX_TMPDIR=/data/user/0/io.taowen.bx/cache, --env, FONTCONFIG_PATH=/data/user/0/io.taowen.bx/files/rootfs/etc/fonts, --env, FONTCONFIG_FILE=fonts.conf, --env, FONTCONFIG_SYSROOT=/data/user/0/io.taowen.bx/files/rootfs, --env, LD_PRELOAD=/data/user/0/io.taowen.bx/files/lib/libbionicx-runtime.so, --, /data/user/0/io.taowen.bx/files/rootfs/bin/sh, /data/user/0/io.taowen.bx/files/rootfs/usr/bin/soffice, --writer, --nologo, --nofirststartwizard, --norestore, --nodefault, /data/user/0/io.taowen.bx/files/apps/libreoffice-writer/fixtures/bionicx-writer.odt]
I/BionicX (23798): bionicx-exec: running untraced pid=23831
D/CoreBackPreview( 2320): Window{f9ea586 u0 io.taowen.bx/com.winlator.BionicXActivity}: Setting back callback OnBackInvokedCallbackInfo{mCallback=android.window.IOnBackInvokedCallback$Stub$Proxy@32f1099, mPriority=0, mIsAnimationCallback=false}
I/BionicX (23798): Warning: failed to launch javaldx - java may not function correctly
I/ActivityTaskManager( 2320): Displayed io.taowen.bx/com.winlator.BionicXActivity for user 0: +192ms
I/BionicX (23798): bionicx-exec: session child pid=23881 exited status=0x0
I/BionicX (23798): bionicx-exec: session child pid=23883 exited status=0x0
I/BionicX (23798): bionicx-exec: session child pid=23885 exited status=0x0
I/BionicX (23798): bionicx-exec: session child pid=23887 exited status=0x0
I/BionicX (23798): bionicx-exec: session child pid=23889 exited status=0x0
I/Zygote  ( 1294): Process 23573 exited due to signal 9 (Killed)
libreoffice-writer alive=1 bytes=74296 shot=/tmp/grok-goal-3794b08cb732/implementer/libreoffice-writer.png
===== 2026-08-14T03:26:13+08:00 gimp =====
profile gimp is valid
bionicx-exec: running untraced pid=24149
bionicx-exec: running untraced pid=24162
bionicx ELF fixups: 2 entries
installed profile gimp for io.taowen.bx
W/ActivityTaskManager( 2320): Force removing ActivityRecord{ff50b77 u0 io.taowen.bx/com.winlator.BionicXActivity t1232 f}}: app died, no saved state
V/WindowManagerShell( 2661): Transition requested: android.os.BinderProxy@1b1d2e7 TransitionRequestInfo { type = CLOSE, triggerTask = TaskInfo{userId=0 taskId=1232 displayId=0 isRunning=false baseIntent=Intent { flg=0x10000000 cmp=io.taowen.bx/com.winlator.BionicXActivity } baseActivity=null topActivity=null origActivity=null realActivity=ComponentInfo{io.taowen.bx/com.winlator.BionicXActivity} numActivities=0 lastActiveTime=1391929 supportsMultiWindow=true resizeMode=1 isResizeable=true minWidth=-1 minHeight=-1 defaultMinSize=220 token=WCT{android.window.IWindowContainerToken$Stub$Proxy@ca35e94} topActivityType=1 pictureInPictureParams=null shouldDockBigOverlays=false launchIntoPipHostTaskId=-1 lastParentTaskIdBeforePip=-1 displayCutoutSafeInsets=null topActivityInfo=null launchCookies=[] positionInParent=Point(0, 0) parentTaskId=-1 isFocused=true isVisible=true isVisibleRequested=true isSleeping=false topActivityInSizeCompat=false topActivityEligibleForLetterboxEducation= false topActivityLetterboxed= false isFromDoubleTap= false topActivityLetterboxVerticalPosition= -1 topActivityLetterboxHorizontalPosition= -1 topActivityLetterboxWidth=-1 topActivityLetterboxHeight=-1 locusId=null displayAreaFeatureId=1 cameraCompatControlState=hidden}, remoteTransition = null, displayChange = null }
I/Zygote  ( 1294): Process 23798 exited due to signal 9 (Killed)
I/WindowManager( 2320): WIN DEATH: Window{f9ea586 u0 io.taowen.bx/com.winlator.BionicXActivity}
W/InputManager-JNI( 2320): Input channel object 'f9ea586 io.taowen.bx/com.winlator.BionicXActivity (client)' was disposed without first being removed with the input manager!
W/WindowManager( 2320): Failed to deliver inset control state change to w=Window{f9ea586 u0 io.taowen.bx/com.winlator.BionicXActivity EXITING}
V/WindowManager( 2320): Sent Transition #42 createdAt=08-14 03:26:19.967 via request=TransitionRequestInfo { type = CLOSE, triggerTask = TaskInfo{userId=0 taskId=1232 displayId=0 isRunning=false baseIntent=Intent { flg=0x10000000 cmp=io.taowen.bx/com.winlator.BionicXActivity } baseActivity=null topActivity=null origActivity=null realActivity=ComponentInfo{io.taowen.bx/com.winlator.BionicXActivity} numActivities=0 lastActiveTime=1391929 supportsMultiWindow=true resizeMode=1 isResizeable=true minWidth=-1 minHeight=-1 defaultMinSize=220 token=WCT{RemoteToken{ee7fc03 Task{9de53e4 #1232 type=standard A=10194:io.taowen.bx}}} topActivityType=1 pictureInPictureParams=null shouldDockBigOverlays=false launchIntoPipHostTaskId=-1 lastParentTaskIdBeforePip=-1 displayCutoutSafeInsets=null topActivityInfo=null launchCookies=[] positionInParent=Point(0, 0) parentTaskId=-1 isFocused=true isVisible=true isVisibleRequested=true isSleeping=false topActivityInSizeCompat=false topActivityEligibleForLetterboxEducation= false topActivityLetterboxed= false isFromDoubleTap= false topActivityLetterboxVerticalPosition= -1 topActivityLetterboxHorizontalPosition= -1 topActivityLetterboxWidth=-1 topActivityLetterboxHeight=-1 locusId=null displayAreaFeatureId=1 cameraCompatControlState=hidden}, remoteTransition = null, displayChange = null }
W/WindowManager( 2320): Failed to deliver inset control state change to w=Window{f9ea586 u0 io.taowen.bx/com.winlator.BionicXActivity EXITING}
I/ActivityTaskManager( 2320): START u0 {flg=0x10000000 cmp=io.taowen.bx/com.winlator.BionicXActivity} with LAUNCH_MULTIPLE from uid 2000 (BAL_ALLOW_PERMISSION) result code=0
V/WindowManagerShell( 2661): Transition requested: android.os.BinderProxy@cb8d6cf TransitionRequestInfo { type = OPEN, triggerTask = TaskInfo{userId=0 taskId=1233 displayId=0 isRunning=true baseIntent=Intent { flg=0x10000000 cmp=io.taowen.bx/com.winlator.BionicXActivity } baseActivity=ComponentInfo{io.taowen.bx/com.winlator.BionicXActivity} topActivity=ComponentInfo{io.taowen.bx/com.winlator.BionicXActivity} origActivity=null realActivity=ComponentInfo{io.taowen.bx/com.winlator.BionicXActivity} numActivities=1 lastActiveTime=1409002 supportsMultiWindow=true resizeMode=1 isResizeable=true minWidth=-1 minHeight=-1 defaultMinSize=220 token=WCT{android.window.IWindowContainerToken$Stub$Proxy@f40b85c} topActivityType=1 pictureInPictureParams=null shouldDockBigOverlays=false launchIntoPipHostTaskId=-1 lastParentTaskIdBeforePip=-1 displayCutoutSafeInsets=null topActivityInfo=ActivityInfo{9e2b765 com.winlator.BionicXActivity} launchCookies=[] positionInParent=Point(0, 0) parentTaskId=-1 isFocused=false isVisible=false isVisibleRequested=false isSleeping=false topActivityInSizeCompat=false topActivityEligibleForLetterboxEducation= false topActivityLetterboxed= false isFromDoubleTap= false topActivityLetterboxVerticalPosition= -1 topActivityLetterboxHorizontalPosition= -1 topActivityLetterboxWidth=-1 topActivityLetterboxHeight=-1 locusId=null displayAreaFeatureId=1 cameraCompatControlState=hidden}, remoteTransition = null, displayChange = null }
I/ActivityManager( 2320): Start proc 24252:io.taowen.bx/u0a194 for next-top-activity {io.taowen.bx/com.winlator.BionicXActivity}
V/WindowManager( 2320): Sent Transition #43 createdAt=08-14 03:26:20.454 via request=TransitionRequestInfo { type = OPEN, triggerTask = TaskInfo{userId=0 taskId=1233 displayId=0 isRunning=true baseIntent=Intent { flg=0x10000000 cmp=io.taowen.bx/com.winlator.BionicXActivity } baseActivity=ComponentInfo{io.taowen.bx/com.winlator.BionicXActivity} topActivity=ComponentInfo{io.taowen.bx/com.winlator.BionicXActivity} origActivity=null realActivity=ComponentInfo{io.taowen.bx/com.winlator.BionicXActivity} numActivities=1 lastActiveTime=1409002 supportsMultiWindow=true resizeMode=1 isResizeable=true minWidth=-1 minHeight=-1 defaultMinSize=220 token=WCT{RemoteToken{6ace30a Task{6e4b305 #1233 type=standard A=10194:io.taowen.bx}}} topActivityType=1 pictureInPictureParams=null shouldDockBigOverlays=false launchIntoPipHostTaskId=-1 lastParentTaskIdBeforePip=-1 displayCutoutSafeInsets=null topActivityInfo=ActivityInfo{885e77b com.winlator.BionicXActivity} launchCookies=[] positionInParent=Point(0, 0) parentTaskId=-1 isFocused=false isVisible=false isVisibleRequested=false isSleeping=false topActivityInSizeCompat=false topActivityEligibleForLetterboxEducation= false topActivityLetterboxed= false isFromDoubleTap= false topActivityLetterboxVerticalPosition= -1 topActivityLetterboxHorizontalPosition= -1 topActivityLetterboxWidth=-1 topActivityLetterboxHeight=-1 locusId=null displayAreaFeatureId=1 cameraCompatControlState=hidden}, remoteTransition = null, displayChange = null }
W/WindowManager( 2320): Failed to deliver inset control state change to w=Window{f9ea586 u0 io.taowen.bx/com.winlator.BionicXActivity EXITING}
W/WindowManager( 2320): Failed to deliver inset control state change to w=Window{f9ea586 u0 io.taowen.bx/com.winlator.BionicXActivity EXITING}
W/WindowManager( 2320): Exception thrown during dispatchAppVisibility Window{f9ea586 u0 io.taowen.bx/com.winlator.BionicXActivity EXITING}
I/BionicX (24252): profile=gimp display=1920x1080@144 socket=filesystem
I/BionicX (24252): runtime DNS servers=2
I/BionicX (24252): launching GIMP 3 (Debian trixie ARM64): [/data/user/0/io.taowen.bx/files/bin/bionicx-exec, --cwd, /data/user/0/io.taowen.bx/files/homes/gimp, --env, DISPLAY=:0, --env, HOME=/data/user/0/io.taowen.bx/files/homes/gimp, --env, TMPDIR=/data/user/0/io.taowen.bx/cache, --env, XDG_RUNTIME_DIR=/data/user/0/io.taowen.bx/files/run/gimp/runtime, --env, XDG_CONFIG_HOME=/data/user/0/io.taowen.bx/files/homes/gimp/.config, --env, XDG_CACHE_HOME=/data/user/0/io.taowen.bx/files/homes/gimp/.cache, --env, XDG_DATA_HOME=/data/user/0/io.taowen.bx/files/homes/gimp/.local/share, --env, XDG_DATA_DIRS=/data/user/0/io.taowen.bx/files/rootfs/usr/local/share:/data/user/0/io.taowen.bx/files/rootfs/usr/share, --env, GSETTINGS_SCHEMA_DIR=/data/user/0/io.taowen.bx/files/rootfs/usr/share/glib-2.0/schemas, --env, GSETTINGS_BACKEND=memory, --env, BABL_PATH=/data/user/0/io.taowen.bx/files/rootfs/usr/lib/aarch64-linux-gnu/babl-0.1, --env, GEGL_PATH=/data/user/0/io.taowen.bx/files/rootfs/usr/lib/aarch64-linux-gnu/gegl-0.4, --env, GIMP3_DATADIR=/data/user/0/io.taowen.bx/files/rootfs/usr/share/gimp/3.0, --env, GIMP3_SYSCONFDIR=/data/user/0/io.taowen.bx/files/rootfs/etc/gimp/3.0, --env, GIMP3_PLUGINDIR=/data/user/0/io.taowen.bx/files/rootfs/usr/lib/aarch64-linux-gnu/gimp/3.0, --env, GI_TYPELIB_PATH=/data/user/0/io.taowen.bx/files/rootfs/usr/lib/aarch64-linux-gnu/girepository-1.0, --env, ICEWM_PRIVCFG=/data/user/0/io.taowen.bx/files/rootfs/usr/share/icewm, --env, IMLIB2_LOADER_PATH=/data/user/0/io.taowen.bx/files/rootfs/usr/lib/aarch64-linux-gnu/imlib2/loaders, --env, GDK_PIXBUF_MODULE_FILE=/data/user/0/io.taowen.bx/files/rootfs/usr/lib/aarch64-linux-gnu/gdk-pixbuf-2.0/2.10.0/loaders.cache, --env, DBUS_SESSION_BUS_ADDRESS=disabled:, --env, NO_AT_BRIDGE=1, --env, PATH=/data/user/0/io.taowen.bx/files/rootfs/usr/bin:/data/user/0/io.taowen.bx/files/rootfs/bin:/product/bin:/system/bin, --env, LANG=C.UTF-8, --env, BIONICX_DNS_SERVERS=fe80::1%wlan0,192.168.1.1, --env, BIONICX_ROOTFS=/data/user/0/io.taowen.bx/files/rootfs, --env, BIONICX_APP=/data/user/0/io.taowen.bx/files/apps/gimp, --env, LD_LIBRARY_PATH=/data/user/0/io.taowen.bx/files/apps/gimp/lib, --env, BIONICX_TMPDIR=/data/user/0/io.taowen.bx/cache, --env, FONTCONFIG_PATH=/data/user/0/io.taowen.bx/files/rootfs/etc/fonts, --env, FONTCONFIG_FILE=fonts.conf, --env, FONTCONFIG_SYSROOT=/data/user/0/io.taowen.bx/files/rootfs, --env, LD_PRELOAD=/data/user/0/io.taowen.bx/files/lib/libbionicx-runtime.so, --, /data/user/0/io.taowen.bx/files/rootfs/usr/bin/bash, -c, "/data/user/0/io.taowen.bx/files/rootfs/usr/bin/icewm" --sync & sleep 1; exec "/data/user/0/io.taowen.bx/files/rootfs/usr/bin/gimp-3.0" --no-splash --console-messages --gimprc "/data/user/0/io.taowen.bx/files/apps/gimp/fixtures/gimprc" "/data/user/0/io.taowen.bx/files/apps/gimp/fixtures/bionicx-image.ppm"]
D/CoreBackPreview( 2320): Window{d8c7e3f u0 io.taowen.bx/com.winlator.BionicXActivity}: Setting back callback OnBackInvokedCallbackInfo{mCallback=android.window.IOnBackInvokedCallback$Stub$Proxy@7654736, mPriority=0, mIsAnimationCallback=false}
I/BionicX (24252): bionicx-exec: running untraced pid=24283
I/ActivityTaskManager( 2320): Displayed io.taowen.bx/com.winlator.BionicXActivity for user 0: +202ms
I/BionicX (24252): Unknown or unsupported transport “disabled” for address “disabled:”
I/BionicX (24252): [script-fu-test-sphere-v3] The catalog directory does not exist: /data/user/0/io.taowen.bx/files/rootfs/usr/lib/aarch64-linux-gnu/gimp/3.0/plug-ins/test-sphere-v3/locale
I/BionicX (24252): [script-fu-test-sphere-v3] Override method set_i18n() for the plug-in to customize or disable localization.
I/BionicX (24252): [script-fu-test-sphere-v3] Localization disabled
I/BionicX (24252): gui_dbus_name_lost: connection to the bus cannot be established.
I/Zygote  ( 1294): Process 24000 exited due to signal 9 (Killed)
gimp alive=1 bytes=391212 shot=/tmp/grok-goal-3794b08cb732/implementer/gimp.png
===== 2026-08-14T03:26:29+08:00 inkscape =====
profile inkscape is valid
bionicx-exec: running untraced pid=24743
bionicx-exec: running untraced pid=24755
bionicx ELF fixups: 2 entries
installed profile inkscape for io.taowen.bx
W/ActivityTaskManager( 2320): Force removing ActivityRecord{9a4de7c u0 io.taowen.bx/com.winlator.BionicXActivity t1233 f}}: app died, no saved state
V/WindowManagerShell( 2661): Transition requested: android.os.BinderProxy@171d4d2 TransitionRequestInfo { type = CLOSE, triggerTask = TaskInfo{userId=0 taskId=1233 displayId=0 isRunning=false baseIntent=Intent { flg=0x10000000 cmp=io.taowen.bx/com.winlator.BionicXActivity } baseActivity=null topActivity=null origActivity=null realActivity=ComponentInfo{io.taowen.bx/com.winlator.BionicXActivity} numActivities=0 lastActiveTime=1409041 supportsMultiWindow=true resizeMode=1 isResizeable=true minWidth=-1 minHeight=-1 defaultMinSize=220 token=WCT{android.window.IWindowContainerToken$Stub$Proxy@8bbc9a3} topActivityType=1 pictureInPictureParams=null shouldDockBigOverlays=false launchIntoPipHostTaskId=-1 lastParentTaskIdBeforePip=-1 displayCutoutSafeInsets=null topActivityInfo=null launchCookies=[] positionInParent=Point(0, 0) parentTaskId=-1 isFocused=true isVisible=true isVisibleRequested=true isSleeping=false topActivityInSizeCompat=false topActivityEligibleForLetterboxEducation= false topActivityLetterboxed= false isFromDoubleTap= false topActivityLetterboxVerticalPosition= -1 topActivityLetterboxHorizontalPosition= -1 topActivityLetterboxWidth=-1 topActivityLetterboxHeight=-1 locusId=null displayAreaFeatureId=1 cameraCompatControlState=hidden}, remoteTransition = null, displayChange = null }
I/Zygote  ( 1294): Process 24252 exited due to signal 9 (Killed)
I/WindowManager( 2320): WIN DEATH: Window{d8c7e3f u0 io.taowen.bx/com.winlator.BionicXActivity}
W/InputManager-JNI( 2320): Input channel object 'd8c7e3f io.taowen.bx/com.winlator.BionicXActivity (client)' was disposed without first being removed with the input manager!
W/WindowManager( 2320): Failed to deliver inset control state change to w=Window{d8c7e3f u0 io.taowen.bx/com.winlator.BionicXActivity EXITING}
V/WindowManager( 2320): Sent Transition #44 createdAt=08-14 03:26:36.056 via request=TransitionRequestInfo { type = CLOSE, triggerTask = TaskInfo{userId=0 taskId=1233 displayId=0 isRunning=false baseIntent=Intent { flg=0x10000000 cmp=io.taowen.bx/com.winlator.BionicXActivity } baseActivity=null topActivity=null origActivity=null realActivity=ComponentInfo{io.taowen.bx/com.winlator.BionicXActivity} numActivities=0 lastActiveTime=1409041 supportsMultiWindow=true resizeMode=1 isResizeable=true minWidth=-1 minHeight=-1 defaultMinSize=220 token=WCT{RemoteToken{6ace30a Task{6e4b305 #1233 type=standard A=10194:io.taowen.bx}}} topActivityType=1 pictureInPictureParams=null shouldDockBigOverlays=false launchIntoPipHostTaskId=-1 lastParentTaskIdBeforePip=-1 displayCutoutSafeInsets=null topActivityInfo=null launchCookies=[] positionInParent=Point(0, 0) parentTaskId=-1 isFocused=true isVisible=true isVisibleRequested=true isSleeping=false topActivityInSizeCompat=false topActivityEligibleForLetterboxEducation= false topActivityLetterboxed= false isFromDoubleTap= false topActivityLetterboxVerticalPosition= -1 topActivityLetterboxHorizontalPosition= -1 topActivityLetterboxWidth=-1 topActivityLetterboxHeight=-1 locusId=null displayAreaFeatureId=1 cameraCompatControlState=hidden}, remoteTransition = null, displayChange = null }
W/WindowManager( 2320): Failed to deliver inset control state change to w=Window{d8c7e3f u0 io.taowen.bx/com.winlator.BionicXActivity EXITING}
I/ActivityTaskManager( 2320): START u0 {flg=0x10000000 cmp=io.taowen.bx/com.winlator.BionicXActivity} with LAUNCH_MULTIPLE from uid 2000 (BAL_ALLOW_PERMISSION) result code=0
V/WindowManagerShell( 2661): Transition requested: android.os.BinderProxy@d52700b TransitionRequestInfo { type = OPEN, triggerTask = TaskInfo{userId=0 taskId=1234 displayId=0 isRunning=true baseIntent=Intent { flg=0x10000000 cmp=io.taowen.bx/com.winlator.BionicXActivity } baseActivity=ComponentInfo{io.taowen.bx/com.winlator.BionicXActivity} topActivity=ComponentInfo{io.taowen.bx/com.winlator.BionicXActivity} origActivity=null realActivity=ComponentInfo{io.taowen.bx/com.winlator.BionicXActivity} numActivities=1 lastActiveTime=1425118 supportsMultiWindow=true resizeMode=1 isResizeable=true minWidth=-1 minHeight=-1 defaultMinSize=220 token=WCT{android.window.IWindowContainerToken$Stub$Proxy@dbf3ee8} topActivityType=1 pictureInPictureParams=null shouldDockBigOverlays=false launchIntoPipHostTaskId=-1 lastParentTaskIdBeforePip=-1 displayCutoutSafeInsets=null topActivityInfo=ActivityInfo{f08a901 com.winlator.BionicXActivity} launchCookies=[] positionInParent=Point(0, 0) parentTaskId=-1 isFocused=false isVisible=false isVisibleRequested=false isSleeping=false topActivityInSizeCompat=false topActivityEligibleForLetterboxEducation= false topActivityLetterboxed= false isFromDoubleTap= false topActivityLetterboxVerticalPosition= -1 topActivityLetterboxHorizontalPosition= -1 topActivityLetterboxWidth=-1 topActivityLetterboxHeight=-1 locusId=null displayAreaFeatureId=1 cameraCompatControlState=hidden}, remoteTransition = null, displayChange = null }
I/ActivityManager( 2320): Start proc 24845:io.taowen.bx/u0a194 for next-top-activity {io.taowen.bx/com.winlator.BionicXActivity}
W/WindowManager( 2320): Failed to deliver inset control state change to w=Window{d8c7e3f u0 io.taowen.bx/com.winlator.BionicXActivity EXITING}
V/WindowManager( 2320): Sent Transition #45 createdAt=08-14 03:26:36.571 via request=TransitionRequestInfo { type = OPEN, triggerTask = TaskInfo{userId=0 taskId=1234 displayId=0 isRunning=true baseIntent=Intent { flg=0x10000000 cmp=io.taowen.bx/com.winlator.BionicXActivity } baseActivity=ComponentInfo{io.taowen.bx/com.winlator.BionicXActivity} topActivity=ComponentInfo{io.taowen.bx/com.winlator.BionicXActivity} origActivity=null realActivity=ComponentInfo{io.taowen.bx/com.winlator.BionicXActivity} numActivities=1 lastActiveTime=1425118 supportsMultiWindow=true resizeMode=1 isResizeable=true minWidth=-1 minHeight=-1 defaultMinSize=220 token=WCT{RemoteToken{51c2045 Task{381e319 #1234 type=standard A=10194:io.taowen.bx}}} topActivityType=1 pictureInPictureParams=null shouldDockBigOverlays=false launchIntoPipHostTaskId=-1 lastParentTaskIdBeforePip=-1 displayCutoutSafeInsets=null topActivityInfo=ActivityInfo{92cf39a com.winlator.BionicXActivity} launchCookies=[] positionInParent=Point(0, 0) parentTaskId=-1 isFocused=false isVisible=false isVisibleRequested=false isSleeping=false topActivityInSizeCompat=false topActivityEligibleForLetterboxEducation= false topActivityLetterboxed= false isFromDoubleTap= false topActivityLetterboxVerticalPosition= -1 topActivityLetterboxHorizontalPosition= -1 topActivityLetterboxWidth=-1 topActivityLetterboxHeight=-1 locusId=null displayAreaFeatureId=1 cameraCompatControlState=hidden}, remoteTransition = null, displayChange = null }
W/WindowManager( 2320): Failed to deliver inset control state change to w=Window{d8c7e3f u0 io.taowen.bx/com.winlator.BionicXActivity EXITING}
W/WindowManager( 2320): Exception thrown during dispatchAppVisibility Window{d8c7e3f u0 io.taowen.bx/com.winlator.BionicXActivity EXITING}
I/BionicX (24845): profile=inkscape display=1920x1080@144 socket=filesystem
I/BionicX (24845): runtime DNS servers=2
I/BionicX (24845): launching Inkscape (Debian trixie ARM64): [/data/user/0/io.taowen.bx/files/bin/bionicx-exec, --cwd, /data/user/0/io.taowen.bx/files/homes/inkscape, --env, DISPLAY=:0, --env, HOME=/data/user/0/io.taowen.bx/files/homes/inkscape, --env, TMPDIR=/data/user/0/io.taowen.bx/cache, --env, XDG_RUNTIME_DIR=/data/user/0/io.taowen.bx/files/run/inkscape/runtime, --env, XDG_CONFIG_HOME=/data/user/0/io.taowen.bx/files/homes/inkscape/.config, --env, XDG_CACHE_HOME=/data/user/0/io.taowen.bx/files/homes/inkscape/.cache, --env, XDG_DATA_HOME=/data/user/0/io.taowen.bx/files/homes/inkscape/.local/share, --env, XDG_DATA_DIRS=/data/user/0/io.taowen.bx/files/rootfs/usr/local/share:/data/user/0/io.taowen.bx/files/rootfs/usr/share, --env, GSETTINGS_SCHEMA_DIR=/data/user/0/io.taowen.bx/files/rootfs/usr/share/glib-2.0/schemas, --env, GSETTINGS_BACKEND=memory, --env, INKSCAPE_DATADIR=/data/user/0/io.taowen.bx/files/rootfs/usr/share, --env, GDK_PIXBUF_MODULE_FILE=/data/user/0/io.taowen.bx/files/rootfs/usr/lib/aarch64-linux-gnu/gdk-pixbuf-2.0/2.10.0/loaders.cache, --env, DBUS_SESSION_BUS_ADDRESS=disabled:, --env, NO_AT_BRIDGE=1, --env, PATH=/data/user/0/io.taowen.bx/files/rootfs/usr/bin:/data/user/0/io.taowen.bx/files/rootfs/bin:/product/bin:/system/bin, --env, LANG=C.UTF-8, --env, BIONICX_DNS_SERVERS=fe80::1%wlan0,192.168.1.1, --env, BIONICX_ROOTFS=/data/user/0/io.taowen.bx/files/rootfs, --env, BIONICX_APP=/data/user/0/io.taowen.bx/files/apps/inkscape, --env, LD_LIBRARY_PATH=/data/user/0/io.taowen.bx/files/apps/inkscape/lib, --env, BIONICX_TMPDIR=/data/user/0/io.taowen.bx/cache, --env, FONTCONFIG_PATH=/data/user/0/io.taowen.bx/files/rootfs/etc/fonts, --env, FONTCONFIG_FILE=fonts.conf, --env, FONTCONFIG_SYSROOT=/data/user/0/io.taowen.bx/files/rootfs, --env, LD_PRELOAD=/data/user/0/io.taowen.bx/files/lib/libbionicx-runtime.so, --, /data/user/0/io.taowen.bx/files/rootfs/usr/bin/inkscape, /data/user/0/io.taowen.bx/files/apps/inkscape/fixtures/bionicx-artwork.svg]
D/CoreBackPreview( 2320): Window{2471233 u0 io.taowen.bx/com.winlator.BionicXActivity}: Setting back callback OnBackInvokedCallbackInfo{mCallback=android.window.IOnBackInvokedCallback$Stub$Proxy@a8646fa, mPriority=0, mIsAnimationCallback=false}
I/BionicX (24845): bionicx-exec: running untraced pid=24876
I/ActivityTaskManager( 2320): Displayed io.taowen.bx/com.winlator.BionicXActivity for user 0: +187ms
I/BionicX (24845): CMSSystem::load_profiles: ICC profile with duplicate name: Lab identity built-in:
I/BionicX (24845):    /data/user/0/io.taowen.bx/files/rootfs/usr/share/color/icc/krita/Lab-D50-Identity-elle-V2.icc
I/BionicX (24845):    /data/user/0/io.taowen.bx/files/rootfs/usr/share/color/icc/krita/Lab-D50-Identity-elle-V4.icc
I/BionicX (24845): CMSSystem::load_profiles: ICC profile with duplicate name: Artifex PS CMYK Profile:
I/BionicX (24845):    /data/user/0/io.taowen.bx/files/rootfs/usr/share/color/icc/ghostscript/gray_to_k.icc
I/BionicX (24845):    /data/user/0/io.taowen.bx/files/rootfs/usr/share/color/icc/ghostscript/ps_cmyk.icc
I/BionicX (24845): CMSSystem::load_profiles: ICC profile with duplicate name: Artifex Software sGray ICC Profile:
I/BionicX (24845):    /data/user/0/io.taowen.bx/files/rootfs/usr/share/color/icc/ghostscript/default_gray.icc
I/BionicX (24845):    /data/user/0/io.taowen.bx/files/rootfs/usr/share/color/icc/ghostscript/sgray.icc
I/BionicX (24845): CMSSystem::load_profiles: ICC profile with duplicate name: Artifex Software sRGB ICC Profile:
I/BionicX (24845):    /data/user/0/io.taowen.bx/files/rootfs/usr/share/color/icc/ghostscript/default_rgb.icc
I/BionicX (24845):    /data/user/0/io.taowen.bx/files/rootfs/usr/share/color/icc/ghostscript/srgb.icc
I/BionicX (24845): 
I/BionicX (24845): (org.inkscape.Inkscape:24876): Gtk-CRITICAL **: 19:26:37.837: invalid accelerator string ''
I/BionicX (24845): 
I/BionicX (24845): (org.inkscape.Inkscape:24876): Gtk-CRITICAL **: 19:26:37.837: gtk_application_accels_get_actions_for_accel: assertion 'accel_key.key != 0' failed
I/BionicX (24845): 
I/BionicX (24845): (org.inkscape.Inkscape:24876): Gtk-WARNING **: 19:26:37.837: Unable to parse accelerator '': ignored request to install 1 accelerators
inkscape alive=1 bytes=138589 shot=/tmp/grok-goal-3794b08cb732/implementer/inkscape.png
===== 2026-08-14T03:26:42+08:00 vlc =====
profile vlc is valid
bionicx-exec: running untraced pid=25161
bionicx-exec: running untraced pid=25172
bionicx ELF fixups: 2 entries
installed profile vlc for io.taowen.bx
W/ActivityTaskManager( 2320): Force removing ActivityRecord{53f3260 u0 io.taowen.bx/com.winlator.BionicXActivity t1234 f}}: app died, no saved state
V/WindowManagerShell( 2661): Transition requested: android.os.BinderProxy@693e15a TransitionRequestInfo { type = CLOSE, triggerTask = TaskInfo{userId=0 taskId=1234 displayId=0 isRunning=false baseIntent=Intent { flg=0x10000000 cmp=io.taowen.bx/com.winlator.BionicXActivity } baseActivity=null topActivity=null origActivity=null realActivity=ComponentInfo{io.taowen.bx/com.winlator.BionicXActivity} numActivities=0 lastActiveTime=1425150 supportsMultiWindow=true resizeMode=1 isResizeable=true minWidth=-1 minHeight=-1 defaultMinSize=220 token=WCT{android.window.IWindowContainerToken$Stub$Proxy@13c8f8b} topActivityType=1 pictureInPictureParams=null shouldDockBigOverlays=false launchIntoPipHostTaskId=-1 lastParentTaskIdBeforePip=-1 displayCutoutSafeInsets=null topActivityInfo=null launchCookies=[] positionInParent=Point(0, 0) parentTaskId=-1 isFocused=true isVisible=true isVisibleRequested=true isSleeping=false topActivityInSizeCompat=false topActivityEligibleForLetterboxEducation= false topActivityLetterboxed= false isFromDoubleTap= false topActivityLetterboxVerticalPosition= -1 topActivityLetterboxHorizontalPosition= -1 topActivityLetterboxWidth=-1 topActivityLetterboxHeight=-1 locusId=null displayAreaFeatureId=1 cameraCompatControlState=hidden}, remoteTransition = null, displayChange = null }
I/Zygote  ( 1294): Process 24845 exited due to signal 9 (Killed)
I/WindowManager( 2320): WIN DEATH: Window{2471233 u0 io.taowen.bx/com.winlator.BionicXActivity}
W/InputManager-JNI( 2320): Input channel object '2471233 io.taowen.bx/com.winlator.BionicXActivity (client)' was disposed without first being removed with the input manager!
W/WindowManager( 2320): Failed to deliver inset control state change to w=Window{2471233 u0 io.taowen.bx/com.winlator.BionicXActivity EXITING}
V/WindowManager( 2320): Sent Transition #46 createdAt=08-14 03:26:49.863 via request=TransitionRequestInfo { type = CLOSE, triggerTask = TaskInfo{userId=0 taskId=1234 displayId=0 isRunning=false baseIntent=Intent { flg=0x10000000 cmp=io.taowen.bx/com.winlator.BionicXActivity } baseActivity=null topActivity=null origActivity=null realActivity=ComponentInfo{io.taowen.bx/com.winlator.BionicXActivity} numActivities=0 lastActiveTime=1425150 supportsMultiWindow=true resizeMode=1 isResizeable=true minWidth=-1 minHeight=-1 defaultMinSize=220 token=WCT{RemoteToken{51c2045 Task{381e319 #1234 type=standard A=10194:io.taowen.bx}}} topActivityType=1 pictureInPictureParams=null shouldDockBigOverlays=false launchIntoPipHostTaskId=-1 lastParentTaskIdBeforePip=-1 displayCutoutSafeInsets=null topActivityInfo=null launchCookies=[] positionInParent=Point(0, 0) parentTaskId=-1 isFocused=true isVisible=true isVisibleRequested=true isSleeping=false topActivityInSizeCompat=false topActivityEligibleForLetterboxEducation= false topActivityLetterboxed= false isFromDoubleTap= false topActivityLetterboxVerticalPosition= -1 topActivityLetterboxHorizontalPosition= -1 topActivityLetterboxWidth=-1 topActivityLetterboxHeight=-1 locusId=null displayAreaFeatureId=1 cameraCompatControlState=hidden}, remoteTransition = null, displayChange = null }
W/WindowManager( 2320): Failed to deliver inset control state change to w=Window{2471233 u0 io.taowen.bx/com.winlator.BionicXActivity EXITING}
I/ActivityTaskManager( 2320): START u0 {flg=0x10000000 cmp=io.taowen.bx/com.winlator.BionicXActivity} with LAUNCH_MULTIPLE from uid 2000 (BAL_ALLOW_PERMISSION) result code=0
V/WindowManagerShell( 2661): Transition requested: android.os.BinderProxy@90994f3 TransitionRequestInfo { type = OPEN, triggerTask = TaskInfo{userId=0 taskId=1235 displayId=0 isRunning=true baseIntent=Intent { flg=0x10000000 cmp=io.taowen.bx/com.winlator.BionicXActivity } baseActivity=ComponentInfo{io.taowen.bx/com.winlator.BionicXActivity} topActivity=ComponentInfo{io.taowen.bx/com.winlator.BionicXActivity} origActivity=null realActivity=ComponentInfo{io.taowen.bx/com.winlator.BionicXActivity} numActivities=1 lastActiveTime=1438928 supportsMultiWindow=true resizeMode=1 isResizeable=true minWidth=-1 minHeight=-1 defaultMinSize=220 token=WCT{android.window.IWindowContainerToken$Stub$Proxy@b68a5b0} topActivityType=1 pictureInPictureParams=null shouldDockBigOverlays=false launchIntoPipHostTaskId=-1 lastParentTaskIdBeforePip=-1 displayCutoutSafeInsets=null topActivityInfo=ActivityInfo{42a5c29 com.winlator.BionicXActivity} launchCookies=[] positionInParent=Point(0, 0) parentTaskId=-1 isFocused=false isVisible=false isVisibleRequested=false isSleeping=false topActivityInSizeCompat=false topActivityEligibleForLetterboxEducation= false topActivityLetterboxed= false isFromDoubleTap= false topActivityLetterboxVerticalPosition= -1 topActivityLetterboxHorizontalPosition= -1 topActivityLetterboxWidth=-1 topActivityLetterboxHeight=-1 locusId=null displayAreaFeatureId=1 cameraCompatControlState=hidden}, remoteTransition = null, displayChange = null }
I/ActivityManager( 2320): Start proc 25261:io.taowen.bx/u0a194 for next-top-activity {io.taowen.bx/com.winlator.BionicXActivity}
V/WindowManager( 2320): Sent Transition #47 createdAt=08-14 03:26:50.381 via request=TransitionRequestInfo { type = OPEN, triggerTask = TaskInfo{userId=0 taskId=1235 displayId=0 isRunning=true baseIntent=Intent { flg=0x10000000 cmp=io.taowen.bx/com.winlator.BionicXActivity } baseActivity=ComponentInfo{io.taowen.bx/com.winlator.BionicXActivity} topActivity=ComponentInfo{io.taowen.bx/com.winlator.BionicXActivity} origActivity=null realActivity=ComponentInfo{io.taowen.bx/com.winlator.BionicXActivity} numActivities=1 lastActiveTime=1438928 supportsMultiWindow=true resizeMode=1 isResizeable=true minWidth=-1 minHeight=-1 defaultMinSize=220 token=WCT{RemoteToken{96a2350 Task{aad9add #1235 type=standard A=10194:io.taowen.bx}}} topActivityType=1 pictureInPictureParams=null shouldDockBigOverlays=false launchIntoPipHostTaskId=-1 lastParentTaskIdBeforePip=-1 displayCutoutSafeInsets=null topActivityInfo=ActivityInfo{8d39949 com.winlator.BionicXActivity} launchCookies=[] positionInParent=Point(0, 0) parentTaskId=-1 isFocused=false isVisible=false isVisibleRequested=false isSleeping=false topActivityInSizeCompat=false topActivityEligibleForLetterboxEducation= false topActivityLetterboxed= false isFromDoubleTap= false topActivityLetterboxVerticalPosition= -1 topActivityLetterboxHorizontalPosition= -1 topActivityLetterboxWidth=-1 topActivityLetterboxHeight=-1 locusId=null displayAreaFeatureId=1 cameraCompatControlState=hidden}, remoteTransition = null, displayChange = null }
W/WindowManager( 2320): Failed to deliver inset control state change to w=Window{2471233 u0 io.taowen.bx/com.winlator.BionicXActivity EXITING}
W/WindowManager( 2320): Failed to deliver inset control state change to w=Window{2471233 u0 io.taowen.bx/com.winlator.BionicXActivity EXITING}
W/WindowManager( 2320): Exception thrown during dispatchAppVisibility Window{2471233 u0 io.taowen.bx/com.winlator.BionicXActivity EXITING}
I/BionicX (25261): profile=vlc display=1920x1080@144 socket=filesystem
I/BionicX (25261): enabled PulseAudio host service at /data/user/0/io.taowen.bx/files/rootfs/tmp/.sound/PS0
I/BionicX (25261): runtime DNS servers=2
I/BionicX (25261): launching VLC (Debian trixie ARM64): [/data/user/0/io.taowen.bx/files/bin/bionicx-exec, --cwd, /data/user/0/io.taowen.bx/files/homes/vlc, --env, DISPLAY=:0, --env, HOME=/data/user/0/io.taowen.bx/files/homes/vlc, --env, TMPDIR=/data/user/0/io.taowen.bx/files/run/vlc, --env, XDG_RUNTIME_DIR=/data/user/0/io.taowen.bx/files/run/vlc/runtime, --env, XDG_CONFIG_HOME=/data/user/0/io.taowen.bx/files/homes/vlc/.config, --env, XDG_CACHE_HOME=/data/user/0/io.taowen.bx/files/homes/vlc/.cache, --env, XDG_DATA_HOME=/data/user/0/io.taowen.bx/files/homes/vlc/.local/share, --env, XDG_DATA_DIRS=/data/user/0/io.taowen.bx/files/rootfs/usr/local/share:/data/user/0/io.taowen.bx/files/rootfs/usr/share, --env, GSETTINGS_SCHEMA_DIR=/data/user/0/io.taowen.bx/files/rootfs/usr/share/glib-2.0/schemas, --env, GSETTINGS_BACKEND=memory, --env, GDK_PIXBUF_MODULE_FILE=/data/user/0/io.taowen.bx/files/rootfs/usr/lib/aarch64-linux-gnu/gdk-pixbuf-2.0/2.10.0/loaders.cache, --env, VLC_PLUGIN_PATH=/data/user/0/io.taowen.bx/files/rootfs/usr/lib/aarch64-linux-gnu/vlc/plugins, --env, PULSE_SERVER=unix:/data/user/0/io.taowen.bx/files/rootfs/tmp/.sound/PS0, --env, QT_PLUGIN_PATH=/data/user/0/io.taowen.bx/files/rootfs/usr/lib/aarch64-linux-gnu/qt5/plugins, --env, QT_QPA_PLATFORM=xcb, --env, QT_XCB_GL_INTEGRATION=none, --env, NO_AT_BRIDGE=1, --env, PATH=/data/user/0/io.taowen.bx/files/rootfs/usr/bin:/data/user/0/io.taowen.bx/files/rootfs/bin:/product/bin:/system/bin, --env, LANG=C.UTF-8, --env, BIONICX_DNS_SERVERS=fe80::1%wlan0,192.168.1.1, --env, BIONICX_ROOTFS=/data/user/0/io.taowen.bx/files/rootfs, --env, BIONICX_APP=/data/user/0/io.taowen.bx/files/apps/vlc, --env, LD_LIBRARY_PATH=/data/user/0/io.taowen.bx/files/apps/vlc/lib, --env, BIONICX_TMPDIR=/data/user/0/io.taowen.bx/cache, --env, FONTCONFIG_PATH=/data/user/0/io.taowen.bx/files/rootfs/etc/fonts, --env, FONTCONFIG_FILE=fonts.conf, --env, FONTCONFIG_SYSROOT=/data/user/0/io.taowen.bx/files/rootfs, --env, LD_PRELOAD=/data/user/0/io.taowen.bx/files/lib/libbionicx-runtime.so, --, /data/user/0/io.taowen.bx/files/rootfs/usr/bin/vlc, --loop, --fullscreen, --no-qt-privacy-ask, --no-metadata-network-access, --no-disable-screensaver, --aout=pulse, --vout=xcb_x11, --no-video-title-show, /data/user/0/io.taowen.bx/files/apps/vlc/fixtures/bionicx-motion-audio.avi]
D/CoreBackPreview( 2320): Window{e7d5e57 u0 io.taowen.bx/com.winlator.BionicXActivity}: Setting back callback OnBackInvokedCallbackInfo{mCallback=android.window.IOnBackInvokedCallback$Stub$Proxy@1b96fae, mPriority=0, mIsAnimationCallback=false}
I/BionicX (25261): bionicx-exec: running untraced pid=25295
I/ActivityTaskManager( 2320): Displayed io.taowen.bx/com.winlator.BionicXActivity for user 0: +215ms
I/BionicX (25261): [0000005980db0fe0] dbus interface error: Failed to connect to the D-Bus session daemon: /usr/bin/dbus-launch terminated abnormally without any error message
I/BionicX (25261): [0000005980db0fe0] dbus interface error: Failed to connect to the D-Bus session daemon: /usr/bin/dbus-launch terminated abnormally without any error message
I/BionicX (25261): [0000005980db0fe0] main interface error: no suitable interface module
I/BionicX (25261): [0000005980c671c0] main libvlc error: interface "dbus,none" initialization failed
I/BionicX (25261): [0000005980c671c0] main libvlc: Running vlc with the default interface. Use 'cvlc' to use vlc without interface.
I/Zygote  ( 1294): Process 24662 exited due to signal 9 (Killed)
vlc alive=1 bytes=50197 shot=/tmp/grok-goal-3794b08cb732/implementer/vlc.png
===== 2026-08-14T03:27:06+08:00 geany =====
profile geany is valid
bionicx-exec: running untraced pid=25570
bionicx-exec: running untraced pid=25581
bionicx ELF fixups: 2 entries
installed profile geany for io.taowen.bx
W/ActivityTaskManager( 2320): Force removing ActivityRecord{fd39eb4 u0 io.taowen.bx/com.winlator.BionicXActivity t1235 f}}: app died, no saved state
V/WindowManagerShell( 2661): Transition requested: android.os.BinderProxy@99109b9 TransitionRequestInfo { type = CLOSE, triggerTask = TaskInfo{userId=0 taskId=1235 displayId=0 isRunning=false baseIntent=Intent { flg=0x10000000 cmp=io.taowen.bx/com.winlator.BionicXActivity } baseActivity=null topActivity=null origActivity=null realActivity=ComponentInfo{io.taowen.bx/com.winlator.BionicXActivity} numActivities=0 lastActiveTime=1438960 supportsMultiWindow=true resizeMode=1 isResizeable=true minWidth=-1 minHeight=-1 defaultMinSize=220 token=WCT{android.window.IWindowContainerToken$Stub$Proxy@1cdb1fe} topActivityType=1 pictureInPictureParams=null shouldDockBigOverlays=false launchIntoPipHostTaskId=-1 lastParentTaskIdBeforePip=-1 displayCutoutSafeInsets=null topActivityInfo=null launchCookies=[] positionInParent=Point(0, 0) parentTaskId=-1 isFocused=true isVisible=true isVisibleRequested=true isSleeping=false topActivityInSizeCompat=false topActivityEligibleForLetterboxEducation= false topActivityLetterboxed= false isFromDoubleTap= false topActivityLetterboxVerticalPosition= -1 topActivityLetterboxHorizontalPosition= -1 topActivityLetterboxWidth=-1 topActivityLetterboxHeight=-1 locusId=null displayAreaFeatureId=1 cameraCompatControlState=hidden}, remoteTransition = null, displayChange = null }
I/Zygote  ( 1294): Process 25261 exited due to signal 9 (Killed)
I/WindowManager( 2320): WIN DEATH: Window{e7d5e57 u0 io.taowen.bx/com.winlator.BionicXActivity}
W/InputManager-JNI( 2320): Input channel object 'e7d5e57 io.taowen.bx/com.winlator.BionicXActivity (client)' was disposed without first being removed with the input manager!
W/WindowManager( 2320): Failed to deliver inset control state change to w=Window{e7d5e57 u0 io.taowen.bx/com.winlator.BionicXActivity EXITING}
I/Zygote  ( 1294): Process 25360 exited due to signal 9 (Killed)
V/WindowManager( 2320): Sent Transition #48 createdAt=08-14 03:27:12.922 via request=TransitionRequestInfo { type = CLOSE, triggerTask = TaskInfo{userId=0 taskId=1235 displayId=0 isRunning=false baseIntent=Intent { flg=0x10000000 cmp=io.taowen.bx/com.winlator.BionicXActivity } baseActivity=null topActivity=null origActivity=null realActivity=ComponentInfo{io.taowen.bx/com.winlator.BionicXActivity} numActivities=0 lastActiveTime=1438960 supportsMultiWindow=true resizeMode=1 isResizeable=true minWidth=-1 minHeight=-1 defaultMinSize=220 token=WCT{RemoteToken{96a2350 Task{aad9add #1235 type=standard A=10194:io.taowen.bx}}} topActivityType=1 pictureInPictureParams=null shouldDockBigOverlays=false launchIntoPipHostTaskId=-1 lastParentTaskIdBeforePip=-1 displayCutoutSafeInsets=null topActivityInfo=null launchCookies=[] positionInParent=Point(0, 0) parentTaskId=-1 isFocused=true isVisible=true isVisibleRequested=true isSleeping=false topActivityInSizeCompat=false topActivityEligibleForLetterboxEducation= false topActivityLetterboxed= false isFromDoubleTap= false topActivityLetterboxVerticalPosition= -1 topActivityLetterboxHorizontalPosition= -1 topActivityLetterboxWidth=-1 topActivityLetterboxHeight=-1 locusId=null displayAreaFeatureId=1 cameraCompatControlState=hidden}, remoteTransition = null, displayChange = null }
W/WindowManager( 2320): Failed to deliver inset control state change to w=Window{e7d5e57 u0 io.taowen.bx/com.winlator.BionicXActivity EXITING}
I/ActivityTaskManager( 2320): START u0 {flg=0x10000000 cmp=io.taowen.bx/com.winlator.BionicXActivity} with LAUNCH_MULTIPLE from uid 2000 (BAL_ALLOW_PERMISSION) result code=0
V/WindowManagerShell( 2661): Transition requested: android.os.BinderProxy@a78be61 TransitionRequestInfo { type = OPEN, triggerTask = TaskInfo{userId=0 taskId=1236 displayId=0 isRunning=true baseIntent=Intent { flg=0x10000000 cmp=io.taowen.bx/com.winlator.BionicXActivity } baseActivity=ComponentInfo{io.taowen.bx/com.winlator.BionicXActivity} topActivity=ComponentInfo{io.taowen.bx/com.winlator.BionicXActivity} origActivity=null realActivity=ComponentInfo{io.taowen.bx/com.winlator.BionicXActivity} numActivities=1 lastActiveTime=1461976 supportsMultiWindow=true resizeMode=1 isResizeable=true minWidth=-1 minHeight=-1 defaultMinSize=220 token=WCT{android.window.IWindowContainerToken$Stub$Proxy@f70cd86} topActivityType=1 pictureInPictureParams=null shouldDockBigOverlays=false launchIntoPipHostTaskId=-1 lastParentTaskIdBeforePip=-1 displayCutoutSafeInsets=null topActivityInfo=ActivityInfo{d4a8647 com.winlator.BionicXActivity} launchCookies=[] positionInParent=Point(0, 0) parentTaskId=-1 isFocused=false isVisible=false isVisibleRequested=false isSleeping=false topActivityInSizeCompat=false topActivityEligibleForLetterboxEducation= false topActivityLetterboxed= false isFromDoubleTap= false topActivityLetterboxVerticalPosition= -1 topActivityLetterboxHorizontalPosition= -1 topActivityLetterboxWidth=-1 topActivityLetterboxHeight=-1 locusId=null displayAreaFeatureId=1 cameraCompatControlState=hidden}, remoteTransition = null, displayChange = null }
I/ActivityManager( 2320): Start proc 25703:io.taowen.bx/u0a194 for next-top-activity {io.taowen.bx/com.winlator.BionicXActivity}
V/WindowManager( 2320): Sent Transition #49 createdAt=08-14 03:27:13.429 via request=TransitionRequestInfo { type = OPEN, triggerTask = TaskInfo{userId=0 taskId=1236 displayId=0 isRunning=true baseIntent=Intent { flg=0x10000000 cmp=io.taowen.bx/com.winlator.BionicXActivity } baseActivity=ComponentInfo{io.taowen.bx/com.winlator.BionicXActivity} topActivity=ComponentInfo{io.taowen.bx/com.winlator.BionicXActivity} origActivity=null realActivity=ComponentInfo{io.taowen.bx/com.winlator.BionicXActivity} numActivities=1 lastActiveTime=1461976 supportsMultiWindow=true resizeMode=1 isResizeable=true minWidth=-1 minHeight=-1 defaultMinSize=220 token=WCT{RemoteToken{2e221b4 Task{2f10531 #1236 type=standard A=10194:io.taowen.bx}}} topActivityType=1 pictureInPictureParams=null shouldDockBigOverlays=false launchIntoPipHostTaskId=-1 lastParentTaskIdBeforePip=-1 displayCutoutSafeInsets=null topActivityInfo=ActivityInfo{5c561dd com.winlator.BionicXActivity} launchCookies=[] positionInParent=Point(0, 0) parentTaskId=-1 isFocused=false isVisible=false isVisibleRequested=false isSleeping=false topActivityInSizeCompat=false topActivityEligibleForLetterboxEducation= false topActivityLetterboxed= false isFromDoubleTap= false topActivityLetterboxVerticalPosition= -1 topActivityLetterboxHorizontalPosition= -1 topActivityLetterboxWidth=-1 topActivityLetterboxHeight=-1 locusId=null displayAreaFeatureId=1 cameraCompatControlState=hidden}, remoteTransition = null, displayChange = null }
W/WindowManager( 2320): Failed to deliver inset control state change to w=Window{e7d5e57 u0 io.taowen.bx/com.winlator.BionicXActivity EXITING}
W/WindowManager( 2320): Failed to deliver inset control state change to w=Window{e7d5e57 u0 io.taowen.bx/com.winlator.BionicXActivity EXITING}
W/WindowManager( 2320): Exception thrown during dispatchAppVisibility Window{e7d5e57 u0 io.taowen.bx/com.winlator.BionicXActivity EXITING}
I/BionicX (25703): profile=geany display=1920x1080@144 socket=filesystem
I/BionicX (25703): enabled D-Bus session service at /data/user/0/io.taowen.bx/files/run/geany/runtime/bus
I/BionicX (25703): dbus: bionicx-exec: running untraced pid=25733
I/BionicX (25703): runtime DNS servers=2
I/BionicX (25703): launching Geany (Debian trixie ARM64): [/data/user/0/io.taowen.bx/files/bin/bionicx-exec, --cwd, /data/user/0/io.taowen.bx/files/homes/geany, --env, DISPLAY=:0, --env, HOME=/data/user/0/io.taowen.bx/files/homes/geany, --env, TMPDIR=/data/user/0/io.taowen.bx/cache, --env, XDG_RUNTIME_DIR=/data/user/0/io.taowen.bx/files/run/geany/runtime, --env, XDG_CONFIG_HOME=/data/user/0/io.taowen.bx/files/homes/geany/.config, --env, XDG_CACHE_HOME=/data/user/0/io.taowen.bx/files/homes/geany/.cache, --env, XDG_DATA_HOME=/data/user/0/io.taowen.bx/files/homes/geany/.local/share, --env, XDG_DATA_DIRS=/data/user/0/io.taowen.bx/files/rootfs/usr/local/share:/data/user/0/io.taowen.bx/files/rootfs/usr/share, --env, GSETTINGS_SCHEMA_DIR=/data/user/0/io.taowen.bx/files/rootfs/usr/share/glib-2.0/schemas, --env, GSETTINGS_BACKEND=memory, --env, GDK_PIXBUF_MODULE_FILE=/data/user/0/io.taowen.bx/files/rootfs/usr/lib/aarch64-linux-gnu/gdk-pixbuf-2.0/2.10.0/loaders.cache, --env, NO_AT_BRIDGE=1, --env, PATH=/data/user/0/io.taowen.bx/files/rootfs/usr/bin:/data/user/0/io.taowen.bx/files/rootfs/bin:/product/bin:/system/bin, --env, LANG=C.UTF-8, --env, BIONICX_DNS_SERVERS=fe80::1%wlan0,192.168.1.1, --env, BIONICX_ROOTFS=/data/user/0/io.taowen.bx/files/rootfs, --env, BIONICX_APP=/data/user/0/io.taowen.bx/files/apps/geany, --env, LD_LIBRARY_PATH=/data/user/0/io.taowen.bx/files/apps/geany/lib, --env, BIONICX_TMPDIR=/data/user/0/io.taowen.bx/cache, --env, FONTCONFIG_PATH=/data/user/0/io.taowen.bx/files/rootfs/etc/fonts, --env, FONTCONFIG_FILE=fonts.conf, --env, FONTCONFIG_SYSROOT=/data/user/0/io.taowen.bx/files/rootfs, --env, DBUS_SESSION_BUS_ADDRESS=unix:path=/data/user/0/io.taowen.bx/files/run/geany/runtime/bus, --env, LD_PRELOAD=/data/user/0/io.taowen.bx/files/lib/libbionicx-runtime.so, --, /data/user/0/io.taowen.bx/files/rootfs/usr/bin/geany, --new-instance, /data/user/0/io.taowen.bx/files/apps/geany/fixtures/bionicx-example.c]
D/CoreBackPreview( 2320): Window{aec428b u0 io.taowen.bx/com.winlator.BionicXActivity}: Setting back callback OnBackInvokedCallbackInfo{mCallback=android.window.IOnBackInvokedCallback$Stub$Proxy@ea4c0b2, mPriority=0, mIsAnimationCallback=false}
I/BionicX (25703): bionicx-exec: running untraced pid=25740
I/ActivityTaskManager( 2320): Displayed io.taowen.bx/com.winlator.BionicXActivity for user 0: +219ms
geany alive=1 bytes=64671 shot=/tmp/grok-goal-3794b08cb732/implementer/geany.png
===== 2026-08-14T03:27:16+08:00 filezilla =====
profile filezilla is valid
installed profile filezilla for io.taowen.bx
W/ActivityTaskManager( 2320): Force removing ActivityRecord{3bbadd8 u0 io.taowen.bx/com.winlator.BionicXActivity t1236 f}}: app died, no saved state
V/WindowManagerShell( 2661): Transition requested: android.os.BinderProxy@7c7215c TransitionRequestInfo { type = CLOSE, triggerTask = TaskInfo{userId=0 taskId=1236 displayId=0 isRunning=false baseIntent=Intent { flg=0x10000000 cmp=io.taowen.bx/com.winlator.BionicXActivity } baseActivity=null topActivity=null origActivity=null realActivity=ComponentInfo{io.taowen.bx/com.winlator.BionicXActivity} numActivities=0 lastActiveTime=1462011 supportsMultiWindow=true resizeMode=1 isResizeable=true minWidth=-1 minHeight=-1 defaultMinSize=220 token=WCT{android.window.IWindowContainerToken$Stub$Proxy@51b6c65} topActivityType=1 pictureInPictureParams=null shouldDockBigOverlays=false launchIntoPipHostTaskId=-1 lastParentTaskIdBeforePip=-1 displayCutoutSafeInsets=null topActivityInfo=null launchCookies=[] positionInParent=Point(0, 0) parentTaskId=-1 isFocused=true isVisible=true isVisibleRequested=true isSleeping=false topActivityInSizeCompat=false topActivityEligibleForLetterboxEducation= false topActivityLetterboxed= false isFromDoubleTap= false topActivityLetterboxVerticalPosition= -1 topActivityLetterboxHorizontalPosition= -1 topActivityLetterboxWidth=-1 topActivityLetterboxHeight=-1 locusId=null displayAreaFeatureId=1 cameraCompatControlState=hidden}, remoteTransition = null, displayChange = null }
I/Zygote  ( 1294): Process 25703 exited due to signal 9 (Killed)
I/WindowManager( 2320): WIN DEATH: Window{aec428b u0 io.taowen.bx/com.winlator.BionicXActivity}
W/InputManager-JNI( 2320): Input channel object 'aec428b io.taowen.bx/com.winlator.BionicXActivity (client)' was disposed without first being removed with the input manager!
W/WindowManager( 2320): Failed to deliver inset control state change to w=Window{aec428b u0 io.taowen.bx/com.winlator.BionicXActivity EXITING}
V/WindowManager( 2320): Sent Transition #50 createdAt=08-14 03:27:21.149 via request=TransitionRequestInfo { type = CLOSE, triggerTask = TaskInfo{userId=0 taskId=1236 displayId=0 isRunning=false baseIntent=Intent { flg=0x10000000 cmp=io.taowen.bx/com.winlator.BionicXActivity } baseActivity=null topActivity=null origActivity=null realActivity=ComponentInfo{io.taowen.bx/com.winlator.BionicXActivity} numActivities=0 lastActiveTime=1462011 supportsMultiWindow=true resizeMode=1 isResizeable=true minWidth=-1 minHeight=-1 defaultMinSize=220 token=WCT{RemoteToken{2e221b4 Task{2f10531 #1236 type=standard A=10194:io.taowen.bx}}} topActivityType=1 pictureInPictureParams=null shouldDockBigOverlays=false launchIntoPipHostTaskId=-1 lastParentTaskIdBeforePip=-1 displayCutoutSafeInsets=null topActivityInfo=null launchCookies=[] positionInParent=Point(0, 0) parentTaskId=-1 isFocused=true isVisible=true isVisibleRequested=true isSleeping=false topActivityInSizeCompat=false topActivityEligibleForLetterboxEducation= false topActivityLetterboxed= false isFromDoubleTap= false topActivityLetterboxVerticalPosition= -1 topActivityLetterboxHorizontalPosition= -1 topActivityLetterboxWidth=-1 topActivityLetterboxHeight=-1 locusId=null displayAreaFeatureId=1 cameraCompatControlState=hidden}, remoteTransition = null, displayChange = null }
W/WindowManager( 2320): Failed to deliver inset control state change to w=Window{aec428b u0 io.taowen.bx/com.winlator.BionicXActivity EXITING}
I/ActivityTaskManager( 2320): START u0 {flg=0x10000000 cmp=io.taowen.bx/com.winlator.BionicXActivity} with LAUNCH_MULTIPLE from uid 2000 (BAL_ALLOW_PERMISSION) result code=0
V/WindowManagerShell( 2661): Transition requested: android.os.BinderProxy@280ad8d TransitionRequestInfo { type = OPEN, triggerTask = TaskInfo{userId=0 taskId=1237 displayId=0 isRunning=true baseIntent=Intent { flg=0x10000000 cmp=io.taowen.bx/com.winlator.BionicXActivity } baseActivity=ComponentInfo{io.taowen.bx/com.winlator.BionicXActivity} topActivity=ComponentInfo{io.taowen.bx/com.winlator.BionicXActivity} origActivity=null realActivity=ComponentInfo{io.taowen.bx/com.winlator.BionicXActivity} numActivities=1 lastActiveTime=1470181 supportsMultiWindow=true resizeMode=1 isResizeable=true minWidth=-1 minHeight=-1 defaultMinSize=220 token=WCT{android.window.IWindowContainerToken$Stub$Proxy@db90b42} topActivityType=1 pictureInPictureParams=null shouldDockBigOverlays=false launchIntoPipHostTaskId=-1 lastParentTaskIdBeforePip=-1 displayCutoutSafeInsets=null topActivityInfo=ActivityInfo{441753 com.winlator.BionicXActivity} launchCookies=[] positionInParent=Point(0, 0) parentTaskId=-1 isFocused=false isVisible=false isVisibleRequested=false isSleeping=false topActivityInSizeCompat=false topActivityEligibleForLetterboxEducation= false topActivityLetterboxed= false isFromDoubleTap= false topActivityLetterboxVerticalPosition= -1 topActivityLetterboxHorizontalPosition= -1 topActivityLetterboxWidth=-1 topActivityLetterboxHeight=-1 locusId=null displayAreaFeatureId=1 cameraCompatControlState=hidden}, remoteTransition = null, displayChange = null }
W/WindowManager( 2320): Failed to deliver inset control state change to w=Window{aec428b u0 io.taowen.bx/com.winlator.BionicXActivity EXITING}
I/ActivityManager( 2320): Start proc 25863:io.taowen.bx/u0a194 for next-top-activity {io.taowen.bx/com.winlator.BionicXActivity}
V/WindowManager( 2320): Sent Transition #51 createdAt=08-14 03:27:21.635 via request=TransitionRequestInfo { type = OPEN, triggerTask = TaskInfo{userId=0 taskId=1237 displayId=0 isRunning=true baseIntent=Intent { flg=0x10000000 cmp=io.taowen.bx/com.winlator.BionicXActivity } baseActivity=ComponentInfo{io.taowen.bx/com.winlator.BionicXActivity} topActivity=ComponentInfo{io.taowen.bx/com.winlator.BionicXActivity} origActivity=null realActivity=ComponentInfo{io.taowen.bx/com.winlator.BionicXActivity} numActivities=1 lastActiveTime=1470181 supportsMultiWindow=true resizeMode=1 isResizeable=true minWidth=-1 minHeight=-1 defaultMinSize=220 token=WCT{RemoteToken{d5f3c1b Task{1dfbfb3 #1237 type=standard A=10194:io.taowen.bx}}} topActivityType=1 pictureInPictureParams=null shouldDockBigOverlays=false launchIntoPipHostTaskId=-1 lastParentTaskIdBeforePip=-1 displayCutoutSafeInsets=null topActivityInfo=ActivityInfo{dbf01b8 com.winlator.BionicXActivity} launchCookies=[] positionInParent=Point(0, 0) parentTaskId=-1 isFocused=false isVisible=false isVisibleRequested=false isSleeping=false topActivityInSizeCompat=false topActivityEligibleForLetterboxEducation= false topActivityLetterboxed= false isFromDoubleTap= false topActivityLetterboxVerticalPosition= -1 topActivityLetterboxHorizontalPosition= -1 topActivityLetterboxWidth=-1 topActivityLetterboxHeight=-1 locusId=null displayAreaFeatureId=1 cameraCompatControlState=hidden}, remoteTransition = null, displayChange = null }
W/WindowManager( 2320): Failed to deliver inset control state change to w=Window{aec428b u0 io.taowen.bx/com.winlator.BionicXActivity EXITING}
W/WindowManager( 2320): Exception thrown during dispatchAppVisibility Window{aec428b u0 io.taowen.bx/com.winlator.BionicXActivity EXITING}
I/BionicX (25863): profile=filezilla display=1920x1080@144 socket=filesystem
I/BionicX (25863): enabled D-Bus session service at /data/user/0/io.taowen.bx/files/run/filezilla/runtime/bus
I/BionicX (25863): dbus: bionicx-exec: running untraced pid=25891
I/BionicX (25863): runtime DNS servers=2
I/BionicX (25863): launching FileZilla (Debian trixie ARM64): [/data/user/0/io.taowen.bx/files/bin/bionicx-exec, --cwd, /data/user/0/io.taowen.bx/files/homes/filezilla, --env, DISPLAY=:0, --env, HOME=/data/user/0/io.taowen.bx/files/homes/filezilla, --env, TMPDIR=/data/user/0/io.taowen.bx/cache, --env, XDG_RUNTIME_DIR=/data/user/0/io.taowen.bx/files/run/filezilla/runtime, --env, XDG_CONFIG_HOME=/data/user/0/io.taowen.bx/files/homes/filezilla/.config, --env, XDG_CACHE_HOME=/data/user/0/io.taowen.bx/files/homes/filezilla/.cache, --env, XDG_DATA_HOME=/data/user/0/io.taowen.bx/files/homes/filezilla/.local/share, --env, XDG_DATA_DIRS=/data/user/0/io.taowen.bx/files/rootfs/usr/local/share:/data/user/0/io.taowen.bx/files/rootfs/usr/share, --env, GDK_PIXBUF_MODULE_FILE=/data/user/0/io.taowen.bx/files/rootfs/usr/lib/aarch64-linux-gnu/gdk-pixbuf-2.0/2.10.0/loaders.cache, --env, NO_AT_BRIDGE=1, --env, PATH=/data/user/0/io.taowen.bx/files/rootfs/usr/bin:/data/user/0/io.taowen.bx/files/rootfs/bin:/product/bin:/system/bin, --env, LANG=C.UTF-8, --env, BIONICX_DNS_SERVERS=fe80::1%wlan0,192.168.1.1, --env, BIONICX_ROOTFS=/data/user/0/io.taowen.bx/files/rootfs, --env, BIONICX_APP=/data/user/0/io.taowen.bx/files/apps/filezilla, --env, BIONICX_TMPDIR=/data/user/0/io.taowen.bx/cache, --env, FONTCONFIG_PATH=/data/user/0/io.taowen.bx/files/rootfs/etc/fonts, --env, FONTCONFIG_FILE=fonts.conf, --env, FONTCONFIG_SYSROOT=/data/user/0/io.taowen.bx/files/rootfs, --env, DBUS_SESSION_BUS_ADDRESS=unix:path=/data/user/0/io.taowen.bx/files/run/filezilla/runtime/bus, --env, LD_PRELOAD=/data/user/0/io.taowen.bx/files/lib/libbionicx-runtime.so, --, /data/user/0/io.taowen.bx/files/rootfs/usr/bin/filezilla]
I/BionicX (25863): bionicx-exec: running untraced pid=25898
D/CoreBackPreview( 2320): Window{62f363d u0 io.taowen.bx/com.winlator.BionicXActivity}: Setting back callback OnBackInvokedCallbackInfo{mCallback=android.window.IOnBackInvokedCallback$Stub$Proxy@5d0392c, mPriority=0, mIsAnimationCallback=false}
I/ActivityTaskManager( 2320): Displayed io.taowen.bx/com.winlator.BionicXActivity for user 0: +213ms
filezilla alive=1 bytes=80712 shot=/tmp/grok-goal-3794b08cb732/implementer/filezilla.png
===== 2026-08-14T03:27:24+08:00 thunderbird =====
profile thunderbird is valid
installed profile thunderbird for io.taowen.bx
W/ActivityTaskManager( 2320): Force removing ActivityRecord{1129922 u0 io.taowen.bx/com.winlator.BionicXActivity t1237 f}}: app died, no saved state
V/WindowManagerShell( 2661): Transition requested: android.os.BinderProxy@b70aab3 TransitionRequestInfo { type = CLOSE, triggerTask = TaskInfo{userId=0 taskId=1237 displayId=0 isRunning=false baseIntent=Intent { flg=0x10000000 cmp=io.taowen.bx/com.winlator.BionicXActivity } baseActivity=null topActivity=null origActivity=null realActivity=ComponentInfo{io.taowen.bx/com.winlator.BionicXActivity} numActivities=0 lastActiveTime=1470216 supportsMultiWindow=true resizeMode=1 isResizeable=true minWidth=-1 minHeight=-1 defaultMinSize=220 token=WCT{android.window.IWindowContainerToken$Stub$Proxy@c6d6870} topActivityType=1 pictureInPictureParams=null shouldDockBigOverlays=false launchIntoPipHostTaskId=-1 lastParentTaskIdBeforePip=-1 displayCutoutSafeInsets=null topActivityInfo=null launchCookies=[] positionInParent=Point(0, 0) parentTaskId=-1 isFocused=true isVisible=true isVisibleRequested=true isSleeping=false topActivityInSizeCompat=false topActivityEligibleForLetterboxEducation= false topActivityLetterboxed= false isFromDoubleTap= false topActivityLetterboxVerticalPosition= -1 topActivityLetterboxHorizontalPosition= -1 topActivityLetterboxWidth=-1 topActivityLetterboxHeight=-1 locusId=null displayAreaFeatureId=1 cameraCompatControlState=hidden}, remoteTransition = null, displayChange = null }
I/Zygote  ( 1294): Process 25863 exited due to signal 9 (Killed)
I/WindowManager( 2320): WIN DEATH: Window{62f363d u0 io.taowen.bx/com.winlator.BionicXActivity}
W/InputManager-JNI( 2320): Input channel object '62f363d io.taowen.bx/com.winlator.BionicXActivity (client)' was disposed without first being removed with the input manager!
W/WindowManager( 2320): Failed to deliver inset control state change to w=Window{62f363d u0 io.taowen.bx/com.winlator.BionicXActivity EXITING}
V/WindowManager( 2320): Sent Transition #52 createdAt=08-14 03:27:29.312 via request=TransitionRequestInfo { type = CLOSE, triggerTask = TaskInfo{userId=0 taskId=1237 displayId=0 isRunning=false baseIntent=Intent { flg=0x10000000 cmp=io.taowen.bx/com.winlator.BionicXActivity } baseActivity=null topActivity=null origActivity=null realActivity=ComponentInfo{io.taowen.bx/com.winlator.BionicXActivity} numActivities=0 lastActiveTime=1470216 supportsMultiWindow=true resizeMode=1 isResizeable=true minWidth=-1 minHeight=-1 defaultMinSize=220 token=WCT{RemoteToken{d5f3c1b Task{1dfbfb3 #1237 type=standard A=10194:io.taowen.bx}}} topActivityType=1 pictureInPictureParams=null shouldDockBigOverlays=false launchIntoPipHostTaskId=-1 lastParentTaskIdBeforePip=-1 displayCutoutSafeInsets=null topActivityInfo=null launchCookies=[] positionInParent=Point(0, 0) parentTaskId=-1 isFocused=true isVisible=true isVisibleRequested=true isSleeping=false topActivityInSizeCompat=false topActivityEligibleForLetterboxEducation= false topActivityLetterboxed= false isFromDoubleTap= false topActivityLetterboxVerticalPosition= -1 topActivityLetterboxHorizontalPosition= -1 topActivityLetterboxWidth=-1 topActivityLetterboxHeight=-1 locusId=null displayAreaFeatureId=1 cameraCompatControlState=hidden}, remoteTransition = null, displayChange = null }
W/WindowManager( 2320): Failed to deliver inset control state change to w=Window{62f363d u0 io.taowen.bx/com.winlator.BionicXActivity EXITING}
I/ActivityTaskManager( 2320): START u0 {flg=0x10000000 cmp=io.taowen.bx/com.winlator.BionicXActivity} with LAUNCH_MULTIPLE from uid 2000 (BAL_ALLOW_PERMISSION) result code=0
V/WindowManagerShell( 2661): Transition requested: android.os.BinderProxy@379b0b8 TransitionRequestInfo { type = OPEN, triggerTask = TaskInfo{userId=0 taskId=1238 displayId=0 isRunning=true baseIntent=Intent { flg=0x10000000 cmp=io.taowen.bx/com.winlator.BionicXActivity } baseActivity=ComponentInfo{io.taowen.bx/com.winlator.BionicXActivity} topActivity=ComponentInfo{io.taowen.bx/com.winlator.BionicXActivity} origActivity=null realActivity=ComponentInfo{io.taowen.bx/com.winlator.BionicXActivity} numActivities=1 lastActiveTime=1478376 supportsMultiWindow=true resizeMode=1 isResizeable=true minWidth=-1 minHeight=-1 defaultMinSize=220 token=WCT{android.window.IWindowContainerToken$Stub$Proxy@4f87e91} topActivityType=1 pictureInPictureParams=null shouldDockBigOverlays=false launchIntoPipHostTaskId=-1 lastParentTaskIdBeforePip=-1 displayCutoutSafeInsets=null topActivityInfo=ActivityInfo{98441f6 com.winlator.BionicXActivity} launchCookies=[] positionInParent=Point(0, 0) parentTaskId=-1 isFocused=false isVisible=false isVisibleRequested=false isSleeping=false topActivityInSizeCompat=false topActivityEligibleForLetterboxEducation= false topActivityLetterboxed= false isFromDoubleTap= false topActivityLetterboxVerticalPosition= -1 topActivityLetterboxHorizontalPosition= -1 topActivityLetterboxWidth=-1 topActivityLetterboxHeight=-1 locusId=null displayAreaFeatureId=1 cameraCompatControlState=hidden}, remoteTransition = null, displayChange = null }
I/ActivityManager( 2320): Start proc 26036:io.taowen.bx/u0a194 for next-top-activity {io.taowen.bx/com.winlator.BionicXActivity}
V/WindowManager( 2320): Sent Transition #53 createdAt=08-14 03:27:29.830 via request=TransitionRequestInfo { type = OPEN, triggerTask = TaskInfo{userId=0 taskId=1238 displayId=0 isRunning=true baseIntent=Intent { flg=0x10000000 cmp=io.taowen.bx/com.winlator.BionicXActivity } baseActivity=ComponentInfo{io.taowen.bx/com.winlator.BionicXActivity} topActivity=ComponentInfo{io.taowen.bx/com.winlator.BionicXActivity} origActivity=null realActivity=ComponentInfo{io.taowen.bx/com.winlator.BionicXActivity} numActivities=1 lastActiveTime=1478376 supportsMultiWindow=true resizeMode=1 isResizeable=true minWidth=-1 minHeight=-1 defaultMinSize=220 token=WCT{RemoteToken{c266076 Task{541d1ab #1238 type=standard A=10194:io.taowen.bx}}} topActivityType=1 pictureInPictureParams=null shouldDockBigOverlays=false launchIntoPipHostTaskId=-1 lastParentTaskIdBeforePip=-1 displayCutoutSafeInsets=null topActivityInfo=ActivityInfo{eff3677 com.winlator.BionicXActivity} launchCookies=[] positionInParent=Point(0, 0) parentTaskId=-1 isFocused=false isVisible=false isVisibleRequested=false isSleeping=false topActivityInSizeCompat=false topActivityEligibleForLetterboxEducation= false topActivityLetterboxed= false isFromDoubleTap= false topActivityLetterboxVerticalPosition= -1 topActivityLetterboxHorizontalPosition= -1 topActivityLetterboxWidth=-1 topActivityLetterboxHeight=-1 locusId=null displayAreaFeatureId=1 cameraCompatControlState=hidden}, remoteTransition = null, displayChange = null }
W/WindowManager( 2320): Failed to deliver inset control state change to w=Window{62f363d u0 io.taowen.bx/com.winlator.BionicXActivity EXITING}
W/WindowManager( 2320): Failed to deliver inset control state change to w=Window{62f363d u0 io.taowen.bx/com.winlator.BionicXActivity EXITING}
W/WindowManager( 2320): Exception thrown during dispatchAppVisibility Window{62f363d u0 io.taowen.bx/com.winlator.BionicXActivity EXITING}
I/BionicX (26036): profile=thunderbird display=1920x1080@144 socket=filesystem
I/BionicX (26036): enabled D-Bus session service at /data/user/0/io.taowen.bx/files/run/thunderbird/runtime/bus
I/BionicX (26036): dbus: bionicx-exec: running untraced pid=26064
I/BionicX (26036): runtime DNS servers=2
I/BionicX (26036): launching Thunderbird (Debian trixie ARM64): [/data/user/0/io.taowen.bx/files/bin/bionicx-exec, --cwd, /data/user/0/io.taowen.bx/files/rootfs/usr/lib/thunderbird, --env, DISPLAY=:0, --env, HOME=/data/user/0/io.taowen.bx/files/homes/thunderbird, --env, TMPDIR=/data/user/0/io.taowen.bx/files/run/thunderbird, --env, XDG_RUNTIME_DIR=/data/user/0/io.taowen.bx/files/run/thunderbird/runtime, --env, XDG_CONFIG_HOME=/data/user/0/io.taowen.bx/files/homes/thunderbird/.config, --env, XDG_CACHE_HOME=/data/user/0/io.taowen.bx/files/homes/thunderbird/.cache, --env, XDG_DATA_HOME=/data/user/0/io.taowen.bx/files/homes/thunderbird/.local/share, --env, XDG_DATA_DIRS=/data/user/0/io.taowen.bx/files/rootfs/usr/local/share:/data/user/0/io.taowen.bx/files/rootfs/usr/share, --env, GDK_PIXBUF_MODULE_FILE=/data/user/0/io.taowen.bx/files/rootfs/usr/lib/aarch64-linux-gnu/gdk-pixbuf-2.0/2.10.0/loaders.cache, --env, SSL_CERT_FILE=/data/user/0/io.taowen.bx/files/rootfs/etc/ssl/certs/ca-certificates.crt, --env, MOZ_ENABLE_WAYLAND=0, --env, MOZILLA_FIVE_HOME=/data/user/0/io.taowen.bx/files/rootfs/usr/lib/thunderbird, --env, NO_AT_BRIDGE=1, --env, PATH=/data/user/0/io.taowen.bx/files/rootfs/usr/bin:/data/user/0/io.taowen.bx/files/rootfs/bin:/product/bin:/system/bin, --env, LANG=C.UTF-8, --env, BIONICX_DNS_SERVERS=fe80::1%wlan0,192.168.1.1, --env, BIONICX_ROOTFS=/data/user/0/io.taowen.bx/files/rootfs, --env, BIONICX_APP=/data/user/0/io.taowen.bx/files/apps/thunderbird, --env, BIONICX_TMPDIR=/data/user/0/io.taowen.bx/cache, --env, FONTCONFIG_PATH=/data/user/0/io.taowen.bx/files/rootfs/etc/fonts, --env, FONTCONFIG_FILE=fonts.conf, --env, FONTCONFIG_SYSROOT=/data/user/0/io.taowen.bx/files/rootfs, --env, DBUS_SESSION_BUS_ADDRESS=unix:path=/data/user/0/io.taowen.bx/files/run/thunderbird/runtime/bus, --env, LD_PRELOAD=/data/user/0/io.taowen.bx/files/lib/libbionicx-runtime.so, --, /data/user/0/io.taowen.bx/files/rootfs/usr/lib/thunderbird/thunderbird, --no-remote, --new-instance, --profile, /data/user/0/io.taowen.bx/files/homes/thunderbird, --offline]
D/CoreBackPreview( 2320): Window{27e0375 u0 io.taowen.bx/com.winlator.BionicXActivity}: Setting back callback OnBackInvokedCallbackInfo{mCallback=android.window.IOnBackInvokedCallback$Stub$Proxy@47b6344, mPriority=0, mIsAnimationCallback=false}
I/BionicX (26036): bionicx-exec: running untraced pid=26071
I/ActivityTaskManager( 2320): Displayed io.taowen.bx/com.winlator.BionicXActivity for user 0: +211ms
I/Zygote  ( 1294): Process 25673 exited due to signal 9 (Killed)
I/BionicX (26036): [GFX1-]: ManageChildProcess(glxtest): poll failed: No such file or directory
I/BionicX (26036): 
I/BionicX (26036): [GFX1-]: glxtest: ManageChildProcess failed
I/BionicX (26036): 
I/BionicX (26036): [GFX1-]: No GPUs detected via PCI
I/BionicX (26036): 
I/BionicX (26036): [26071] Sandbox: Couldn't open video device /dev/video33
I/BionicX (26036): [26071] Sandbox: Couldn't open video device /dev/video32
thunderbird alive=1 bytes=88474 shot=/tmp/grok-goal-3794b08cb732/implementer/thunderbird.png
==== recapture done 2026-08-14T03:27:36+08:00 ====
===== 2026-08-14T03:29:05+08:00 keepassxc install+cli+gui =====
/var/home/taowen/projects/glibc-on-bionic/bionicx/build/popular-apps-bundle
/var/home/taowen/projects/glibc-on-bionic/bionicx/build/popular-apps-bundle/app/lib/libGL.so.1.7.0
profile keepassxc is valid
bionicx-exec: running untraced pid=26951
bionicx-exec: running untraced pid=26963
bionicx ELF fixups: 2 entries
installed profile keepassxc for io.taowen.bx
bionicx-exec: running untraced pid=27026
Successfully created new database.
bionicx-exec: primary pid=27026 exited status=0x0; draining session
bionicx-exec: session drained children=0
BXTEST PASS db-create created
bionicx-exec: running untraced pid=27031
Successfully added entry login.
bionicx-exec: primary pid=27031 exited status=0x0; draining session
bionicx-exec: session drained children=0
BXTEST PASS db-add login
bionicx-exec: running untraced pid=27036
login
bionicx-exec: primary pid=27036 exited status=0x0; draining session
bionicx-exec: session drained children=0
BXTEST PASS db-ls login
bionicx-exec: running untraced pid=27042
login
bionicx
https://example.com
bionicx-exec: primary pid=27042 exited status=0x0; draining session
bionicx-exec: session drained children=0
BXTEST PASS db-show login bionicx example.com
bionicx-exec: running untraced pid=27047
login
bionicx-exec: primary pid=27047 exited status=0x0; draining session
bionicx-exec: session drained children=0
BXTEST PASS db-reopen login
BXTEST PASS db-persist bytes=1870
BXSUMMARY keepassxc-cli passed=6 failed=0
Starting: Intent { cmp=io.taowen.bx/com.winlator.BionicXActivity }
Status: ok
LaunchState: COLD
Activity: io.taowen.bx/com.winlator.BionicXActivity
TotalTime: 224
WaitTime: 229
Complete
screenshot /tmp/grok-goal-3794b08cb732/implementer/keepassxc.png bytes=61879
W/ActivityTaskManager( 2320): Force removing ActivityRecord{97a57fa u0 io.taowen.bx/com.winlator.BionicXActivity t1238 f}}: app died, no saved state
V/WindowManagerShell( 2661): Transition requested: android.os.BinderProxy@9015b4e TransitionRequestInfo { type = CLOSE, triggerTask = TaskInfo{userId=0 taskId=1238 displayId=0 isRunning=false baseIntent=Intent { flg=0x10000000 cmp=io.taowen.bx/com.winlator.BionicXActivity } baseActivity=null topActivity=null origActivity=null realActivity=ComponentInfo{io.taowen.bx/com.winlator.BionicXActivity} numActivities=0 lastActiveTime=1478411 supportsMultiWindow=true resizeMode=1 isResizeable=true minWidth=-1 minHeight=-1 defaultMinSize=220 token=WCT{android.window.IWindowContainerToken$Stub$Proxy@bb9d46f} topActivityType=1 pictureInPictureParams=null shouldDockBigOverlays=false launchIntoPipHostTaskId=-1 lastParentTaskIdBeforePip=-1 displayCutoutSafeInsets=null topActivityInfo=null launchCookies=[] positionInParent=Point(0, 0) parentTaskId=-1 isFocused=true isVisible=true isVisibleRequested=true isSleeping=false topActivityInSizeCompat=false topActivityEligibleForLetterboxEducation= false topActivityLetterboxed= false isFromDoubleTap= false topActivityLetterboxVerticalPosition= -1 topActivityLetterboxHorizontalPosition= -1 topActivityLetterboxWidth=-1 topActivityLetterboxHeight=-1 locusId=null displayAreaFeatureId=1 cameraCompatControlState=hidden}, remoteTransition = null, displayChange = null }
I/Zygote  ( 1294): Process 26036 exited due to signal 9 (Killed)
I/WindowManager( 2320): WIN DEATH: Window{27e0375 u0 io.taowen.bx/com.winlator.BionicXActivity}
W/InputManager-JNI( 2320): Input channel object '27e0375 io.taowen.bx/com.winlator.BionicXActivity (client)' was disposed without first being removed with the input manager!
W/WindowManager( 2320): Failed to deliver inset control state change to w=Window{27e0375 u0 io.taowen.bx/com.winlator.BionicXActivity EXITING}
V/WindowManager( 2320): Sent Transition #54 createdAt=08-14 03:29:29.568 via request=TransitionRequestInfo { type = CLOSE, triggerTask = TaskInfo{userId=0 taskId=1238 displayId=0 isRunning=false baseIntent=Intent { flg=0x10000000 cmp=io.taowen.bx/com.winlator.BionicXActivity } baseActivity=null topActivity=null origActivity=null realActivity=ComponentInfo{io.taowen.bx/com.winlator.BionicXActivity} numActivities=0 lastActiveTime=1478411 supportsMultiWindow=true resizeMode=1 isResizeable=true minWidth=-1 minHeight=-1 defaultMinSize=220 token=WCT{RemoteToken{c266076 Task{541d1ab #1238 type=standard A=10194:io.taowen.bx}}} topActivityType=1 pictureInPictureParams=null shouldDockBigOverlays=false launchIntoPipHostTaskId=-1 lastParentTaskIdBeforePip=-1 displayCutoutSafeInsets=null topActivityInfo=null launchCookies=[] positionInParent=Point(0, 0) parentTaskId=-1 isFocused=true isVisible=true isVisibleRequested=true isSleeping=false topActivityInSizeCompat=false topActivityEligibleForLetterboxEducation= false topActivityLetterboxed= false isFromDoubleTap= false topActivityLetterboxVerticalPosition= -1 topActivityLetterboxHorizontalPosition= -1 topActivityLetterboxWidth=-1 topActivityLetterboxHeight=-1 locusId=null displayAreaFeatureId=1 cameraCompatControlState=hidden}, remoteTransition = null, displayChange = null }
W/WindowManager( 2320): Failed to deliver inset control state change to w=Window{27e0375 u0 io.taowen.bx/com.winlator.BionicXActivity EXITING}
I/ActivityTaskManager( 2320): START u0 {flg=0x10000000 cmp=io.taowen.bx/com.winlator.BionicXActivity} with LAUNCH_MULTIPLE from uid 2000 (BAL_ALLOW_PERMISSION) result code=0
V/WindowManagerShell( 2661): Transition requested: android.os.BinderProxy@b223357 TransitionRequestInfo { type = OPEN, triggerTask = TaskInfo{userId=0 taskId=1239 displayId=0 isRunning=true baseIntent=Intent { flg=0x10000000 cmp=io.taowen.bx/com.winlator.BionicXActivity } baseActivity=ComponentInfo{io.taowen.bx/com.winlator.BionicXActivity} topActivity=ComponentInfo{io.taowen.bx/com.winlator.BionicXActivity} origActivity=null realActivity=ComponentInfo{io.taowen.bx/com.winlator.BionicXActivity} numActivities=1 lastActiveTime=1598526 supportsMultiWindow=true resizeMode=1 isResizeable=true minWidth=-1 minHeight=-1 defaultMinSize=220 token=WCT{android.window.IWindowContainerToken$Stub$Proxy@57e8e44} topActivityType=1 pictureInPictureParams=null shouldDockBigOverlays=false launchIntoPipHostTaskId=-1 lastParentTaskIdBeforePip=-1 displayCutoutSafeInsets=null topActivityInfo=ActivityInfo{2d37b2d com.winlator.BionicXActivity} launchCookies=[] positionInParent=Point(0, 0) parentTaskId=-1 isFocused=false isVisible=false isVisibleRequested=false isSleeping=false topActivityInSizeCompat=false topActivityEligibleForLetterboxEducation= false topActivityLetterboxed= false isFromDoubleTap= false topActivityLetterboxVerticalPosition= -1 topActivityLetterboxHorizontalPosition= -1 topActivityLetterboxWidth=-1 topActivityLetterboxHeight=-1 locusId=null displayAreaFeatureId=1 cameraCompatControlState=hidden}, remoteTransition = null, displayChange = null }
I/ActivityManager( 2320): Start proc 27080:io.taowen.bx/u0a194 for next-top-activity {io.taowen.bx/com.winlator.BionicXActivity}
V/WindowManager( 2320): Sent Transition #55 createdAt=08-14 03:29:29.977 via request=TransitionRequestInfo { type = OPEN, triggerTask = TaskInfo{userId=0 taskId=1239 displayId=0 isRunning=true baseIntent=Intent { flg=0x10000000 cmp=io.taowen.bx/com.winlator.BionicXActivity } baseActivity=ComponentInfo{io.taowen.bx/com.winlator.BionicXActivity} topActivity=ComponentInfo{io.taowen.bx/com.winlator.BionicXActivity} origActivity=null realActivity=ComponentInfo{io.taowen.bx/com.winlator.BionicXActivity} numActivities=1 lastActiveTime=1598526 supportsMultiWindow=true resizeMode=1 isResizeable=true minWidth=-1 minHeight=-1 defaultMinSize=220 token=WCT{RemoteToken{72c52e9 Task{5a2d27d #1239 type=standard A=10194:io.taowen.bx}}} topActivityType=1 pictureInPictureParams=null shouldDockBigOverlays=false launchIntoPipHostTaskId=-1 lastParentTaskIdBeforePip=-1 displayCutoutSafeInsets=null topActivityInfo=ActivityInfo{8587b6e com.winlator.BionicXActivity} launchCookies=[] positionInParent=Point(0, 0) parentTaskId=-1 isFocused=false isVisible=false isVisibleRequested=false isSleeping=false topActivityInSizeCompat=false topActivityEligibleForLetterboxEducation= false topActivityLetterboxed= false isFromDoubleTap= false topActivityLetterboxVerticalPosition= -1 topActivityLetterboxHorizontalPosition= -1 topActivityLetterboxWidth=-1 topActivityLetterboxHeight=-1 locusId=null displayAreaFeatureId=1 cameraCompatControlState=hidden}, remoteTransition = null, displayChange = null }
W/WindowManager( 2320): Failed to deliver inset control state change to w=Window{27e0375 u0 io.taowen.bx/com.winlator.BionicXActivity EXITING}
W/WindowManager( 2320): Failed to deliver inset control state change to w=Window{27e0375 u0 io.taowen.bx/com.winlator.BionicXActivity EXITING}
W/WindowManager( 2320): Exception thrown during dispatchAppVisibility Window{27e0375 u0 io.taowen.bx/com.winlator.BionicXActivity EXITING}
I/BionicX (27080): profile=keepassxc display=1920x1080@144 socket=filesystem
I/BionicX (27080): enabled D-Bus session service at /data/user/0/io.taowen.bx/files/run/keepassxc/runtime/bus
I/BionicX (27080): dbus: bionicx-exec: running untraced pid=27114
I/BionicX (27080): runtime DNS servers=2
I/BionicX (27080): launching KeePassXC (Debian trixie ARM64): [/data/user/0/io.taowen.bx/files/bin/bionicx-exec, --cwd, /data/user/0/io.taowen.bx/files/homes/keepassxc, --env, DISPLAY=:0, --env, GLADIO_X11_SOCKET=/data/data/io.taowen.bx/files/rootfs/tmp/.X11-unix/X0, --env, HOME=/data/user/0/io.taowen.bx/files/homes/keepassxc, --env, TMPDIR=/data/user/0/io.taowen.bx/cache, --env, XDG_RUNTIME_DIR=/data/user/0/io.taowen.bx/files/run/keepassxc/runtime, --env, XDG_CONFIG_HOME=/data/user/0/io.taowen.bx/files/homes/keepassxc/.config, --env, XDG_CACHE_HOME=/data/user/0/io.taowen.bx/files/homes/keepassxc/.cache, --env, XDG_DATA_HOME=/data/user/0/io.taowen.bx/files/homes/keepassxc/.local/share, --env, XDG_DATA_DIRS=/data/user/0/io.taowen.bx/files/rootfs/usr/local/share:/data/user/0/io.taowen.bx/files/rootfs/usr/share, --env, QT_QPA_PLATFORM=xcb, --env, QT_PLUGIN_PATH=/data/user/0/io.taowen.bx/files/rootfs/usr/lib/aarch64-linux-gnu/qt5/plugins, --env, QT_XKB_CONFIG_ROOT=/data/user/0/io.taowen.bx/files/rootfs/usr/share/X11/xkb, --env, NO_AT_BRIDGE=1, --env, PATH=/data/user/0/io.taowen.bx/files/rootfs/usr/bin:/data/user/0/io.taowen.bx/files/rootfs/bin:/product/bin:/system/bin, --env, LANG=C.UTF-8, --env, BIONICX_DNS_SERVERS=fe80::1%wlan0,192.168.1.1, --env, BIONICX_ROOTFS=/data/user/0/io.taowen.bx/files/rootfs, --env, BIONICX_APP=/data/user/0/io.taowen.bx/files/apps/keepassxc, --env, LD_LIBRARY_PATH=/data/user/0/io.taowen.bx/files/apps/keepassxc/lib, --env, BIONICX_TMPDIR=/data/user/0/io.taowen.bx/cache, --env, FONTCONFIG_PATH=/data/user/0/io.taowen.bx/files/rootfs/etc/fonts, --env, FONTCONFIG_FILE=fonts.conf, --env, FONTCONFIG_SYSROOT=/data/user/0/io.taowen.bx/files/rootfs, --env, DBUS_SESSION_BUS_ADDRESS=unix:path=/data/user/0/io.taowen.bx/files/run/keepassxc/runtime/bus, --env, LD_PRELOAD=/data/user/0/io.taowen.bx/files/lib/libbionicx-runtime.so, --, /data/user/0/io.taowen.bx/files/rootfs/bin/sh, /data/user/0/io.taowen.bx/files/apps/keepassxc/bin/keepassxc-deferred-open, --keyfile, /data/user/0/io.taowen.bx/files/apps/keepassxc/fixtures/bionicx.key, /data/user/0/io.taowen.bx/files/apps/keepassxc/fixtures/bionicx.kdbx]
I/BionicX (27080): bionicx-exec: running untraced pid=27121
D/CoreBackPreview( 2320): Window{61a4682 u0 io.taowen.bx/com.winlator.BionicXActivity}: Setting back callback OnBackInvokedCallbackInfo{mCallback=android.window.IOnBackInvokedCallback$Stub$Proxy@f6e985, mPriority=0, mIsAnimationCallback=false}
I/ActivityTaskManager( 2320): Displayed io.taowen.bx/com.winlator.BionicXActivity for user 0: +224ms
keepassxc later-frame bytes=62781
===== 2026-08-14T03:29:53+08:00 retry krita wait=40s =====
W/WindowManager( 2320): Exception thrown during dispatchAppVisibility Window{61a4682 u0 io.taowen.bx/com.winlator.BionicXActivity EXITING}
I/BionicX (27711): profile=krita display=1920x1080@144 socket=filesystem
I/BionicX (27711): enabled D-Bus session service at /data/user/0/io.taowen.bx/files/run/krita/runtime/bus
I/BionicX (27711): dbus: bionicx-exec: running untraced pid=27740
I/BionicX (27711): runtime DNS servers=2
I/BionicX (27711): launching Krita (Debian trixie ARM64): [/data/user/0/io.taowen.bx/files/bin/bionicx-exec, --cwd, /data/user/0/io.taowen.bx/files/homes/krita, --env, DISPLAY=:0, --env, GLADIO_X11_SOCKET=/data/data/io.taowen.bx/files/rootfs/tmp/.X11-unix/X0, --env, HOME=/data/user/0/io.taowen.bx/files/homes/krita, --env, TMPDIR=/data/user/0/io.taowen.bx/cache, --env, XDG_RUNTIME_DIR=/data/user/0/io.taowen.bx/files/run/krita/runtime, --env, XDG_CONFIG_HOME=/data/user/0/io.taowen.bx/files/homes/krita/.config, --env, XDG_CACHE_HOME=/data/user/0/io.taowen.bx/files/homes/krita/.cache, --env, XDG_DATA_HOME=/data/user/0/io.taowen.bx/files/homes/krita/.local/share, --env, XDG_DATA_DIRS=/data/user/0/io.taowen.bx/files/rootfs/usr/local/share:/data/user/0/io.taowen.bx/files/rootfs/usr/share, --env, QT_QPA_PLATFORM=xcb, --env, QT_PLUGIN_PATH=/data/user/0/io.taowen.bx/files/rootfs/usr/lib/aarch64-linux-gnu/qt5/plugins, --env, QT_XKB_CONFIG_ROOT=/data/user/0/io.taowen.bx/files/rootfs/usr/share/X11/xkb, --env, NO_AT_BRIDGE=1, --env, PATH=/data/user/0/io.taowen.bx/files/rootfs/usr/bin:/data/user/0/io.taowen.bx/files/rootfs/bin:/product/bin:/system/bin, --env, LANG=C.UTF-8, --env, BIONICX_DNS_SERVERS=fe80::1%wlan0,192.168.1.1, --env, BIONICX_ROOTFS=/data/user/0/io.taowen.bx/files/rootfs, --env, BIONICX_APP=/data/user/0/io.taowen.bx/files/apps/krita, --env, LD_LIBRARY_PATH=/data/user/0/io.taowen.bx/files/apps/krita/lib, --env, BIONICX_TMPDIR=/data/user/0/io.taowen.bx/cache, --env, FONTCONFIG_PATH=/data/user/0/io.taowen.bx/files/rootfs/etc/fonts, --env, FONTCONFIG_FILE=fonts.conf, --env, FONTCONFIG_SYSROOT=/data/user/0/io.taowen.bx/files/rootfs, --env, DBUS_SESSION_BUS_ADDRESS=unix:path=/data/user/0/io.taowen.bx/files/run/krita/runtime/bus, --env, LD_PRELOAD=/data/user/0/io.taowen.bx/files/lib/libbionicx-runtime.so, --, /data/user/0/io.taowen.bx/files/rootfs/usr/bin/krita, /data/user/0/io.taowen.bx/files/apps/krita/fixtures/bionicx-image.ppm]
I/BionicX (27711): bionicx-exec: running untraced pid=27747
D/CoreBackPreview( 2320): Window{d168abc u0 io.taowen.bx/com.winlator.BionicXActivity}: Setting back callback OnBackInvokedCallbackInfo{mCallback=android.window.IOnBackInvokedCallback$Stub$Proxy@c050ca7, mPriority=0, mIsAnimationCallback=false}
I/ActivityTaskManager( 2320): Displayed io.taowen.bx/com.winlator.BionicXActivity for user 0: +213ms
I/BionicX (27711): Failed to initialize instances shared memory:  "QSharedMemory::attach: unable to lock"
I/BionicX (27711): QObject::startTimer: Timers cannot have negative intervals
I/BionicX (27711): krita.scripting: "Traceback (most recent call last):"
I/BionicX (27711): krita.scripting: "  File \"/data/user/0/io.taowen.bx/files/rootfs/usr/lib/aarch64-linux-gnu/krita-python-libs/krita/__init__.py\", line 11, in <module>"
I/BionicX (27711): krita.scripting: "    from .api import *"
I/BionicX (27711): krita.scripting: "  File \"/data/user/0/io.taowen.bx/files/rootfs/usr/lib/aarch64-linux-gnu/krita-python-libs/krita/api.py\", line 15, in <module>"
I/BionicX (27711): krita.scripting: "    from PyKrita.krita import *"
I/BionicX (27711): krita.scripting: "ModuleNotFoundError: No module named 'PyQt5'"
I/BionicX (27711): krita.scripting: "Could not import krita"
I/BionicX (27711): Warning: requested data for unknown action "path-break-at-selection"
I/BionicX (27711): krita.general: Tried to create OpenGL widget when system doesn't have OpenGL
I/BionicX (27711): 
I/BionicX (27711): QPainter::begin: Paint device returned engine == 0, type: 3
I/BionicX (27711): QPainter::setCompositionMode: Painter not active
I/BionicX (27711): QPainter::begin: Paint device returned engine == 0, type: 3
I/BionicX (27711): QPainter::setCompositionMode: Painter not active
I/Zygote  ( 1294): Process 27505 exited due to signal 9 (Killed)
I/Zygote  ( 1294): Process 28046 exited due to signal 9 (Killed)
I/Zygote  ( 1294): Process 7375 exited due to signal 9 (Killed)
I/Zygote  ( 1294): Process 28398 exited due to signal 9 (Killed)
I/Zygote  ( 1294): Process 28773 exited due to signal 9 (Killed)
krita retry alive=1 bytes=133385 shot=/tmp/grok-goal-3794b08cb732/implementer/krita.png
===== 2026-08-14T03:31:28+08:00 retry xterm wait=16s =====
W/ActivityTaskManager( 2320): Force removing ActivityRecord{3d964f5 u0 io.taowen.bx/com.winlator.BionicXActivity t1240 f}}: app died, no saved state
V/WindowManagerShell( 2661): Transition requested: android.os.BinderProxy@d4b1860 TransitionRequestInfo { type = CLOSE, triggerTask = TaskInfo{userId=0 taskId=1240 displayId=0 isRunning=false baseIntent=Intent { flg=0x10000000 cmp=io.taowen.bx/com.winlator.BionicXActivity } baseActivity=null topActivity=null origActivity=null realActivity=ComponentInfo{io.taowen.bx/com.winlator.BionicXActivity} numActivities=0 lastActiveTime=1628827 supportsMultiWindow=true resizeMode=1 isResizeable=true minWidth=-1 minHeight=-1 defaultMinSize=220 token=WCT{android.window.IWindowContainerToken$Stub$Proxy@4a6d119} topActivityType=1 pictureInPictureParams=null shouldDockBigOverlays=false launchIntoPipHostTaskId=-1 lastParentTaskIdBeforePip=-1 displayCutoutSafeInsets=null topActivityInfo=null launchCookies=[] positionInParent=Point(0, 0) parentTaskId=-1 isFocused=true isVisible=true isVisibleRequested=true isSleeping=false topActivityInSizeCompat=false topActivityEligibleForLetterboxEducation= false topActivityLetterboxed= false isFromDoubleTap= false topActivityLetterboxVerticalPosition= -1 topActivityLetterboxHorizontalPosition= -1 topActivityLetterboxWidth=-1 topActivityLetterboxHeight=-1 locusId=null displayAreaFeatureId=1 cameraCompatControlState=hidden}, remoteTransition = null, displayChange = null }
I/WindowManager( 2320): WIN DEATH: Window{d168abc u0 io.taowen.bx/com.winlator.BionicXActivity}
W/InputManager-JNI( 2320): Input channel object 'd168abc io.taowen.bx/com.winlator.BionicXActivity (client)' was disposed without first being removed with the input manager!
I/Zygote  ( 1294): Process 27711 exited due to signal 9 (Killed)
V/WindowManager( 2320): Sent Transition #58 createdAt=08-14 03:31:32.953 via request=TransitionRequestInfo { type = CLOSE, triggerTask = TaskInfo{userId=0 taskId=1240 displayId=0 isRunning=false baseIntent=Intent { flg=0x10000000 cmp=io.taowen.bx/com.winlator.BionicXActivity } baseActivity=null topActivity=null origActivity=null realActivity=ComponentInfo{io.taowen.bx/com.winlator.BionicXActivity} numActivities=0 lastActiveTime=1628827 supportsMultiWindow=true resizeMode=1 isResizeable=true minWidth=-1 minHeight=-1 defaultMinSize=220 token=WCT{RemoteToken{c6e6cf4 Task{ad0d28a #1240 type=standard A=10194:io.taowen.bx}}} topActivityType=1 pictureInPictureParams=null shouldDockBigOverlays=false launchIntoPipHostTaskId=-1 lastParentTaskIdBeforePip=-1 displayCutoutSafeInsets=null topActivityInfo=null launchCookies=[] positionInParent=Point(0, 0) parentTaskId=-1 isFocused=true isVisible=true isVisibleRequested=true isSleeping=false topActivityInSizeCompat=false topActivityEligibleForLetterboxEducation= false topActivityLetterboxed= false isFromDoubleTap= false topActivityLetterboxVerticalPosition= -1 topActivityLetterboxHorizontalPosition= -1 topActivityLetterboxWidth=-1 topActivityLetterboxHeight=-1 locusId=null displayAreaFeatureId=1 cameraCompatControlState=hidden}, remoteTransition = null, displayChange = null }
W/WindowManager( 2320): Failed to deliver inset control state change to w=Window{d168abc u0 io.taowen.bx/com.winlator.BionicXActivity EXITING}
I/ActivityTaskManager( 2320): START u0 {flg=0x10000000 cmp=io.taowen.bx/com.winlator.BionicXActivity} with LAUNCH_MULTIPLE from uid 2000 (BAL_ALLOW_PERMISSION) result code=0
V/WindowManagerShell( 2661): Transition requested: android.os.BinderProxy@d7fa9c1 TransitionRequestInfo { type = OPEN, triggerTask = TaskInfo{userId=0 taskId=1241 displayId=0 isRunning=true baseIntent=Intent { flg=0x10000000 cmp=io.taowen.bx/com.winlator.BionicXActivity } baseActivity=ComponentInfo{io.taowen.bx/com.winlator.BionicXActivity} topActivity=ComponentInfo{io.taowen.bx/com.winlator.BionicXActivity} origActivity=null realActivity=ComponentInfo{io.taowen.bx/com.winlator.BionicXActivity} numActivities=1 lastActiveTime=1722100 supportsMultiWindow=true resizeMode=1 isResizeable=true minWidth=-1 minHeight=-1 defaultMinSize=220 token=WCT{android.window.IWindowContainerToken$Stub$Proxy@15a4566} topActivityType=1 pictureInPictureParams=null shouldDockBigOverlays=false launchIntoPipHostTaskId=-1 lastParentTaskIdBeforePip=-1 displayCutoutSafeInsets=null topActivityInfo=ActivityInfo{778d0a7 com.winlator.BionicXActivity} launchCookies=[] positionInParent=Point(0, 0) parentTaskId=-1 isFocused=false isVisible=false isVisibleRequested=false isSleeping=false topActivityInSizeCompat=false topActivityEligibleForLetterboxEducation= false topActivityLetterboxed= false isFromDoubleTap= false topActivityLetterboxVerticalPosition= -1 topActivityLetterboxHorizontalPosition= -1 topActivityLetterboxWidth=-1 topActivityLetterboxHeight=-1 locusId=null displayAreaFeatureId=1 cameraCompatControlState=hidden}, remoteTransition = null, displayChange = null }
I/ActivityManager( 2320): Start proc 29509:io.taowen.bx/u0a194 for next-top-activity {io.taowen.bx/com.winlator.BionicXActivity}
V/WindowManager( 2320): Sent Transition #59 createdAt=08-14 03:31:33.552 via request=TransitionRequestInfo { type = OPEN, triggerTask = TaskInfo{userId=0 taskId=1241 displayId=0 isRunning=true baseIntent=Intent { flg=0x10000000 cmp=io.taowen.bx/com.winlator.BionicXActivity } baseActivity=ComponentInfo{io.taowen.bx/com.winlator.BionicXActivity} topActivity=ComponentInfo{io.taowen.bx/com.winlator.BionicXActivity} origActivity=null realActivity=ComponentInfo{io.taowen.bx/com.winlator.BionicXActivity} numActivities=1 lastActiveTime=1722100 supportsMultiWindow=true resizeMode=1 isResizeable=true minWidth=-1 minHeight=-1 defaultMinSize=220 token=WCT{RemoteToken{b709111 Task{86679fa #1241 type=standard A=10194:io.taowen.bx}}} topActivityType=1 pictureInPictureParams=null shouldDockBigOverlays=false launchIntoPipHostTaskId=-1 lastParentTaskIdBeforePip=-1 displayCutoutSafeInsets=null topActivityInfo=ActivityInfo{f472276 com.winlator.BionicXActivity} launchCookies=[] positionInParent=Point(0, 0) parentTaskId=-1 isFocused=false isVisible=false isVisibleRequested=false isSleeping=false topActivityInSizeCompat=false topActivityEligibleForLetterboxEducation= false topActivityLetterboxed= false isFromDoubleTap= false topActivityLetterboxVerticalPosition= -1 topActivityLetterboxHorizontalPosition= -1 topActivityLetterboxWidth=-1 topActivityLetterboxHeight=-1 locusId=null displayAreaFeatureId=1 cameraCompatControlState=hidden}, remoteTransition = null, displayChange = null }
W/WindowManager( 2320): Failed to deliver inset control state change to w=Window{d168abc u0 io.taowen.bx/com.winlator.BionicXActivity EXITING}
W/WindowManager( 2320): Failed to deliver inset control state change to w=Window{d168abc u0 io.taowen.bx/com.winlator.BionicXActivity EXITING}
W/WindowManager( 2320): Exception thrown during dispatchAppVisibility Window{d168abc u0 io.taowen.bx/com.winlator.BionicXActivity EXITING}
I/BionicX (29509): profile=xterm display=1920x1080@144 socket=filesystem
I/BionicX (29509): runtime DNS servers=2
I/BionicX (29509): launching XTerm (Debian trixie ARM64): [/data/user/0/io.taowen.bx/files/bin/bionicx-exec, --cwd, /data/user/0/io.taowen.bx/files/homes/xterm, --env, DISPLAY=:0, --env, HOME=/data/user/0/io.taowen.bx/files/homes/xterm, --env, TMPDIR=/data/user/0/io.taowen.bx/files/run/xterm, --env, XDG_RUNTIME_DIR=/data/user/0/io.taowen.bx/files/run/xterm/runtime, --env, SHELL=/data/user/0/io.taowen.bx/files/rootfs/usr/bin/bash, --env, TERM=xterm-256color, --env, PATH=/data/user/0/io.taowen.bx/files/rootfs/usr/bin:/data/user/0/io.taowen.bx/files/rootfs/bin:/product/bin:/system/bin, --env, LANG=C.UTF-8, --env, BIONICX_DNS_SERVERS=fe80::1%wlan0,192.168.1.1, --env, BIONICX_ROOTFS=/data/user/0/io.taowen.bx/files/rootfs, --env, BIONICX_APP=/data/user/0/io.taowen.bx/files/apps/xterm, --env, BIONICX_TMPDIR=/data/user/0/io.taowen.bx/cache, --env, FONTCONFIG_PATH=/data/user/0/io.taowen.bx/files/rootfs/etc/fonts, --env, FONTCONFIG_FILE=fonts.conf, --env, FONTCONFIG_SYSROOT=/data/user/0/io.taowen.bx/files/rootfs, --env, LD_PRELOAD=/data/user/0/io.taowen.bx/files/lib/libbionicx-runtime.so, --, /data/user/0/io.taowen.bx/files/rootfs/usr/bin/xterm, -ut, -fa, DejaVu Sans Mono, -fs, 18, -geometry, 120x34+0+0, -title, BionicX Debian Terminal, -e, /data/user/0/io.taowen.bx/files/rootfs/usr/bin/bash, --noprofile, --norc, -i]
D/CoreBackPreview( 2320): Window{227dd7b u0 io.taowen.bx/com.winlator.BionicXActivity}: Setting back callback OnBackInvokedCallbackInfo{mCallback=android.window.IOnBackInvokedCallback$Stub$Proxy@9ba9762, mPriority=0, mIsAnimationCallback=false}
I/BionicX (29509): bionicx-exec: running untraced pid=29543
I/ActivityTaskManager( 2320): Displayed io.taowen.bx/com.winlator.BionicXActivity for user 0: +190ms
I/Zygote  ( 1294): Process 29144 exited due to signal 9 (Killed)
I/Zygote  ( 1294): Process 29589 exited due to signal 9 (Killed)
xterm retry alive=1 bytes=15567 shot=/tmp/grok-goal-3794b08cb732/implementer/xterm.png
===== 2026-08-14T03:32:06+08:00 retry thunar wait=16s =====
W/WindowManager( 2320): Failed to deliver inset control state change to w=Window{227dd7b u0 io.taowen.bx/com.winlator.BionicXActivity EXITING}
V/WindowManager( 2320): Sent Transition #60 createdAt=08-14 03:32:13.041 via request=TransitionRequestInfo { type = CLOSE, triggerTask = TaskInfo{userId=0 taskId=1241 displayId=0 isRunning=false baseIntent=Intent { flg=0x10000000 cmp=io.taowen.bx/com.winlator.BionicXActivity } baseActivity=null topActivity=null origActivity=null realActivity=ComponentInfo{io.taowen.bx/com.winlator.BionicXActivity} numActivities=0 lastActiveTime=1722133 supportsMultiWindow=true resizeMode=1 isResizeable=true minWidth=-1 minHeight=-1 defaultMinSize=220 token=WCT{RemoteToken{b709111 Task{86679fa #1241 type=standard A=10194:io.taowen.bx}}} topActivityType=1 pictureInPictureParams=null shouldDockBigOverlays=false launchIntoPipHostTaskId=-1 lastParentTaskIdBeforePip=-1 displayCutoutSafeInsets=null topActivityInfo=null launchCookies=[] positionInParent=Point(0, 0) parentTaskId=-1 isFocused=true isVisible=true isVisibleRequested=true isSleeping=false topActivityInSizeCompat=false topActivityEligibleForLetterboxEducation= false topActivityLetterboxed= false isFromDoubleTap= false topActivityLetterboxVerticalPosition= -1 topActivityLetterboxHorizontalPosition= -1 topActivityLetterboxWidth=-1 topActivityLetterboxHeight=-1 locusId=null displayAreaFeatureId=1 cameraCompatControlState=hidden}, remoteTransition = null, displayChange = null }
W/WindowManager( 2320): Failed to deliver inset control state change to w=Window{227dd7b u0 io.taowen.bx/com.winlator.BionicXActivity EXITING}
I/ActivityTaskManager( 2320): START u0 {flg=0x10000000 cmp=io.taowen.bx/com.winlator.BionicXActivity} with LAUNCH_MULTIPLE from uid 2000 (BAL_ALLOW_PERMISSION) result code=0
V/WindowManagerShell( 2661): Transition requested: android.os.BinderProxy@52056dc TransitionRequestInfo { type = OPEN, triggerTask = TaskInfo{userId=0 taskId=1242 displayId=0 isRunning=true baseIntent=Intent { flg=0x10000000 cmp=io.taowen.bx/com.winlator.BionicXActivity } baseActivity=ComponentInfo{io.taowen.bx/com.winlator.BionicXActivity} topActivity=ComponentInfo{io.taowen.bx/com.winlator.BionicXActivity} origActivity=null realActivity=ComponentInfo{io.taowen.bx/com.winlator.BionicXActivity} numActivities=1 lastActiveTime=1762192 supportsMultiWindow=true resizeMode=1 isResizeable=true minWidth=-1 minHeight=-1 defaultMinSize=220 token=WCT{android.window.IWindowContainerToken$Stub$Proxy@36433e5} topActivityType=1 pictureInPictureParams=null shouldDockBigOverlays=false launchIntoPipHostTaskId=-1 lastParentTaskIdBeforePip=-1 displayCutoutSafeInsets=null topActivityInfo=ActivityInfo{1980eba com.winlator.BionicXActivity} launchCookies=[] positionInParent=Point(0, 0) parentTaskId=-1 isFocused=false isVisible=false isVisibleRequested=false isSleeping=false topActivityInSizeCompat=false topActivityEligibleForLetterboxEducation= false topActivityLetterboxed= false isFromDoubleTap= false topActivityLetterboxVerticalPosition= -1 topActivityLetterboxHorizontalPosition= -1 topActivityLetterboxWidth=-1 topActivityLetterboxHeight=-1 locusId=null displayAreaFeatureId=1 cameraCompatControlState=hidden}, remoteTransition = null, displayChange = null }
W/WindowManager( 2320): Failed to deliver inset control state change to w=Window{227dd7b u0 io.taowen.bx/com.winlator.BionicXActivity EXITING}
I/ActivityManager( 2320): Start proc 30365:io.taowen.bx/u0a194 for next-top-activity {io.taowen.bx/com.winlator.BionicXActivity}
V/WindowManager( 2320): Sent Transition #61 createdAt=08-14 03:32:13.646 via request=TransitionRequestInfo { type = OPEN, triggerTask = TaskInfo{userId=0 taskId=1242 displayId=0 isRunning=true baseIntent=Intent { flg=0x10000000 cmp=io.taowen.bx/com.winlator.BionicXActivity } baseActivity=ComponentInfo{io.taowen.bx/com.winlator.BionicXActivity} topActivity=ComponentInfo{io.taowen.bx/com.winlator.BionicXActivity} origActivity=null realActivity=ComponentInfo{io.taowen.bx/com.winlator.BionicXActivity} numActivities=1 lastActiveTime=1762192 supportsMultiWindow=true resizeMode=1 isResizeable=true minWidth=-1 minHeight=-1 defaultMinSize=220 token=WCT{RemoteToken{c842742 Task{5e6b93a #1242 type=standard A=10194:io.taowen.bx}}} topActivityType=1 pictureInPictureParams=null shouldDockBigOverlays=false launchIntoPipHostTaskId=-1 lastParentTaskIdBeforePip=-1 displayCutoutSafeInsets=null topActivityInfo=ActivityInfo{7470353 com.winlator.BionicXActivity} launchCookies=[] positionInParent=Point(0, 0) parentTaskId=-1 isFocused=false isVisible=false isVisibleRequested=false isSleeping=false topActivityInSizeCompat=false topActivityEligibleForLetterboxEducation= false topActivityLetterboxed= false isFromDoubleTap= false topActivityLetterboxVerticalPosition= -1 topActivityLetterboxHorizontalPosition= -1 topActivityLetterboxWidth=-1 topActivityLetterboxHeight=-1 locusId=null displayAreaFeatureId=1 cameraCompatControlState=hidden}, remoteTransition = null, displayChange = null }
W/WindowManager( 2320): Failed to deliver inset control state change to w=Window{227dd7b u0 io.taowen.bx/com.winlator.BionicXActivity EXITING}
W/WindowManager( 2320): Exception thrown during dispatchAppVisibility Window{227dd7b u0 io.taowen.bx/com.winlator.BionicXActivity EXITING}
I/BionicX (30365): profile=thunar display=1920x1080@144 socket=filesystem
I/BionicX (30365): runtime DNS servers=2
I/BionicX (30365): launching Thunar (Debian trixie ARM64): [/data/user/0/io.taowen.bx/files/bin/bionicx-exec, --cwd, /data/user/0/io.taowen.bx/files/homes/thunar, --env, DISPLAY=:0, --env, HOME=/data/user/0/io.taowen.bx/files/homes/thunar, --env, TMPDIR=/data/user/0/io.taowen.bx/files/run/thunar, --env, XDG_RUNTIME_DIR=/data/user/0/io.taowen.bx/files/run/thunar/runtime, --env, XDG_CONFIG_HOME=/data/user/0/io.taowen.bx/files/homes/thunar/.config, --env, XDG_CACHE_HOME=/data/user/0/io.taowen.bx/files/homes/thunar/.cache, --env, XDG_DATA_HOME=/data/user/0/io.taowen.bx/files/homes/thunar/.local/share, --env, XDG_DATA_DIRS=/data/user/0/io.taowen.bx/files/rootfs/usr/local/share:/data/user/0/io.taowen.bx/files/rootfs/usr/share, --env, GSETTINGS_SCHEMA_DIR=/data/user/0/io.taowen.bx/files/rootfs/usr/share/glib-2.0/schemas, --env, GSETTINGS_BACKEND=memory, --env, GDK_PIXBUF_MODULE_FILE=/data/user/0/io.taowen.bx/files/rootfs/usr/lib/aarch64-linux-gnu/gdk-pixbuf-2.0/2.10.0/loaders.cache, --env, NO_AT_BRIDGE=1, --env, PATH=/data/user/0/io.taowen.bx/files/rootfs/usr/bin:/data/user/0/io.taowen.bx/files/rootfs/bin:/product/bin:/system/bin, --env, LANG=C.UTF-8, --env, BIONICX_DNS_SERVERS=fe80::1%wlan0,192.168.1.1, --env, BIONICX_ROOTFS=/data/user/0/io.taowen.bx/files/rootfs, --env, BIONICX_APP=/data/user/0/io.taowen.bx/files/apps/thunar, --env, BIONICX_TMPDIR=/data/user/0/io.taowen.bx/cache, --env, FONTCONFIG_PATH=/data/user/0/io.taowen.bx/files/rootfs/etc/fonts, --env, FONTCONFIG_FILE=fonts.conf, --env, FONTCONFIG_SYSROOT=/data/user/0/io.taowen.bx/files/rootfs, --env, LD_PRELOAD=/data/user/0/io.taowen.bx/files/lib/libbionicx-runtime.so, --, /data/user/0/io.taowen.bx/files/rootfs/usr/bin/thunar, /data/user/0/io.taowen.bx/files/homes/thunar]
D/CoreBackPreview( 2320): Window{b3c7bbb u0 io.taowen.bx/com.winlator.BionicXActivity}: Setting back callback OnBackInvokedCallbackInfo{mCallback=android.window.IOnBackInvokedCallback$Stub$Proxy@9b06ea2, mPriority=0, mIsAnimationCallback=false}
I/BionicX (30365): bionicx-exec: running untraced pid=30397
I/BionicX (30365): 
I/BionicX (30365): (process:30397): thunar-WARNING **: 19:32:13.810: thunar: Failed to initialize Xfconf: Failed to execute child process “dbus-launch” (No such file or directory)
I/ActivityTaskManager( 2320): Displayed io.taowen.bx/com.winlator.BionicXActivity for user 0: +189ms
I/BionicX (30365): 
I/BionicX (30365): (thunar:30397): thunar-WARNING **: 19:32:13.947: Name 'org.xfce.FileManager' lost on the message dbus.
I/BionicX (30365): 
I/BionicX (30365): (thunar:30397): thunar-WARNING **: 19:32:13.947: Name 'org.freedesktop.FileManager1' lost on the message dbus.
I/BionicX (30365): 
I/BionicX (30365): (thunar:30397): thunar-WARNING **: 19:32:13.947: ThunarThumbnailer: failed to create proxy: Failed to execute child process “dbus-launch” (No such file or directory)
I/BionicX (30365): 
I/BionicX (30365): (thunar:30397): thunar-WARNING **: 19:32:14.085: Thumbnailer Proxy Failed ... starting attempt to re-initialize
I/Zygote  ( 1294): Process 29942 exited due to signal 9 (Killed)
I/BionicX (30365): 
I/BionicX (30365): (thunar:30397): thunar-WARNING **: 19:32:15.484: ThunarThumbnailer: failed to create proxy: Failed to execute child process “dbus-launch” (No such file or directory)
I/Zygote  ( 1294): Process 30446 exited due to signal 9 (Killed)
thunar retry alive=1 bytes=31971 shot=/tmp/grok-goal-3794b08cb732/implementer/thunar.png
===== 2026-08-14T03:32:46+08:00 retry mousepad wait=16s =====
W/ActivityTaskManager( 2320): Force removing ActivityRecord{370f865 u0 io.taowen.bx/com.winlator.BionicXActivity t1242 f}}: app died, no saved state
V/WindowManagerShell( 2661): Transition requested: android.os.BinderProxy@767607a TransitionRequestInfo { type = CLOSE, triggerTask = TaskInfo{userId=0 taskId=1242 displayId=0 isRunning=false baseIntent=Intent { flg=0x10000000 cmp=io.taowen.bx/com.winlator.BionicXActivity } baseActivity=null topActivity=null origActivity=null realActivity=ComponentInfo{io.taowen.bx/com.winlator.BionicXActivity} numActivities=0 lastActiveTime=1762226 supportsMultiWindow=true resizeMode=1 isResizeable=true minWidth=-1 minHeight=-1 defaultMinSize=220 token=WCT{android.window.IWindowContainerToken$Stub$Proxy@ec5702b} topActivityType=1 pictureInPictureParams=null shouldDockBigOverlays=false launchIntoPipHostTaskId=-1 lastParentTaskIdBeforePip=-1 displayCutoutSafeInsets=null topActivityInfo=null launchCookies=[] positionInParent=Point(0, 0) parentTaskId=-1 isFocused=true isVisible=true isVisibleRequested=true isSleeping=false topActivityInSizeCompat=false topActivityEligibleForLetterboxEducation= false topActivityLetterboxed= false isFromDoubleTap= false topActivityLetterboxVerticalPosition= -1 topActivityLetterboxHorizontalPosition= -1 topActivityLetterboxWidth=-1 topActivityLetterboxHeight=-1 locusId=null displayAreaFeatureId=1 cameraCompatControlState=hidden}, remoteTransition = null, displayChange = null }
I/Zygote  ( 1294): Process 30365 exited due to signal 9 (Killed)
I/WindowManager( 2320): WIN DEATH: Window{b3c7bbb u0 io.taowen.bx/com.winlator.BionicXActivity}
W/InputManager-JNI( 2320): Input channel object 'b3c7bbb io.taowen.bx/com.winlator.BionicXActivity (client)' was disposed without first being removed with the input manager!
W/WindowManager( 2320): Failed to deliver inset control state change to w=Window{b3c7bbb u0 io.taowen.bx/com.winlator.BionicXActivity EXITING}
V/WindowManager( 2320): Sent Transition #62 createdAt=08-14 03:32:52.927 via request=TransitionRequestInfo { type = CLOSE, triggerTask = TaskInfo{userId=0 taskId=1242 displayId=0 isRunning=false baseIntent=Intent { flg=0x10000000 cmp=io.taowen.bx/com.winlator.BionicXActivity } baseActivity=null topActivity=null origActivity=null realActivity=ComponentInfo{io.taowen.bx/com.winlator.BionicXActivity} numActivities=0 lastActiveTime=1762226 supportsMultiWindow=true resizeMode=1 isResizeable=true minWidth=-1 minHeight=-1 defaultMinSize=220 token=WCT{RemoteToken{c842742 Task{5e6b93a #1242 type=standard A=10194:io.taowen.bx}}} topActivityType=1 pictureInPictureParams=null shouldDockBigOverlays=false launchIntoPipHostTaskId=-1 lastParentTaskIdBeforePip=-1 displayCutoutSafeInsets=null topActivityInfo=null launchCookies=[] positionInParent=Point(0, 0) parentTaskId=-1 isFocused=true isVisible=true isVisibleRequested=true isSleeping=false topActivityInSizeCompat=false topActivityEligibleForLetterboxEducation= false topActivityLetterboxed= false isFromDoubleTap= false topActivityLetterboxVerticalPosition= -1 topActivityLetterboxHorizontalPosition= -1 topActivityLetterboxWidth=-1 topActivityLetterboxHeight=-1 locusId=null displayAreaFeatureId=1 cameraCompatControlState=hidden}, remoteTransition = null, displayChange = null }
W/WindowManager( 2320): Failed to deliver inset control state change to w=Window{b3c7bbb u0 io.taowen.bx/com.winlator.BionicXActivity EXITING}
I/ActivityTaskManager( 2320): START u0 {flg=0x10000000 cmp=io.taowen.bx/com.winlator.BionicXActivity} with LAUNCH_MULTIPLE from uid 2000 (BAL_ALLOW_PERMISSION) result code=0
V/WindowManagerShell( 2661): Transition requested: android.os.BinderProxy@a9916de TransitionRequestInfo { type = OPEN, triggerTask = TaskInfo{userId=0 taskId=1243 displayId=0 isRunning=true baseIntent=Intent { flg=0x10000000 cmp=io.taowen.bx/com.winlator.BionicXActivity } baseActivity=ComponentInfo{io.taowen.bx/com.winlator.BionicXActivity} topActivity=ComponentInfo{io.taowen.bx/com.winlator.BionicXActivity} origActivity=null realActivity=ComponentInfo{io.taowen.bx/com.winlator.BionicXActivity} numActivities=1 lastActiveTime=1802077 supportsMultiWindow=true resizeMode=1 isResizeable=true minWidth=-1 minHeight=-1 defaultMinSize=220 token=WCT{android.window.IWindowContainerToken$Stub$Proxy@5da90bf} topActivityType=1 pictureInPictureParams=null shouldDockBigOverlays=false launchIntoPipHostTaskId=-1 lastParentTaskIdBeforePip=-1 displayCutoutSafeInsets=null topActivityInfo=ActivityInfo{8e4038c com.winlator.BionicXActivity} launchCookies=[] positionInParent=Point(0, 0) parentTaskId=-1 isFocused=false isVisible=false isVisibleRequested=false isSleeping=false topActivityInSizeCompat=false topActivityEligibleForLetterboxEducation= false topActivityLetterboxed= false isFromDoubleTap= false topActivityLetterboxVerticalPosition= -1 topActivityLetterboxHorizontalPosition= -1 topActivityLetterboxWidth=-1 topActivityLetterboxHeight=-1 locusId=null displayAreaFeatureId=1 cameraCompatControlState=hidden}, remoteTransition = null, displayChange = null }
I/ActivityManager( 2320): Start proc 31231:io.taowen.bx/u0a194 for next-top-activity {io.taowen.bx/com.winlator.BionicXActivity}
W/WindowManager( 2320): Failed to deliver inset control state change to w=Window{b3c7bbb u0 io.taowen.bx/com.winlator.BionicXActivity EXITING}
V/WindowManager( 2320): Sent Transition #63 createdAt=08-14 03:32:53.530 via request=TransitionRequestInfo { type = OPEN, triggerTask = TaskInfo{userId=0 taskId=1243 displayId=0 isRunning=true baseIntent=Intent { flg=0x10000000 cmp=io.taowen.bx/com.winlator.BionicXActivity } baseActivity=ComponentInfo{io.taowen.bx/com.winlator.BionicXActivity} topActivity=ComponentInfo{io.taowen.bx/com.winlator.BionicXActivity} origActivity=null realActivity=ComponentInfo{io.taowen.bx/com.winlator.BionicXActivity} numActivities=1 lastActiveTime=1802077 supportsMultiWindow=true resizeMode=1 isResizeable=true minWidth=-1 minHeight=-1 defaultMinSize=220 token=WCT{RemoteToken{1cb5d0a Task{30f8750 #1243 type=standard A=10194:io.taowen.bx}}} topActivityType=1 pictureInPictureParams=null shouldDockBigOverlays=false launchIntoPipHostTaskId=-1 lastParentTaskIdBeforePip=-1 displayCutoutSafeInsets=null topActivityInfo=ActivityInfo{9abd97b com.winlator.BionicXActivity} launchCookies=[] positionInParent=Point(0, 0) parentTaskId=-1 isFocused=false isVisible=false isVisibleRequested=false isSleeping=false topActivityInSizeCompat=false topActivityEligibleForLetterboxEducation= false topActivityLetterboxed= false isFromDoubleTap= false topActivityLetterboxVerticalPosition= -1 topActivityLetterboxHorizontalPosition= -1 topActivityLetterboxWidth=-1 topActivityLetterboxHeight=-1 locusId=null displayAreaFeatureId=1 cameraCompatControlState=hidden}, remoteTransition = null, displayChange = null }
W/WindowManager( 2320): Exception thrown during dispatchAppVisibility Window{b3c7bbb u0 io.taowen.bx/com.winlator.BionicXActivity EXITING}
W/WindowManager( 2320): Failed to deliver inset control state change to w=Window{b3c7bbb u0 io.taowen.bx/com.winlator.BionicXActivity EXITING}
I/BionicX (31231): profile=mousepad display=1920x1080@144 socket=filesystem
I/BionicX (31231): runtime DNS servers=2
I/BionicX (31231): launching Mousepad (Debian trixie ARM64): [/data/user/0/io.taowen.bx/files/bin/bionicx-exec, --cwd, /data/user/0/io.taowen.bx/files/homes/mousepad, --env, DISPLAY=:0, --env, HOME=/data/user/0/io.taowen.bx/files/homes/mousepad, --env, TMPDIR=/data/user/0/io.taowen.bx/files/run/mousepad, --env, XDG_RUNTIME_DIR=/data/user/0/io.taowen.bx/files/run/mousepad/runtime, --env, XDG_CONFIG_HOME=/data/user/0/io.taowen.bx/files/homes/mousepad/.config, --env, XDG_CACHE_HOME=/data/user/0/io.taowen.bx/files/homes/mousepad/.cache, --env, XDG_DATA_HOME=/data/user/0/io.taowen.bx/files/homes/mousepad/.local/share, --env, XDG_DATA_DIRS=/data/user/0/io.taowen.bx/files/rootfs/usr/local/share:/data/user/0/io.taowen.bx/files/rootfs/usr/share, --env, GSETTINGS_SCHEMA_DIR=/data/user/0/io.taowen.bx/files/rootfs/usr/share/glib-2.0/schemas, --env, GSETTINGS_BACKEND=memory, --env, GDK_PIXBUF_MODULE_FILE=/data/user/0/io.taowen.bx/files/rootfs/usr/lib/aarch64-linux-gnu/gdk-pixbuf-2.0/2.10.0/loaders.cache, --env, NO_AT_BRIDGE=1, --env, PATH=/data/user/0/io.taowen.bx/files/rootfs/usr/bin:/data/user/0/io.taowen.bx/files/rootfs/bin:/product/bin:/system/bin, --env, LANG=C.UTF-8, --env, BIONICX_DNS_SERVERS=fe80::1%wlan0,192.168.1.1, --env, BIONICX_ROOTFS=/data/user/0/io.taowen.bx/files/rootfs, --env, BIONICX_APP=/data/user/0/io.taowen.bx/files/apps/mousepad, --env, BIONICX_TMPDIR=/data/user/0/io.taowen.bx/cache, --env, FONTCONFIG_PATH=/data/user/0/io.taowen.bx/files/rootfs/etc/fonts, --env, FONTCONFIG_FILE=fonts.conf, --env, FONTCONFIG_SYSROOT=/data/user/0/io.taowen.bx/files/rootfs, --env, LD_PRELOAD=/data/user/0/io.taowen.bx/files/lib/libbionicx-runtime.so, --, /data/user/0/io.taowen.bx/files/rootfs/usr/bin/mousepad, --disable-server, /data/user/0/io.taowen.bx/files/apps/mousepad/fixtures/bionicx-note.txt]
D/CoreBackPreview( 2320): Window{1264999 u0 io.taowen.bx/com.winlator.BionicXActivity}: Setting back callback OnBackInvokedCallbackInfo{mCallback=android.window.IOnBackInvokedCallback$Stub$Proxy@df66df8, mPriority=0, mIsAnimationCallback=false}
I/BionicX (31231): bionicx-exec: running untraced pid=31267
I/ActivityTaskManager( 2320): Displayed io.taowen.bx/com.winlator.BionicXActivity for user 0: +192ms
I/Zygote  ( 1294): Process 30809 exited due to signal 9 (Killed)
I/Zygote  ( 1294): Process 31314 exited due to signal 9 (Killed)
mousepad retry alive=1 bytes=26580 shot=/tmp/grok-goal-3794b08cb732/implementer/mousepad.png
===== 2026-08-14T03:33:26+08:00 retry ristretto wait=16s =====
W/ActivityTaskManager( 2320): Force removing ActivityRecord{b9e7913 u0 io.taowen.bx/com.winlator.BionicXActivity t1243 f}}: app died, no saved state
V/WindowManagerShell( 2661): Transition requested: android.os.BinderProxy@94b615d TransitionRequestInfo { type = CLOSE, triggerTask = TaskInfo{userId=0 taskId=1243 displayId=0 isRunning=false baseIntent=Intent { flg=0x10000000 cmp=io.taowen.bx/com.winlator.BionicXActivity } baseActivity=null topActivity=null origActivity=null realActivity=ComponentInfo{io.taowen.bx/com.winlator.BionicXActivity} numActivities=0 lastActiveTime=1802110 supportsMultiWindow=true resizeMode=1 isResizeable=true minWidth=-1 minHeight=-1 defaultMinSize=220 token=WCT{android.window.IWindowContainerToken$Stub$Proxy@7b0fad2} topActivityType=1 pictureInPictureParams=null shouldDockBigOverlays=false launchIntoPipHostTaskId=-1 lastParentTaskIdBeforePip=-1 displayCutoutSafeInsets=null topActivityInfo=null launchCookies=[] positionInParent=Point(0, 0) parentTaskId=-1 isFocused=true isVisible=true isVisibleRequested=true isSleeping=false topActivityInSizeCompat=false topActivityEligibleForLetterboxEducation= false topActivityLetterboxed= false isFromDoubleTap= false topActivityLetterboxVerticalPosition= -1 topActivityLetterboxHorizontalPosition= -1 topActivityLetterboxWidth=-1 topActivityLetterboxHeight=-1 locusId=null displayAreaFeatureId=1 cameraCompatControlState=hidden}, remoteTransition = null, displayChange = null }
I/Zygote  ( 1294): Process 31231 exited due to signal 9 (Killed)
I/WindowManager( 2320): WIN DEATH: Window{1264999 u0 io.taowen.bx/com.winlator.BionicXActivity}
W/InputManager-JNI( 2320): Input channel object '1264999 io.taowen.bx/com.winlator.BionicXActivity (client)' was disposed without first being removed with the input manager!
W/WindowManager( 2320): Failed to deliver inset control state change to w=Window{1264999 u0 io.taowen.bx/com.winlator.BionicXActivity EXITING}
V/WindowManager( 2320): Sent Transition #64 createdAt=08-14 03:33:32.928 via request=TransitionRequestInfo { type = CLOSE, triggerTask = TaskInfo{userId=0 taskId=1243 displayId=0 isRunning=false baseIntent=Intent { flg=0x10000000 cmp=io.taowen.bx/com.winlator.BionicXActivity } baseActivity=null topActivity=null origActivity=null realActivity=ComponentInfo{io.taowen.bx/com.winlator.BionicXActivity} numActivities=0 lastActiveTime=1802110 supportsMultiWindow=true resizeMode=1 isResizeable=true minWidth=-1 minHeight=-1 defaultMinSize=220 token=WCT{RemoteToken{1cb5d0a Task{30f8750 #1243 type=standard A=10194:io.taowen.bx}}} topActivityType=1 pictureInPictureParams=null shouldDockBigOverlays=false launchIntoPipHostTaskId=-1 lastParentTaskIdBeforePip=-1 displayCutoutSafeInsets=null topActivityInfo=null launchCookies=[] positionInParent=Point(0, 0) parentTaskId=-1 isFocused=true isVisible=true isVisibleRequested=true isSleeping=false topActivityInSizeCompat=false topActivityEligibleForLetterboxEducation= false topActivityLetterboxed= false isFromDoubleTap= false topActivityLetterboxVerticalPosition= -1 topActivityLetterboxHorizontalPosition= -1 topActivityLetterboxWidth=-1 topActivityLetterboxHeight=-1 locusId=null displayAreaFeatureId=1 cameraCompatControlState=hidden}, remoteTransition = null, displayChange = null }
W/WindowManager( 2320): Failed to deliver inset control state change to w=Window{1264999 u0 io.taowen.bx/com.winlator.BionicXActivity EXITING}
I/ActivityTaskManager( 2320): START u0 {flg=0x10000000 cmp=io.taowen.bx/com.winlator.BionicXActivity} with LAUNCH_MULTIPLE from uid 2000 (BAL_ALLOW_PERMISSION) result code=0
V/WindowManagerShell( 2661): Transition requested: android.os.BinderProxy@14e59da TransitionRequestInfo { type = OPEN, triggerTask = TaskInfo{userId=0 taskId=1244 displayId=0 isRunning=true baseIntent=Intent { flg=0x10000000 cmp=io.taowen.bx/com.winlator.BionicXActivity } baseActivity=ComponentInfo{io.taowen.bx/com.winlator.BionicXActivity} topActivity=ComponentInfo{io.taowen.bx/com.winlator.BionicXActivity} origActivity=null realActivity=ComponentInfo{io.taowen.bx/com.winlator.BionicXActivity} numActivities=1 lastActiveTime=1842068 supportsMultiWindow=true resizeMode=1 isResizeable=true minWidth=-1 minHeight=-1 defaultMinSize=220 token=WCT{android.window.IWindowContainerToken$Stub$Proxy@658de0b} topActivityType=1 pictureInPictureParams=null shouldDockBigOverlays=false launchIntoPipHostTaskId=-1 lastParentTaskIdBeforePip=-1 displayCutoutSafeInsets=null topActivityInfo=ActivityInfo{f0014e8 com.winlator.BionicXActivity} launchCookies=[] positionInParent=Point(0, 0) parentTaskId=-1 isFocused=false isVisible=false isVisibleRequested=false isSleeping=false topActivityInSizeCompat=false topActivityEligibleForLetterboxEducation= false topActivityLetterboxed= false isFromDoubleTap= false topActivityLetterboxVerticalPosition= -1 topActivityLetterboxHorizontalPosition= -1 topActivityLetterboxWidth=-1 topActivityLetterboxHeight=-1 locusId=null displayAreaFeatureId=1 cameraCompatControlState=hidden}, remoteTransition = null, displayChange = null }
I/ActivityManager( 2320): Start proc 32091:io.taowen.bx/u0a194 for next-top-activity {io.taowen.bx/com.winlator.BionicXActivity}
V/WindowManager( 2320): Sent Transition #65 createdAt=08-14 03:33:33.521 via request=TransitionRequestInfo { type = OPEN, triggerTask = TaskInfo{userId=0 taskId=1244 displayId=0 isRunning=true baseIntent=Intent { flg=0x10000000 cmp=io.taowen.bx/com.winlator.BionicXActivity } baseActivity=ComponentInfo{io.taowen.bx/com.winlator.BionicXActivity} topActivity=ComponentInfo{io.taowen.bx/com.winlator.BionicXActivity} origActivity=null realActivity=ComponentInfo{io.taowen.bx/com.winlator.BionicXActivity} numActivities=1 lastActiveTime=1842068 supportsMultiWindow=true resizeMode=1 isResizeable=true minWidth=-1 minHeight=-1 defaultMinSize=220 token=WCT{RemoteToken{1435a30 Task{5368a3d #1244 type=standard A=10194:io.taowen.bx}}} topActivityType=1 pictureInPictureParams=null shouldDockBigOverlays=false launchIntoPipHostTaskId=-1 lastParentTaskIdBeforePip=-1 displayCutoutSafeInsets=null topActivityInfo=ActivityInfo{4836a9 com.winlator.BionicXActivity} launchCookies=[] positionInParent=Point(0, 0) parentTaskId=-1 isFocused=false isVisible=false isVisibleRequested=false isSleeping=false topActivityInSizeCompat=false topActivityEligibleForLetterboxEducation= false topActivityLetterboxed= false isFromDoubleTap= false topActivityLetterboxVerticalPosition= -1 topActivityLetterboxHorizontalPosition= -1 topActivityLetterboxWidth=-1 topActivityLetterboxHeight=-1 locusId=null displayAreaFeatureId=1 cameraCompatControlState=hidden}, remoteTransition = null, displayChange = null }
W/WindowManager( 2320): Failed to deliver inset control state change to w=Window{1264999 u0 io.taowen.bx/com.winlator.BionicXActivity EXITING}
W/WindowManager( 2320): Failed to deliver inset control state change to w=Window{1264999 u0 io.taowen.bx/com.winlator.BionicXActivity EXITING}
W/WindowManager( 2320): Exception thrown during dispatchAppVisibility Window{1264999 u0 io.taowen.bx/com.winlator.BionicXActivity EXITING}
I/BionicX (32091): profile=ristretto display=1920x1080@144 socket=filesystem
I/BionicX (32091): runtime DNS servers=2
I/BionicX (32091): launching Ristretto (Debian trixie ARM64): [/data/user/0/io.taowen.bx/files/bin/bionicx-exec, --cwd, /data/user/0/io.taowen.bx/files/homes/ristretto, --env, DISPLAY=:0, --env, HOME=/data/user/0/io.taowen.bx/files/homes/ristretto, --env, TMPDIR=/data/user/0/io.taowen.bx/files/run/ristretto, --env, XDG_RUNTIME_DIR=/data/user/0/io.taowen.bx/files/run/ristretto/runtime, --env, XDG_CONFIG_HOME=/data/user/0/io.taowen.bx/files/homes/ristretto/.config, --env, XDG_CACHE_HOME=/data/user/0/io.taowen.bx/files/homes/ristretto/.cache, --env, XDG_DATA_HOME=/data/user/0/io.taowen.bx/files/homes/ristretto/.local/share, --env, XDG_DATA_DIRS=/data/user/0/io.taowen.bx/files/rootfs/usr/local/share:/data/user/0/io.taowen.bx/files/rootfs/usr/share, --env, GSETTINGS_SCHEMA_DIR=/data/user/0/io.taowen.bx/files/rootfs/usr/share/glib-2.0/schemas, --env, GSETTINGS_BACKEND=memory, --env, GDK_PIXBUF_MODULE_FILE=/data/user/0/io.taowen.bx/files/rootfs/usr/lib/aarch64-linux-gnu/gdk-pixbuf-2.0/2.10.0/loaders.cache, --env, NO_AT_BRIDGE=1, --env, PATH=/data/user/0/io.taowen.bx/files/rootfs/usr/bin:/data/user/0/io.taowen.bx/files/rootfs/bin:/product/bin:/system/bin, --env, LANG=C.UTF-8, --env, BIONICX_DNS_SERVERS=fe80::1%wlan0,192.168.1.1, --env, BIONICX_ROOTFS=/data/user/0/io.taowen.bx/files/rootfs, --env, BIONICX_APP=/data/user/0/io.taowen.bx/files/apps/ristretto, --env, BIONICX_TMPDIR=/data/user/0/io.taowen.bx/cache, --env, FONTCONFIG_PATH=/data/user/0/io.taowen.bx/files/rootfs/etc/fonts, --env, FONTCONFIG_FILE=fonts.conf, --env, FONTCONFIG_SYSROOT=/data/user/0/io.taowen.bx/files/rootfs, --env, LD_PRELOAD=/data/user/0/io.taowen.bx/files/lib/libbionicx-runtime.so, --, /data/user/0/io.taowen.bx/files/rootfs/usr/bin/ristretto, /data/user/0/io.taowen.bx/files/apps/ristretto/fixtures/bionicx-blue.png]
D/CoreBackPreview( 2320): Window{9fa1342 u0 io.taowen.bx/com.winlator.BionicXActivity}: Setting back callback OnBackInvokedCallbackInfo{mCallback=android.window.IOnBackInvokedCallback$Stub$Proxy@7782945, mPriority=0, mIsAnimationCallback=false}
I/BionicX (32091): bionicx-exec: running untraced pid=32125
I/ActivityTaskManager( 2320): Displayed io.taowen.bx/com.winlator.BionicXActivity for user 0: +193ms
I/BionicX (32091): 
I/BionicX (32091): ** (ristretto:32125): WARNING **: 19:33:33.723: Failed to initialize Xfconf: Failed to execute child process “dbus-launch” (No such file or directory)
I/BionicX (32091): 
I/BionicX (32091): ** (ristretto:32125): WARNING **: 19:33:33.732: Unable to create a D-Bus proxy for the thumbnailing service: Failed to execute child process “dbus-launch” (No such file or directory)
I/Zygote  ( 1294): Process 31667 exited due to signal 9 (Killed)
I/Zygote  ( 1294): Process 32184 exited due to signal 9 (Killed)
ristretto retry alive=1 bytes=39395 shot=/tmp/grok-goal-3794b08cb732/implementer/ristretto.png
===== 2026-08-14T03:34:06+08:00 retry evince wait=18s =====
W/ActivityTaskManager( 2320): Force removing ActivityRecord{7f72f94 u0 io.taowen.bx/com.winlator.BionicXActivity t1244 f}}: app died, no saved state
V/WindowManagerShell( 2661): Transition requested: android.os.BinderProxy@2525720 TransitionRequestInfo { type = CLOSE, triggerTask = TaskInfo{userId=0 taskId=1244 displayId=0 isRunning=false baseIntent=Intent { flg=0x10000000 cmp=io.taowen.bx/com.winlator.BionicXActivity } baseActivity=null topActivity=null origActivity=null realActivity=ComponentInfo{io.taowen.bx/com.winlator.BionicXActivity} numActivities=0 lastActiveTime=1842101 supportsMultiWindow=true resizeMode=1 isResizeable=true minWidth=-1 minHeight=-1 defaultMinSize=220 token=WCT{android.window.IWindowContainerToken$Stub$Proxy@65b08d9} topActivityType=1 pictureInPictureParams=null shouldDockBigOverlays=false launchIntoPipHostTaskId=-1 lastParentTaskIdBeforePip=-1 displayCutoutSafeInsets=null topActivityInfo=null launchCookies=[] positionInParent=Point(0, 0) parentTaskId=-1 isFocused=true isVisible=true isVisibleRequested=true isSleeping=false topActivityInSizeCompat=false topActivityEligibleForLetterboxEducation= false topActivityLetterboxed= false isFromDoubleTap= false topActivityLetterboxVerticalPosition= -1 topActivityLetterboxHorizontalPosition= -1 topActivityLetterboxWidth=-1 topActivityLetterboxHeight=-1 locusId=null displayAreaFeatureId=1 cameraCompatControlState=hidden}, remoteTransition = null, displayChange = null }
I/Zygote  ( 1294): Process 32091 exited due to signal 9 (Killed)
I/WindowManager( 2320): WIN DEATH: Window{9fa1342 u0 io.taowen.bx/com.winlator.BionicXActivity}
W/InputManager-JNI( 2320): Input channel object '9fa1342 io.taowen.bx/com.winlator.BionicXActivity (client)' was disposed without first being removed with the input manager!
W/WindowManager( 2320): Failed to deliver inset control state change to w=Window{9fa1342 u0 io.taowen.bx/com.winlator.BionicXActivity EXITING}
V/WindowManager( 2320): Sent Transition #66 createdAt=08-14 03:34:12.893 via request=TransitionRequestInfo { type = CLOSE, triggerTask = TaskInfo{userId=0 taskId=1244 displayId=0 isRunning=false baseIntent=Intent { flg=0x10000000 cmp=io.taowen.bx/com.winlator.BionicXActivity } baseActivity=null topActivity=null origActivity=null realActivity=ComponentInfo{io.taowen.bx/com.winlator.BionicXActivity} numActivities=0 lastActiveTime=1842101 supportsMultiWindow=true resizeMode=1 isResizeable=true minWidth=-1 minHeight=-1 defaultMinSize=220 token=WCT{RemoteToken{1435a30 Task{5368a3d #1244 type=standard A=10194:io.taowen.bx}}} topActivityType=1 pictureInPictureParams=null shouldDockBigOverlays=false launchIntoPipHostTaskId=-1 lastParentTaskIdBeforePip=-1 displayCutoutSafeInsets=null topActivityInfo=null launchCookies=[] positionInParent=Point(0, 0) parentTaskId=-1 isFocused=true isVisible=true isVisibleRequested=true isSleeping=false topActivityInSizeCompat=false topActivityEligibleForLetterboxEducation= false topActivityLetterboxed= false isFromDoubleTap= false topActivityLetterboxVerticalPosition= -1 topActivityLetterboxHorizontalPosition= -1 topActivityLetterboxWidth=-1 topActivityLetterboxHeight=-1 locusId=null displayAreaFeatureId=1 cameraCompatControlState=hidden}, remoteTransition = null, displayChange = null }
W/WindowManager( 2320): Failed to deliver inset control state change to w=Window{9fa1342 u0 io.taowen.bx/com.winlator.BionicXActivity EXITING}
I/ActivityTaskManager( 2320): START u0 {flg=0x10000000 cmp=io.taowen.bx/com.winlator.BionicXActivity} with LAUNCH_MULTIPLE from uid 2000 (BAL_ALLOW_PERMISSION) result code=0
V/WindowManagerShell( 2661): Transition requested: android.os.BinderProxy@7a68981 TransitionRequestInfo { type = OPEN, triggerTask = TaskInfo{userId=0 taskId=1245 displayId=0 isRunning=true baseIntent=Intent { flg=0x10000000 cmp=io.taowen.bx/com.winlator.BionicXActivity } baseActivity=ComponentInfo{io.taowen.bx/com.winlator.BionicXActivity} topActivity=ComponentInfo{io.taowen.bx/com.winlator.BionicXActivity} origActivity=null realActivity=ComponentInfo{io.taowen.bx/com.winlator.BionicXActivity} numActivities=1 lastActiveTime=1882039 supportsMultiWindow=true resizeMode=1 isResizeable=true minWidth=-1 minHeight=-1 defaultMinSize=220 token=WCT{android.window.IWindowContainerToken$Stub$Proxy@a940a26} topActivityType=1 pictureInPictureParams=null shouldDockBigOverlays=false launchIntoPipHostTaskId=-1 lastParentTaskIdBeforePip=-1 displayCutoutSafeInsets=null topActivityInfo=ActivityInfo{b841667 com.winlator.BionicXActivity} launchCookies=[] positionInParent=Point(0, 0) parentTaskId=-1 isFocused=false isVisible=false isVisibleRequested=false isSleeping=false topActivityInSizeCompat=false topActivityEligibleForLetterboxEducation= false topActivityLetterboxed= false isFromDoubleTap= false topActivityLetterboxVerticalPosition= -1 topActivityLetterboxHorizontalPosition= -1 topActivityLetterboxWidth=-1 topActivityLetterboxHeight=-1 locusId=null displayAreaFeatureId=1 cameraCompatControlState=hidden}, remoteTransition = null, displayChange = null }
I/ActivityManager( 2320): Start proc 537:io.taowen.bx/u0a194 for next-top-activity {io.taowen.bx/com.winlator.BionicXActivity}
W/WindowManager( 2320): Failed to deliver inset control state change to w=Window{9fa1342 u0 io.taowen.bx/com.winlator.BionicXActivity EXITING}
V/WindowManager( 2320): Sent Transition #67 createdAt=08-14 03:34:13.492 via request=TransitionRequestInfo { type = OPEN, triggerTask = TaskInfo{userId=0 taskId=1245 displayId=0 isRunning=true baseIntent=Intent { flg=0x10000000 cmp=io.taowen.bx/com.winlator.BionicXActivity } baseActivity=ComponentInfo{io.taowen.bx/com.winlator.BionicXActivity} topActivity=ComponentInfo{io.taowen.bx/com.winlator.BionicXActivity} origActivity=null realActivity=ComponentInfo{io.taowen.bx/com.winlator.BionicXActivity} numActivities=1 lastActiveTime=1882039 supportsMultiWindow=true resizeMode=1 isResizeable=true minWidth=-1 minHeight=-1 defaultMinSize=220 token=WCT{RemoteToken{1516b86 Task{6271ac #1245 type=standard A=10194:io.taowen.bx}}} topActivityType=1 pictureInPictureParams=null shouldDockBigOverlays=false launchIntoPipHostTaskId=-1 lastParentTaskIdBeforePip=-1 displayCutoutSafeInsets=null topActivityInfo=ActivityInfo{e11cc47 com.winlator.BionicXActivity} launchCookies=[] positionInParent=Point(0, 0) parentTaskId=-1 isFocused=false isVisible=false isVisibleRequested=false isSleeping=false topActivityInSizeCompat=false topActivityEligibleForLetterboxEducation= false topActivityLetterboxed= false isFromDoubleTap= false topActivityLetterboxVerticalPosition= -1 topActivityLetterboxHorizontalPosition= -1 topActivityLetterboxWidth=-1 topActivityLetterboxHeight=-1 locusId=null displayAreaFeatureId=1 cameraCompatControlState=hidden}, remoteTransition = null, displayChange = null }
W/WindowManager( 2320): Failed to deliver inset control state change to w=Window{9fa1342 u0 io.taowen.bx/com.winlator.BionicXActivity EXITING}
W/WindowManager( 2320): Exception thrown during dispatchAppVisibility Window{9fa1342 u0 io.taowen.bx/com.winlator.BionicXActivity EXITING}
I/BionicX (  537): profile=evince display=1920x1080@144 socket=filesystem
I/BionicX (  537): runtime DNS servers=2
I/BionicX (  537): launching Evince (Debian trixie ARM64): [/data/user/0/io.taowen.bx/files/bin/bionicx-exec, --cwd, /data/user/0/io.taowen.bx/files/homes/evince, --env, DISPLAY=:0, --env, HOME=/data/user/0/io.taowen.bx/files/homes/evince, --env, TMPDIR=/data/user/0/io.taowen.bx/files/run/evince, --env, XDG_RUNTIME_DIR=/data/user/0/io.taowen.bx/files/run/evince/runtime, --env, XDG_CONFIG_HOME=/data/user/0/io.taowen.bx/files/homes/evince/.config, --env, XDG_CACHE_HOME=/data/user/0/io.taowen.bx/files/homes/evince/.cache, --env, XDG_DATA_HOME=/data/user/0/io.taowen.bx/files/homes/evince/.local/share, --env, XDG_DATA_DIRS=/data/user/0/io.taowen.bx/files/rootfs/usr/local/share:/data/user/0/io.taowen.bx/files/rootfs/usr/share, --env, GSETTINGS_SCHEMA_DIR=/data/user/0/io.taowen.bx/files/rootfs/usr/share/glib-2.0/schemas, --env, GSETTINGS_BACKEND=memory, --env, EV_BACKENDS_DIR=/data/user/0/io.taowen.bx/files/rootfs/usr/lib/aarch64-linux-gnu/evince/4/backends, --env, GDK_PIXBUF_MODULE_FILE=/data/user/0/io.taowen.bx/files/rootfs/usr/lib/aarch64-linux-gnu/gdk-pixbuf-2.0/2.10.0/loaders.cache, --env, DBUS_SESSION_BUS_ADDRESS=disabled:, --env, NO_AT_BRIDGE=1, --env, PATH=/data/user/0/io.taowen.bx/files/rootfs/usr/bin:/data/user/0/io.taowen.bx/files/rootfs/bin:/product/bin:/system/bin, --env, LANG=C.UTF-8, --env, BIONICX_DNS_SERVERS=fe80::1%wlan0,192.168.1.1, --env, BIONICX_ROOTFS=/data/user/0/io.taowen.bx/files/rootfs, --env, BIONICX_APP=/data/user/0/io.taowen.bx/files/apps/evince, --env, LD_LIBRARY_PATH=/data/user/0/io.taowen.bx/files/apps/evince/lib, --env, BIONICX_TMPDIR=/data/user/0/io.taowen.bx/cache, --env, FONTCONFIG_PATH=/data/user/0/io.taowen.bx/files/rootfs/etc/fonts, --env, FONTCONFIG_FILE=fonts.conf, --env, FONTCONFIG_SYSROOT=/data/user/0/io.taowen.bx/files/rootfs, --env, LD_PRELOAD=/data/user/0/io.taowen.bx/files/lib/libbionicx-runtime.so, --, /data/user/0/io.taowen.bx/files/rootfs/usr/bin/evince, /data/user/0/io.taowen.bx/files/apps/evince/fixtures/bionicx-pages.pdf]
I/BionicX (  537): bionicx-exec: running untraced pid=571
D/CoreBackPreview( 2320): Window{9d643c5 u0 io.taowen.bx/com.winlator.BionicXActivity}: Setting back callback OnBackInvokedCallbackInfo{mCallback=android.window.IOnBackInvokedCallback$Stub$Proxy@69e94d4, mPriority=0, mIsAnimationCallback=false}
I/ActivityTaskManager( 2320): Displayed io.taowen.bx/com.winlator.BionicXActivity for user 0: +195ms
I/Zygote  ( 1294): Process 32555 exited due to signal 9 (Killed)
I/Zygote  ( 1294): Process 643 exited due to signal 9 (Killed)
evince retry alive=1 bytes=28890 shot=/tmp/grok-goal-3794b08cb732/implementer/evince.png
===== 2026-08-14T03:34:51+08:00 retry libreoffice-writer wait=30s =====
W/ActivityTaskManager( 2320): Force removing ActivityRecord{ef3635f u0 io.taowen.bx/com.winlator.BionicXActivity t1245 f}}: app died, no saved state
V/WindowManagerShell( 2661): Transition requested: android.os.BinderProxy@fb4b2af TransitionRequestInfo { type = CLOSE, triggerTask = TaskInfo{userId=0 taskId=1245 displayId=0 isRunning=false baseIntent=Intent { flg=0x10000000 cmp=io.taowen.bx/com.winlator.BionicXActivity } baseActivity=null topActivity=null origActivity=null realActivity=ComponentInfo{io.taowen.bx/com.winlator.BionicXActivity} numActivities=0 lastActiveTime=1882072 supportsMultiWindow=true resizeMode=1 isResizeable=true minWidth=-1 minHeight=-1 defaultMinSize=220 token=WCT{android.window.IWindowContainerToken$Stub$Proxy@bb96bc} topActivityType=1 pictureInPictureParams=null shouldDockBigOverlays=false launchIntoPipHostTaskId=-1 lastParentTaskIdBeforePip=-1 displayCutoutSafeInsets=null topActivityInfo=null launchCookies=[] positionInParent=Point(0, 0) parentTaskId=-1 isFocused=true isVisible=true isVisibleRequested=true isSleeping=false topActivityInSizeCompat=false topActivityEligibleForLetterboxEducation= false topActivityLetterboxed= false isFromDoubleTap= false topActivityLetterboxVerticalPosition= -1 topActivityLetterboxHorizontalPosition= -1 topActivityLetterboxWidth=-1 topActivityLetterboxHeight=-1 locusId=null displayAreaFeatureId=1 cameraCompatControlState=hidden}, remoteTransition = null, displayChange = null }
I/Zygote  ( 1294): Process 537 exited due to signal 9 (Killed)
I/WindowManager( 2320): WIN DEATH: Window{9d643c5 u0 io.taowen.bx/com.winlator.BionicXActivity}
W/InputManager-JNI( 2320): Input channel object '9d643c5 io.taowen.bx/com.winlator.BionicXActivity (client)' was disposed without first being removed with the input manager!
W/WindowManager( 2320): Failed to deliver inset control state change to w=Window{9d643c5 u0 io.taowen.bx/com.winlator.BionicXActivity EXITING}
V/WindowManager( 2320): Sent Transition #68 createdAt=08-14 03:34:57.441 via request=TransitionRequestInfo { type = CLOSE, triggerTask = TaskInfo{userId=0 taskId=1245 displayId=0 isRunning=false baseIntent=Intent { flg=0x10000000 cmp=io.taowen.bx/com.winlator.BionicXActivity } baseActivity=null topActivity=null origActivity=null realActivity=ComponentInfo{io.taowen.bx/com.winlator.BionicXActivity} numActivities=0 lastActiveTime=1882072 supportsMultiWindow=true resizeMode=1 isResizeable=true minWidth=-1 minHeight=-1 defaultMinSize=220 token=WCT{RemoteToken{1516b86 Task{6271ac #1245 type=standard A=10194:io.taowen.bx}}} topActivityType=1 pictureInPictureParams=null shouldDockBigOverlays=false launchIntoPipHostTaskId=-1 lastParentTaskIdBeforePip=-1 displayCutoutSafeInsets=null topActivityInfo=null launchCookies=[] positionInParent=Point(0, 0) parentTaskId=-1 isFocused=true isVisible=true isVisibleRequested=true isSleeping=false topActivityInSizeCompat=false topActivityEligibleForLetterboxEducation= false topActivityLetterboxed= false isFromDoubleTap= false topActivityLetterboxVerticalPosition= -1 topActivityLetterboxHorizontalPosition= -1 topActivityLetterboxWidth=-1 topActivityLetterboxHeight=-1 locusId=null displayAreaFeatureId=1 cameraCompatControlState=hidden}, remoteTransition = null, displayChange = null }
W/WindowManager( 2320): Failed to deliver inset control state change to w=Window{9d643c5 u0 io.taowen.bx/com.winlator.BionicXActivity EXITING}
I/ActivityTaskManager( 2320): START u0 {flg=0x10000000 cmp=io.taowen.bx/com.winlator.BionicXActivity} with LAUNCH_MULTIPLE from uid 2000 (BAL_ALLOW_PERMISSION) result code=0
V/WindowManagerShell( 2661): Transition requested: android.os.BinderProxy@3366784 TransitionRequestInfo { type = OPEN, triggerTask = TaskInfo{userId=0 taskId=1246 displayId=0 isRunning=true baseIntent=Intent { flg=0x10000000 cmp=io.taowen.bx/com.winlator.BionicXActivity } baseActivity=ComponentInfo{io.taowen.bx/com.winlator.BionicXActivity} topActivity=ComponentInfo{io.taowen.bx/com.winlator.BionicXActivity} origActivity=null realActivity=ComponentInfo{io.taowen.bx/com.winlator.BionicXActivity} numActivities=1 lastActiveTime=1926612 supportsMultiWindow=true resizeMode=1 isResizeable=true minWidth=-1 minHeight=-1 defaultMinSize=220 token=WCT{android.window.IWindowContainerToken$Stub$Proxy@5cc7b6d} topActivityType=1 pictureInPictureParams=null shouldDockBigOverlays=false launchIntoPipHostTaskId=-1 lastParentTaskIdBeforePip=-1 displayCutoutSafeInsets=null topActivityInfo=ActivityInfo{8f9f3a2 com.winlator.BionicXActivity} launchCookies=[] positionInParent=Point(0, 0) parentTaskId=-1 isFocused=false isVisible=false isVisibleRequested=false isSleeping=false topActivityInSizeCompat=false topActivityEligibleForLetterboxEducation= false topActivityLetterboxed= false isFromDoubleTap= false topActivityLetterboxVerticalPosition= -1 topActivityLetterboxHorizontalPosition= -1 topActivityLetterboxWidth=-1 topActivityLetterboxHeight=-1 locusId=null displayAreaFeatureId=1 cameraCompatControlState=hidden}, remoteTransition = null, displayChange = null }
I/ActivityManager( 2320): Start proc 2460:io.taowen.bx/u0a194 for next-top-activity {io.taowen.bx/com.winlator.BionicXActivity}
V/WindowManager( 2320): Sent Transition #69 createdAt=08-14 03:34:58.064 via request=TransitionRequestInfo { type = OPEN, triggerTask = TaskInfo{userId=0 taskId=1246 displayId=0 isRunning=true baseIntent=Intent { flg=0x10000000 cmp=io.taowen.bx/com.winlator.BionicXActivity } baseActivity=ComponentInfo{io.taowen.bx/com.winlator.BionicXActivity} topActivity=ComponentInfo{io.taowen.bx/com.winlator.BionicXActivity} origActivity=null realActivity=ComponentInfo{io.taowen.bx/com.winlator.BionicXActivity} numActivities=1 lastActiveTime=1926612 supportsMultiWindow=true resizeMode=1 isResizeable=true minWidth=-1 minHeight=-1 defaultMinSize=220 token=WCT{RemoteToken{a26cb3e Task{4c09c53 #1246 type=standard A=10194:io.taowen.bx}}} topActivityType=1 pictureInPictureParams=null shouldDockBigOverlays=false launchIntoPipHostTaskId=-1 lastParentTaskIdBeforePip=-1 displayCutoutSafeInsets=null topActivityInfo=ActivityInfo{4659d9f com.winlator.BionicXActivity} launchCookies=[] positionInParent=Point(0, 0) parentTaskId=-1 isFocused=false isVisible=false isVisibleRequested=false isSleeping=false topActivityInSizeCompat=false topActivityEligibleForLetterboxEducation= false topActivityLetterboxed= false isFromDoubleTap= false topActivityLetterboxVerticalPosition= -1 topActivityLetterboxHorizontalPosition= -1 topActivityLetterboxWidth=-1 topActivityLetterboxHeight=-1 locusId=null displayAreaFeatureId=1 cameraCompatControlState=hidden}, remoteTransition = null, displayChange = null }
W/WindowManager( 2320): Failed to deliver inset control state change to w=Window{9d643c5 u0 io.taowen.bx/com.winlator.BionicXActivity EXITING}
W/WindowManager( 2320): Failed to deliver inset control state change to w=Window{9d643c5 u0 io.taowen.bx/com.winlator.BionicXActivity EXITING}
W/WindowManager( 2320): Exception thrown during dispatchAppVisibility Window{9d643c5 u0 io.taowen.bx/com.winlator.BionicXActivity EXITING}
I/BionicX ( 2460): profile=libreoffice-writer display=1920x1080@144 socket=filesystem
I/BionicX ( 2460): runtime DNS servers=2
I/BionicX ( 2460): launching LibreOffice Writer (Debian trixie ARM64): [/data/user/0/io.taowen.bx/files/bin/bionicx-exec, --cwd, /data/user/0/io.taowen.bx/files/rootfs/usr/lib/libreoffice/program, --env, DISPLAY=:0, --env, HOME=/data/user/0/io.taowen.bx/files/homes/libreoffice-writer, --env, TMPDIR=/data/user/0/io.taowen.bx/cache, --env, TEMP=/data/user/0/io.taowen.bx/cache, --env, XDG_RUNTIME_DIR=/data/user/0/io.taowen.bx/files/run/libreoffice-writer/runtime, --env, XDG_CONFIG_HOME=/data/user/0/io.taowen.bx/files/homes/libreoffice-writer/.config, --env, XDG_CACHE_HOME=/data/user/0/io.taowen.bx/files/homes/libreoffice-writer/.cache, --env, XDG_DATA_HOME=/data/user/0/io.taowen.bx/files/homes/libreoffice-writer/.local/share, --env, XDG_DATA_DIRS=/data/user/0/io.taowen.bx/files/rootfs/usr/local/share:/data/user/0/io.taowen.bx/files/rootfs/usr/share, --env, GDK_PIXBUF_MODULE_FILE=/data/user/0/io.taowen.bx/files/rootfs/usr/lib/aarch64-linux-gnu/gdk-pixbuf-2.0/2.10.0/loaders.cache, --env, SAL_USE_VCLPLUGIN=gtk3, --env, SAL_DISABLE_OPENCL=1, --env, DISABLE_EXTENSION_SYNCHRONIZATION=1, --env, DBUS_SESSION_BUS_ADDRESS=disabled:, --env, NO_AT_BRIDGE=1, --env, PATH=/data/user/0/io.taowen.bx/files/rootfs/usr/bin:/data/user/0/io.taowen.bx/files/rootfs/bin:/product/bin:/system/bin, --env, LANG=C.UTF-8, --env, BIONICX_DNS_SERVERS=fe80::1%wlan0,192.168.1.1, --env, BIONICX_ROOTFS=/data/user/0/io.taowen.bx/files/rootfs, --env, BIONICX_APP=/data/user/0/io.taowen.bx/files/apps/libreoffice-writer, --env, LD_LIBRARY_PATH=/data/user/0/io.taowen.bx/files/apps/libreoffice-writer/lib, --env, BIONICX_TMPDIR=/data/user/0/io.taowen.bx/cache, --env, FONTCONFIG_PATH=/data/user/0/io.taowen.bx/files/rootfs/etc/fonts, --env, FONTCONFIG_FILE=fonts.conf, --env, FONTCONFIG_SYSROOT=/data/user/0/io.taowen.bx/files/rootfs, --env, LD_PRELOAD=/data/user/0/io.taowen.bx/files/lib/libbionicx-runtime.so, --, /data/user/0/io.taowen.bx/files/rootfs/bin/sh, /data/user/0/io.taowen.bx/files/rootfs/usr/bin/soffice, --writer, --nologo, --nofirststartwizard, --norestore, --nodefault, /data/user/0/io.taowen.bx/files/apps/libreoffice-writer/fixtures/bionicx-writer.odt]
I/BionicX ( 2460): bionicx-exec: running untraced pid=2537
D/CoreBackPreview( 2320): Window{921d1dd u0 io.taowen.bx/com.winlator.BionicXActivity}: Setting back callback OnBackInvokedCallbackInfo{mCallback=android.window.IOnBackInvokedCallback$Stub$Proxy@522234c, mPriority=0, mIsAnimationCallback=false}
I/BionicX ( 2460): Warning: failed to launch javaldx - java may not function correctly
I/ActivityTaskManager( 2320): Displayed io.taowen.bx/com.winlator.BionicXActivity for user 0: +197ms
I/BionicX ( 2460): bionicx-exec: session child pid=2705 exited status=0x0
I/BionicX ( 2460): bionicx-exec: session child pid=2716 exited status=0x0
I/BionicX ( 2460): bionicx-exec: session child pid=2720 exited status=0x0
I/BionicX ( 2460): bionicx-exec: session child pid=2735 exited status=0x0
I/BionicX ( 2460): bionicx-exec: session child pid=2739 exited status=0x0
I/Zygote  ( 1294): Process 2075 exited due to signal 9 (Killed)
I/Zygote  ( 1294): Process 3354 exited due to signal 9 (Killed)
I/Zygote  ( 1294): Process 4113 exited due to signal 9 (Killed)
libreoffice-writer retry alive=1 bytes=71881 shot=/tmp/grok-goal-3794b08cb732/implementer/libreoffice-writer.png
===== 2026-08-14T03:36:03+08:00 retry vlc wait=20s =====
W/ActivityTaskManager( 2320): Force removing ActivityRecord{df08442 u0 io.taowen.bx/com.winlator.BionicXActivity t1246 f}}: app died, no saved state
V/WindowManagerShell( 2661): Transition requested: android.os.BinderProxy@4190dcf TransitionRequestInfo { type = CLOSE, triggerTask = TaskInfo{userId=0 taskId=1246 displayId=0 isRunning=false baseIntent=Intent { flg=0x10000000 cmp=io.taowen.bx/com.winlator.BionicXActivity } baseActivity=null topActivity=null origActivity=null realActivity=ComponentInfo{io.taowen.bx/com.winlator.BionicXActivity} numActivities=0 lastActiveTime=1926647 supportsMultiWindow=true resizeMode=1 isResizeable=true minWidth=-1 minHeight=-1 defaultMinSize=220 token=WCT{android.window.IWindowContainerToken$Stub$Proxy@dfa235c} topActivityType=1 pictureInPictureParams=null shouldDockBigOverlays=false launchIntoPipHostTaskId=-1 lastParentTaskIdBeforePip=-1 displayCutoutSafeInsets=null topActivityInfo=null launchCookies=[] positionInParent=Point(0, 0) parentTaskId=-1 isFocused=true isVisible=true isVisibleRequested=true isSleeping=false topActivityInSizeCompat=false topActivityEligibleForLetterboxEducation= false topActivityLetterboxed= false isFromDoubleTap= false topActivityLetterboxVerticalPosition= -1 topActivityLetterboxHorizontalPosition= -1 topActivityLetterboxWidth=-1 topActivityLetterboxHeight=-1 locusId=null displayAreaFeatureId=1 cameraCompatControlState=hidden}, remoteTransition = null, displayChange = null }
I/WindowManager( 2320): WIN DEATH: Window{921d1dd u0 io.taowen.bx/com.winlator.BionicXActivity}
W/InputManager-JNI( 2320): Input channel object '921d1dd io.taowen.bx/com.winlator.BionicXActivity (client)' was disposed without first being removed with the input manager!
I/Zygote  ( 1294): Process 2460 exited due to signal 9 (Killed)
W/WindowManager( 2320): Failed to deliver inset control state change to w=Window{921d1dd u0 io.taowen.bx/com.winlator.BionicXActivity EXITING}
V/WindowManager( 2320): Sent Transition #70 createdAt=08-14 03:36:09.937 via request=TransitionRequestInfo { type = CLOSE, triggerTask = TaskInfo{userId=0 taskId=1246 displayId=0 isRunning=false baseIntent=Intent { flg=0x10000000 cmp=io.taowen.bx/com.winlator.BionicXActivity } baseActivity=null topActivity=null origActivity=null realActivity=ComponentInfo{io.taowen.bx/com.winlator.BionicXActivity} numActivities=0 lastActiveTime=1926647 supportsMultiWindow=true resizeMode=1 isResizeable=true minWidth=-1 minHeight=-1 defaultMinSize=220 token=WCT{RemoteToken{a26cb3e Task{4c09c53 #1246 type=standard A=10194:io.taowen.bx}}} topActivityType=1 pictureInPictureParams=null shouldDockBigOverlays=false launchIntoPipHostTaskId=-1 lastParentTaskIdBeforePip=-1 displayCutoutSafeInsets=null topActivityInfo=null launchCookies=[] positionInParent=Point(0, 0) parentTaskId=-1 isFocused=true isVisible=true isVisibleRequested=true isSleeping=false topActivityInSizeCompat=false topActivityEligibleForLetterboxEducation= false topActivityLetterboxed= false isFromDoubleTap= false topActivityLetterboxVerticalPosition= -1 topActivityLetterboxHorizontalPosition= -1 topActivityLetterboxWidth=-1 topActivityLetterboxHeight=-1 locusId=null displayAreaFeatureId=1 cameraCompatControlState=hidden}, remoteTransition = null, displayChange = null }
W/WindowManager( 2320): Failed to deliver inset control state change to w=Window{921d1dd u0 io.taowen.bx/com.winlator.BionicXActivity EXITING}
I/ActivityTaskManager( 2320): START u0 {flg=0x10000000 cmp=io.taowen.bx/com.winlator.BionicXActivity} with LAUNCH_MULTIPLE from uid 2000 (BAL_ALLOW_PERMISSION) result code=0
V/WindowManagerShell( 2661): Transition requested: android.os.BinderProxy@e975024 TransitionRequestInfo { type = OPEN, triggerTask = TaskInfo{userId=0 taskId=1247 displayId=0 isRunning=true baseIntent=Intent { flg=0x10000000 cmp=io.taowen.bx/com.winlator.BionicXActivity } baseActivity=ComponentInfo{io.taowen.bx/com.winlator.BionicXActivity} topActivity=ComponentInfo{io.taowen.bx/com.winlator.BionicXActivity} origActivity=null realActivity=ComponentInfo{io.taowen.bx/com.winlator.BionicXActivity} numActivities=1 lastActiveTime=1999089 supportsMultiWindow=true resizeMode=1 isResizeable=true minWidth=-1 minHeight=-1 defaultMinSize=220 token=WCT{android.window.IWindowContainerToken$Stub$Proxy@b0478d} topActivityType=1 pictureInPictureParams=null shouldDockBigOverlays=false launchIntoPipHostTaskId=-1 lastParentTaskIdBeforePip=-1 displayCutoutSafeInsets=null topActivityInfo=ActivityInfo{4e99d42 com.winlator.BionicXActivity} launchCookies=[] positionInParent=Point(0, 0) parentTaskId=-1 isFocused=false isVisible=false isVisibleRequested=false isSleeping=false topActivityInSizeCompat=false topActivityEligibleForLetterboxEducation= false topActivityLetterboxed= false isFromDoubleTap= false topActivityLetterboxVerticalPosition= -1 topActivityLetterboxHorizontalPosition= -1 topActivityLetterboxWidth=-1 topActivityLetterboxHeight=-1 locusId=null displayAreaFeatureId=1 cameraCompatControlState=hidden}, remoteTransition = null, displayChange = null }
I/ActivityManager( 2320): Start proc 5843:io.taowen.bx/u0a194 for next-top-activity {io.taowen.bx/com.winlator.BionicXActivity}
V/WindowManager( 2320): Sent Transition #71 createdAt=08-14 03:36:10.539 via request=TransitionRequestInfo { type = OPEN, triggerTask = TaskInfo{userId=0 taskId=1247 displayId=0 isRunning=true baseIntent=Intent { flg=0x10000000 cmp=io.taowen.bx/com.winlator.BionicXActivity } baseActivity=ComponentInfo{io.taowen.bx/com.winlator.BionicXActivity} topActivity=ComponentInfo{io.taowen.bx/com.winlator.BionicXActivity} origActivity=null realActivity=ComponentInfo{io.taowen.bx/com.winlator.BionicXActivity} numActivities=1 lastActiveTime=1999089 supportsMultiWindow=true resizeMode=1 isResizeable=true minWidth=-1 minHeight=-1 defaultMinSize=220 token=WCT{RemoteToken{3eca13e Task{9bb48af #1247 type=standard A=10194:io.taowen.bx}}} topActivityType=1 pictureInPictureParams=null shouldDockBigOverlays=false launchIntoPipHostTaskId=-1 lastParentTaskIdBeforePip=-1 displayCutoutSafeInsets=null topActivityInfo=ActivityInfo{8d5bb9f com.winlator.BionicXActivity} launchCookies=[] positionInParent=Point(0, 0) parentTaskId=-1 isFocused=false isVisible=false isVisibleRequested=false isSleeping=false topActivityInSizeCompat=false topActivityEligibleForLetterboxEducation= false topActivityLetterboxed= false isFromDoubleTap= false topActivityLetterboxVerticalPosition= -1 topActivityLetterboxHorizontalPosition= -1 topActivityLetterboxWidth=-1 topActivityLetterboxHeight=-1 locusId=null displayAreaFeatureId=1 cameraCompatControlState=hidden}, remoteTransition = null, displayChange = null }
W/WindowManager( 2320): Exception thrown during dispatchAppVisibility Window{921d1dd u0 io.taowen.bx/com.winlator.BionicXActivity EXITING}
I/BionicX ( 5843): profile=vlc display=1920x1080@144 socket=filesystem
I/BionicX ( 5843): enabled PulseAudio host service at /data/user/0/io.taowen.bx/files/rootfs/tmp/.sound/PS0
I/BionicX ( 5843): runtime DNS servers=2
I/BionicX ( 5843): launching VLC (Debian trixie ARM64): [/data/user/0/io.taowen.bx/files/bin/bionicx-exec, --cwd, /data/user/0/io.taowen.bx/files/homes/vlc, --env, DISPLAY=:0, --env, HOME=/data/user/0/io.taowen.bx/files/homes/vlc, --env, TMPDIR=/data/user/0/io.taowen.bx/files/run/vlc, --env, XDG_RUNTIME_DIR=/data/user/0/io.taowen.bx/files/run/vlc/runtime, --env, XDG_CONFIG_HOME=/data/user/0/io.taowen.bx/files/homes/vlc/.config, --env, XDG_CACHE_HOME=/data/user/0/io.taowen.bx/files/homes/vlc/.cache, --env, XDG_DATA_HOME=/data/user/0/io.taowen.bx/files/homes/vlc/.local/share, --env, XDG_DATA_DIRS=/data/user/0/io.taowen.bx/files/rootfs/usr/local/share:/data/user/0/io.taowen.bx/files/rootfs/usr/share, --env, GSETTINGS_SCHEMA_DIR=/data/user/0/io.taowen.bx/files/rootfs/usr/share/glib-2.0/schemas, --env, GSETTINGS_BACKEND=memory, --env, GDK_PIXBUF_MODULE_FILE=/data/user/0/io.taowen.bx/files/rootfs/usr/lib/aarch64-linux-gnu/gdk-pixbuf-2.0/2.10.0/loaders.cache, --env, VLC_PLUGIN_PATH=/data/user/0/io.taowen.bx/files/rootfs/usr/lib/aarch64-linux-gnu/vlc/plugins, --env, PULSE_SERVER=unix:/data/user/0/io.taowen.bx/files/rootfs/tmp/.sound/PS0, --env, QT_PLUGIN_PATH=/data/user/0/io.taowen.bx/files/rootfs/usr/lib/aarch64-linux-gnu/qt5/plugins, --env, QT_QPA_PLATFORM=xcb, --env, QT_XCB_GL_INTEGRATION=none, --env, NO_AT_BRIDGE=1, --env, PATH=/data/user/0/io.taowen.bx/files/rootfs/usr/bin:/data/user/0/io.taowen.bx/files/rootfs/bin:/product/bin:/system/bin, --env, LANG=C.UTF-8, --env, BIONICX_DNS_SERVERS=fe80::1%wlan0,192.168.1.1, --env, BIONICX_ROOTFS=/data/user/0/io.taowen.bx/files/rootfs, --env, BIONICX_APP=/data/user/0/io.taowen.bx/files/apps/vlc, --env, LD_LIBRARY_PATH=/data/user/0/io.taowen.bx/files/apps/vlc/lib, --env, BIONICX_TMPDIR=/data/user/0/io.taowen.bx/cache, --env, FONTCONFIG_PATH=/data/user/0/io.taowen.bx/files/rootfs/etc/fonts, --env, FONTCONFIG_FILE=fonts.conf, --env, FONTCONFIG_SYSROOT=/data/user/0/io.taowen.bx/files/rootfs, --env, LD_PRELOAD=/data/user/0/io.taowen.bx/files/lib/libbionicx-runtime.so, --, /data/user/0/io.taowen.bx/files/rootfs/usr/bin/vlc, --loop, --fullscreen, --no-qt-privacy-ask, --no-metadata-network-access, --no-disable-screensaver, --aout=pulse, --vout=xcb_x11, --no-video-title-show, /data/user/0/io.taowen.bx/files/apps/vlc/fixtures/bionicx-motion-audio.avi]
I/BionicX ( 5843): bionicx-exec: running untraced pid=5887
D/CoreBackPreview( 2320): Window{6ad5752 u0 io.taowen.bx/com.winlator.BionicXActivity}: Setting back callback OnBackInvokedCallbackInfo{mCallback=android.window.IOnBackInvokedCallback$Stub$Proxy@d59ad95, mPriority=0, mIsAnimationCallback=false}
I/ActivityTaskManager( 2320): Displayed io.taowen.bx/com.winlator.BionicXActivity for user 0: +218ms
I/BionicX ( 5843): [00000056336ccfe0] dbus interface error: Failed to connect to the D-Bus session daemon: /usr/bin/dbus-launch terminated abnormally without any error message
I/BionicX ( 5843): [00000056336ccfe0] dbus interface error: Failed to connect to the D-Bus session daemon: /usr/bin/dbus-launch terminated abnormally without any error message
I/BionicX ( 5843): [00000056336ccfe0] main interface error: no suitable interface module
I/BionicX ( 5843): [00000056335831c0] main libvlc error: interface "dbus,none" initialization failed
I/BionicX ( 5843): [00000056335831c0] main libvlc: Running vlc with the default interface. Use 'cvlc' to use vlc without interface.
I/Zygote  ( 1294): Process 4765 exited due to signal 9 (Killed)
I/Zygote  ( 1294): Process 6037 exited due to signal 9 (Killed)
vlc retry alive=1 bytes=12555 shot=/tmp/grok-goal-3794b08cb732/implementer/vlc.png
===== 2026-08-14T03:36:51+08:00 retry geany wait=16s =====
W/ActivityTaskManager( 2320): Force removing ActivityRecord{78af88e u0 io.taowen.bx/com.winlator.BionicXActivity t1247 f}}: app died, no saved state
V/WindowManagerShell( 2661): Transition requested: android.os.BinderProxy@6ba65b8 TransitionRequestInfo { type = CLOSE, triggerTask = TaskInfo{userId=0 taskId=1247 displayId=0 isRunning=false baseIntent=Intent { flg=0x10000000 cmp=io.taowen.bx/com.winlator.BionicXActivity } baseActivity=null topActivity=null origActivity=null realActivity=ComponentInfo{io.taowen.bx/com.winlator.BionicXActivity} numActivities=0 lastActiveTime=1999123 supportsMultiWindow=true resizeMode=1 isResizeable=true minWidth=-1 minHeight=-1 defaultMinSize=220 token=WCT{android.window.IWindowContainerToken$Stub$Proxy@cab8f91} topActivityType=1 pictureInPictureParams=null shouldDockBigOverlays=false launchIntoPipHostTaskId=-1 lastParentTaskIdBeforePip=-1 displayCutoutSafeInsets=null topActivityInfo=null launchCookies=[] positionInParent=Point(0, 0) parentTaskId=-1 isFocused=true isVisible=true isVisibleRequested=true isSleeping=false topActivityInSizeCompat=false topActivityEligibleForLetterboxEducation= false topActivityLetterboxed= false isFromDoubleTap= false topActivityLetterboxVerticalPosition= -1 topActivityLetterboxHorizontalPosition= -1 topActivityLetterboxWidth=-1 topActivityLetterboxHeight=-1 locusId=null displayAreaFeatureId=1 cameraCompatControlState=hidden}, remoteTransition = null, displayChange = null }
I/WindowManager( 2320): WIN DEATH: Window{6ad5752 u0 io.taowen.bx/com.winlator.BionicXActivity}
W/InputManager-JNI( 2320): Input channel object '6ad5752 io.taowen.bx/com.winlator.BionicXActivity (client)' was disposed without first being removed with the input manager!
I/Zygote  ( 1294): Process 5843 exited due to signal 9 (Killed)
W/WindowManager( 2320): Failed to deliver inset control state change to w=Window{6ad5752 u0 io.taowen.bx/com.winlator.BionicXActivity EXITING}
V/WindowManager( 2320): Sent Transition #72 createdAt=08-14 03:36:58.365 via request=TransitionRequestInfo { type = CLOSE, triggerTask = TaskInfo{userId=0 taskId=1247 displayId=0 isRunning=false baseIntent=Intent { flg=0x10000000 cmp=io.taowen.bx/com.winlator.BionicXActivity } baseActivity=null topActivity=null origActivity=null realActivity=ComponentInfo{io.taowen.bx/com.winlator.BionicXActivity} numActivities=0 lastActiveTime=1999123 supportsMultiWindow=true resizeMode=1 isResizeable=true minWidth=-1 minHeight=-1 defaultMinSize=220 token=WCT{RemoteToken{3eca13e Task{9bb48af #1247 type=standard A=10194:io.taowen.bx}}} topActivityType=1 pictureInPictureParams=null shouldDockBigOverlays=false launchIntoPipHostTaskId=-1 lastParentTaskIdBeforePip=-1 displayCutoutSafeInsets=null topActivityInfo=null launchCookies=[] positionInParent=Point(0, 0) parentTaskId=-1 isFocused=true isVisible=true isVisibleRequested=true isSleeping=false topActivityInSizeCompat=false topActivityEligibleForLetterboxEducation= false topActivityLetterboxed= false isFromDoubleTap= false topActivityLetterboxVerticalPosition= -1 topActivityLetterboxHorizontalPosition= -1 topActivityLetterboxWidth=-1 topActivityLetterboxHeight=-1 locusId=null displayAreaFeatureId=1 cameraCompatControlState=hidden}, remoteTransition = null, displayChange = null }
W/WindowManager( 2320): Failed to deliver inset control state change to w=Window{6ad5752 u0 io.taowen.bx/com.winlator.BionicXActivity EXITING}
I/ActivityTaskManager( 2320): START u0 {flg=0x10000000 cmp=io.taowen.bx/com.winlator.BionicXActivity} with LAUNCH_MULTIPLE from uid 2000 (BAL_ALLOW_PERMISSION) result code=0
V/WindowManagerShell( 2661): Transition requested: android.os.BinderProxy@ab0d39 TransitionRequestInfo { type = OPEN, triggerTask = TaskInfo{userId=0 taskId=1248 displayId=0 isRunning=true baseIntent=Intent { flg=0x10000000 cmp=io.taowen.bx/com.winlator.BionicXActivity } baseActivity=ComponentInfo{io.taowen.bx/com.winlator.BionicXActivity} topActivity=ComponentInfo{io.taowen.bx/com.winlator.BionicXActivity} origActivity=null realActivity=ComponentInfo{io.taowen.bx/com.winlator.BionicXActivity} numActivities=1 lastActiveTime=2047515 supportsMultiWindow=true resizeMode=1 isResizeable=true minWidth=-1 minHeight=-1 defaultMinSize=220 token=WCT{android.window.IWindowContainerToken$Stub$Proxy@9f22f7e} topActivityType=1 pictureInPictureParams=null shouldDockBigOverlays=false launchIntoPipHostTaskId=-1 lastParentTaskIdBeforePip=-1 displayCutoutSafeInsets=null topActivityInfo=ActivityInfo{accdf com.winlator.BionicXActivity} launchCookies=[] positionInParent=Point(0, 0) parentTaskId=-1 isFocused=false isVisible=false isVisibleRequested=false isSleeping=false topActivityInSizeCompat=false topActivityEligibleForLetterboxEducation= false topActivityLetterboxed= false isFromDoubleTap= false topActivityLetterboxVerticalPosition= -1 topActivityLetterboxHorizontalPosition= -1 topActivityLetterboxWidth=-1 topActivityLetterboxHeight=-1 locusId=null displayAreaFeatureId=1 cameraCompatControlState=hidden}, remoteTransition = null, displayChange = null }
I/ActivityManager( 2320): Start proc 7194:io.taowen.bx/u0a194 for next-top-activity {io.taowen.bx/com.winlator.BionicXActivity}
V/WindowManager( 2320): Sent Transition #73 createdAt=08-14 03:36:58.968 via request=TransitionRequestInfo { type = OPEN, triggerTask = TaskInfo{userId=0 taskId=1248 displayId=0 isRunning=true baseIntent=Intent { flg=0x10000000 cmp=io.taowen.bx/com.winlator.BionicXActivity } baseActivity=ComponentInfo{io.taowen.bx/com.winlator.BionicXActivity} topActivity=ComponentInfo{io.taowen.bx/com.winlator.BionicXActivity} origActivity=null realActivity=ComponentInfo{io.taowen.bx/com.winlator.BionicXActivity} numActivities=1 lastActiveTime=2047515 supportsMultiWindow=true resizeMode=1 isResizeable=true minWidth=-1 minHeight=-1 defaultMinSize=220 token=WCT{RemoteToken{ed0a23a Task{ae7b5df #1248 type=standard A=10194:io.taowen.bx}}} topActivityType=1 pictureInPictureParams=null shouldDockBigOverlays=false launchIntoPipHostTaskId=-1 lastParentTaskIdBeforePip=-1 displayCutoutSafeInsets=null topActivityInfo=ActivityInfo{31eeeeb com.winlator.BionicXActivity} launchCookies=[] positionInParent=Point(0, 0) parentTaskId=-1 isFocused=false isVisible=false isVisibleRequested=false isSleeping=false topActivityInSizeCompat=false topActivityEligibleForLetterboxEducation= false topActivityLetterboxed= false isFromDoubleTap= false topActivityLetterboxVerticalPosition= -1 topActivityLetterboxHorizontalPosition= -1 topActivityLetterboxWidth=-1 topActivityLetterboxHeight=-1 locusId=null displayAreaFeatureId=1 cameraCompatControlState=hidden}, remoteTransition = null, displayChange = null }
W/WindowManager( 2320): Failed to deliver inset control state change to w=Window{6ad5752 u0 io.taowen.bx/com.winlator.BionicXActivity EXITING}
W/WindowManager( 2320): Failed to deliver inset control state change to w=Window{6ad5752 u0 io.taowen.bx/com.winlator.BionicXActivity EXITING}
W/WindowManager( 2320): Exception thrown during dispatchAppVisibility Window{6ad5752 u0 io.taowen.bx/com.winlator.BionicXActivity EXITING}
I/BionicX ( 7194): profile=geany display=1920x1080@144 socket=filesystem
I/BionicX ( 7194): enabled D-Bus session service at /data/user/0/io.taowen.bx/files/run/geany/runtime/bus
I/BionicX ( 7194): dbus: bionicx-exec: running untraced pid=7224
I/BionicX ( 7194): runtime DNS servers=2
I/BionicX ( 7194): launching Geany (Debian trixie ARM64): [/data/user/0/io.taowen.bx/files/bin/bionicx-exec, --cwd, /data/user/0/io.taowen.bx/files/homes/geany, --env, DISPLAY=:0, --env, HOME=/data/user/0/io.taowen.bx/files/homes/geany, --env, TMPDIR=/data/user/0/io.taowen.bx/cache, --env, XDG_RUNTIME_DIR=/data/user/0/io.taowen.bx/files/run/geany/runtime, --env, XDG_CONFIG_HOME=/data/user/0/io.taowen.bx/files/homes/geany/.config, --env, XDG_CACHE_HOME=/data/user/0/io.taowen.bx/files/homes/geany/.cache, --env, XDG_DATA_HOME=/data/user/0/io.taowen.bx/files/homes/geany/.local/share, --env, XDG_DATA_DIRS=/data/user/0/io.taowen.bx/files/rootfs/usr/local/share:/data/user/0/io.taowen.bx/files/rootfs/usr/share, --env, GSETTINGS_SCHEMA_DIR=/data/user/0/io.taowen.bx/files/rootfs/usr/share/glib-2.0/schemas, --env, GSETTINGS_BACKEND=memory, --env, GDK_PIXBUF_MODULE_FILE=/data/user/0/io.taowen.bx/files/rootfs/usr/lib/aarch64-linux-gnu/gdk-pixbuf-2.0/2.10.0/loaders.cache, --env, NO_AT_BRIDGE=1, --env, PATH=/data/user/0/io.taowen.bx/files/rootfs/usr/bin:/data/user/0/io.taowen.bx/files/rootfs/bin:/product/bin:/system/bin, --env, LANG=C.UTF-8, --env, BIONICX_DNS_SERVERS=fe80::1%wlan0,192.168.1.1, --env, BIONICX_ROOTFS=/data/user/0/io.taowen.bx/files/rootfs, --env, BIONICX_APP=/data/user/0/io.taowen.bx/files/apps/geany, --env, LD_LIBRARY_PATH=/data/user/0/io.taowen.bx/files/apps/geany/lib, --env, BIONICX_TMPDIR=/data/user/0/io.taowen.bx/cache, --env, FONTCONFIG_PATH=/data/user/0/io.taowen.bx/files/rootfs/etc/fonts, --env, FONTCONFIG_FILE=fonts.conf, --env, FONTCONFIG_SYSROOT=/data/user/0/io.taowen.bx/files/rootfs, --env, DBUS_SESSION_BUS_ADDRESS=unix:path=/data/user/0/io.taowen.bx/files/run/geany/runtime/bus, --env, LD_PRELOAD=/data/user/0/io.taowen.bx/files/lib/libbionicx-runtime.so, --, /data/user/0/io.taowen.bx/files/rootfs/usr/bin/geany, --new-instance, /data/user/0/io.taowen.bx/files/apps/geany/fixtures/bionicx-example.c]
D/CoreBackPreview( 2320): Window{babfe89 u0 io.taowen.bx/com.winlator.BionicXActivity}: Setting back callback OnBackInvokedCallbackInfo{mCallback=android.window.IOnBackInvokedCallback$Stub$Proxy@1ecc6a8, mPriority=0, mIsAnimationCallback=false}
I/BionicX ( 7194): bionicx-exec: running untraced pid=7231
I/ActivityTaskManager( 2320): Displayed io.taowen.bx/com.winlator.BionicXActivity for user 0: +214ms
I/Zygote  ( 1294): Process 7011 exited due to signal 9 (Killed)
geany retry alive=1 bytes=54550 shot=/tmp/grok-goal-3794b08cb732/implementer/geany.png
==== retry done 2026-08-14T03:37:32+08:00 ====

==== visual acceptance (reconstructed seed ed998c09) ====
desktop-session: BXSUMMARY desktop-session-accept passed=7 failed=0
wps-office: Writer opened BionicX-Seed-Writer-20260813 (Words: 4)
wps-spreadsheets: Sheets opened BionicX-Seed-Sheets-20260813
wps-presentation: Presentation opened BionicX-Seed-Slides-20260813
wps-suite: formula-symbol warning still shown; default-office dialog still shown
firefox-esr-online: Example Domain at example.com
krita: bionicx-image.ppm canvas (640x480 quadrants + yellow circle)
qbittorrent: bionicx-network-payload.bin 256.0 KiB 100% Seeding
keepassxc-cli: BXSUMMARY keepassxc-cli passed=6 failed=0
keepassxc: deferred-open shows login / bionicx / example.com / BionicX-probe
xterm: bash-5.2$ prompt
thunar: home with BX_THUNAR_PASS
mousepad: BionicX Mousepad integration test fixture
ristretto: bionicx-blue.png 960x540
evince: BionicX PDF Page 1 of 2
libreoffice-writer: heading LibreOffice Writer on BionicX
gimp: GIMP 3.0.4 welcome + IceWM taskbar
inkscape: Inkscape on BionicX artwork
vlc: I420 color-bar motion fixture
geany: bionicx-example.c opened
filezilla: site manager / local tree
thunderbird: Account Setup
