--------- beginning of system
08-13 13:45:44.401  2312  2789 I ActivityManager: Force stopping io.taowen.bx appid=10194 user=0: from pid 18286
08-13 13:45:44.406  2312  2789 I ActivityManager: Killing 14555:io.taowen.bx/u0a194 (adj 0): stop io.taowen.bx due to from pid 18286
08-13 13:45:44.408  2312  2361 D DisplayManagerService: Drop pending events for gone uid 10194
08-13 13:45:44.409  2312  2789 W ActivityTaskManager: Force removing ActivityRecord{303882e u0 io.taowen.bx/com.winlator.BionicXActivity t1059 f}}: app died, no saved state
08-13 13:45:44.410  2659  2692 V WindowManagerShell: Transition requested: android.os.BinderProxy@e9d1325 TransitionRequestInfo { type = CLOSE, triggerTask = TaskInfo{userId=0 taskId=1059 displayId=0 isRunning=false baseIntent=Intent { flg=0x10000000 cmp=io.taowen.bx/com.winlator.BionicXActivity } baseActivity=null topActivity=null origActivity=null realActivity=ComponentInfo{io.taowen.bx/com.winlator.BionicXActivity} numActivities=0 lastActiveTime=62787989 supportsMultiWindow=true resizeMode=1 isResizeable=true minWidth=-1 minHeight=-1 defaultMinSize=220 token=WCT{android.window.IWindowContainerToken$Stub$Proxy@8549cfa} topActivityType=1 pictureInPictureParams=null shouldDockBigOverlays=false launchIntoPipHostTaskId=-1 lastParentTaskIdBeforePip=-1 displayCutoutSafeInsets=null topActivityInfo=null launchCookies=[] positionInParent=Point(0, 0) parentTaskId=-1 isFocused=true isVisible=true isVisibleRequested=true isSleeping=false topActivityInSizeCompat=false topActivityEligibleForLetterboxEducation= false topActivityLetterboxed= false isFromDoubleTap= false topActivityLetterboxVerticalPosition= -1 topActivityLetterboxHorizontalPosition= -1 topActivityLetterboxWidth=-1 topActivityLetterboxHeight=-1 locusId=null displayAreaFeatureId=1 cameraCompatControlState=hidden}, remoteTransition = null, displayChange = null }
--------- beginning of main
08-13 13:45:44.410   829   829 I hwservicemanager: getTransport: Cannot find entry vendor.qti.hardware.servicetracker@1.2::IServicetracker/default in either framework or device VINTF manifest.
08-13 13:45:44.411  1514  1514 I vendor.qti.hardware.servicetrackeraidl-service: killProcess is called for pid : 14555
08-13 13:45:44.411  2312  2789 W ActivityTaskManager: servicetracker HIDL not available
08-13 13:45:44.412  2312  2789 E ActivityTaskManager: Unable to get servicetracker HAL instance
08-13 13:45:44.412   829   829 I hwservicemanager: getTransport: Cannot find entry vendor.qti.hardware.servicetracker@1.2::IServicetracker/default in either framework or device VINTF manifest.
08-13 13:45:44.412  2312  2789 W ActivityTaskManager: servicetracker HIDL not available
08-13 13:45:44.413  2312  2789 E ActivityTaskManager: Unable to get servicetracker HAL instance
08-13 13:45:44.413   829   829 I hwservicemanager: getTransport: Cannot find entry vendor.qti.hardware.servicetracker@1.2::IServicetracker/default in either framework or device VINTF manifest.
08-13 13:45:44.413  2312  2789 W ActivityTaskManager: servicetracker HIDL not available
08-13 13:45:44.413  2312  2789 E ActivityTaskManager: Unable to get servicetracker HAL instance
08-13 13:45:44.418   829   829 I hwservicemanager: getTransport: Cannot find entry vendor.qti.hardware.servicetracker@1.2::IServicetracker/default in either framework or device VINTF manifest.
08-13 13:45:44.418  1442  1525 E ANDR-PWR-OPT: VIDEOPOWEROPT: sendEvents() 186: Timer started 
08-13 13:45:44.418  2312  2789 W ActivityTaskManager: servicetracker HIDL not available
08-13 13:45:44.418  2312  2789 E ActivityTaskManager: Unable to get servicetracker HAL instance
08-13 13:45:44.419  1442  1525 I ANDR-PWR-OPT: PowerAppClassifier: getAppType() 59: checking app [com.ayaneo.home] is type 3
08-13 13:45:44.420  2312  2789 I DisplayRotation: rotationForOrientation: orientation=6, preferredRotation=1, sensorRotation=1, lastRotation=1
08-13 13:45:44.420  2312  2789 I DisplayRotation: updateRotation: lastOrientation=6, oldRotation=1, newRotation=1
08-13 13:45:44.424  2312  2788 D CompatibilityChangeReporter: Compat change id reported: 197654537; UID 1000; state: ENABLED
08-13 13:45:44.424  2659  2659 I StatusBarHideIconsForBouncerManager: updateHideIconsForBouncer set com.ayaneo.home hide statusbar
08-13 13:45:44.424  2659  2659 D CentralSurfaces: Received new disable state: enaihbcrso.qingr (unchanged)
08-13 13:45:44.430  2312  2789 I AppsFilter: interaction: PackageSetting{64ff3ec com.taowen.arctrl.binderprobe.displaymanager/10211} -> PackageSetting{c28903f io.taowen.bx/10194} BLOCKED
08-13 13:45:44.430  2312  2789 I AppsFilter: interaction: PackageSetting{6bb1a4a com.taowen.arctrl.binderprobe.activitymanager/10216} -> PackageSetting{c28903f io.taowen.bx/10194} BLOCKED
08-13 13:45:44.430  2312  2789 I AppsFilter: interaction: PackageSetting{ee8edbb com.android.microdroid.empty_payload/10164} -> PackageSetting{c28903f io.taowen.bx/10194} BLOCKED
08-13 13:45:44.430  2312  2789 I AppsFilter: interaction: PackageSetting{b3e62d8 com.proot.terminal/10181} -> PackageSetting{c28903f io.taowen.bx/10194} BLOCKED
08-13 13:45:44.430  2659  2659 I StatusBarHideIconsForBouncerManager: updateHideIconsForBouncer set com.ayaneo.home hide statusbar
08-13 13:45:44.430  2312  2789 I AppsFilter: interaction: PackageSetting{6be1631 com.focaltech.fpsensormmitest/10144} -> PackageSetting{c28903f io.taowen.bx/10194} BLOCKED
08-13 13:45:44.430  2312  2789 I AppsFilter: interaction: PackageSetting{4989116 com.taowen.arctrl.binderprobe.contentprovider/10215} -> PackageSetting{c28903f io.taowen.bx/10194} BLOCKED
08-13 13:45:44.431  2659  2659 I StatusBarHideIconsForBouncerManager: updateHideIconsForBouncer set com.ayaneo.home hide statusbar
08-13 13:45:44.434  1583  1583 I BpBinder: onLastStrongRef automatically unlinking death recipients: 
08-13 13:45:44.437  1300  1300 I Zygote  : Process 14555 exited due to signal 9 (Killed)
08-13 13:45:44.437  2312 16154 V ActivityManager: Got obituary of 14555:io.taowen.bx
08-13 13:45:44.438  2128  2128 I adbd    : Remote process closed the socket (on MSG_PEEK)
08-13 13:45:44.438  2312  4446 I ImeTracker: io.taowen.bx:3ab89e99: onRequestHide at ORIGIN_SERVER_HIDE_INPUT reason HIDE_REMOVE_CLIENT
08-13 13:45:44.438  2312  2788 I WindowManager: WIN DEATH: Window{4259e3e u0 io.taowen.bx/com.winlator.BionicXActivity}
08-13 13:45:44.438  2312  4446 I ImeTracker: io.taowen.bx:3ab89e99: onCancelled at PHASE_SERVER_SHOULD_HIDE
08-13 13:45:44.438  2312  2788 W InputManager-JNI: Input channel object '4259e3e io.taowen.bx/com.winlator.BionicXActivity (client)' was disposed without first being removed with the input manager!
08-13 13:45:44.439  2312  2789 D InputDispatcher: onFocusChangedLocked
08-13 13:45:44.440  2312  2363 V WindowManager: Unknown focus tokens, dropping reportFocusChanged
08-13 13:45:44.440  2659  2659 I StatusBarHideIconsForBouncerManager: updateHideIconsForBouncer set com.ayaneo.home hide statusbar
08-13 13:45:44.440  1450  1640 W qdgralloc: Failed to open smmu proxy node = /dev/qti-smmu-proxy, error = No such file or directory
08-13 13:45:44.440  1450  1640 W qdgralloc: Failed to open smmu proxy node = /dev/qti-smmu-proxy, error = No such file or directory
08-13 13:45:44.441  1450  1640 W qdgralloc: Failed to open smmu proxy node = /dev/qti-smmu-proxy, error = No such file or directory
08-13 13:45:44.441  1450  1640 W qdgralloc: Failed to open smmu proxy node = /dev/qti-smmu-proxy, error = No such file or directory
08-13 13:45:44.441  3921  4196 W qdgralloc: getInterlacedFlag: getMetaData returned 3, defaulting to interlaced_flag = 0
08-13 13:45:44.441  1450  1640 W qdgralloc: Failed to open smmu proxy node = /dev/qti-smmu-proxy, error = No such file or directory
08-13 13:45:44.441  1450  1640 W qdgralloc: Failed to open smmu proxy node = /dev/qti-smmu-proxy, error = No such file or directory
08-13 13:45:44.441  1450  1640 W qdgralloc: Failed to open smmu proxy node = /dev/qti-smmu-proxy, error = No such file or directory
08-13 13:45:44.441  1450  1640 W qdgralloc: Failed to open smmu proxy node = /dev/qti-smmu-proxy, error = No such file or directory
08-13 13:45:44.445  2312 20932 D CompatibilityChangeReporter: Compat change id reported: 161145287; UID 1000; state: DISABLED
08-13 13:45:44.445  2312 20932 D CompatibilityChangeReporter: Compat change id reported: 161145287; UID 1000; state: ENABLED
08-13 13:45:44.445  2659  2659 I StatusBarHideIconsForBouncerManager: updateHideIconsForBouncer set com.ayaneo.home hide statusbar
08-13 13:45:44.450  2659  2659 I StatusBarHideIconsForBouncerManager: updateHideIconsForBouncer set com.ayaneo.home hide statusbar
08-13 13:45:44.452  2659  2659 I StatusBarHideIconsForBouncerManager: updateHideIconsForBouncer set com.ayaneo.home hide statusbar
08-13 13:45:44.452  3921  3921 D AutofillManager: view not autofillable - not passing ime action check
08-13 13:45:44.452  2659  2659 I StatusBarHideIconsForBouncerManager: updateHideIconsForBouncer set com.ayaneo.home hide statusbar
08-13 13:45:44.454  2659  2659 I StatusBarHideIconsForBouncerManager: updateHideIconsForBouncer set com.ayaneo.home hide statusbar
08-13 13:45:44.454  2659  2659 I StatusBarHideIconsForBouncerManager: updateHideIconsForBouncer set com.ayaneo.home hide statusbar
08-13 13:45:44.455  1450  1640 W qdgralloc: Failed to open smmu proxy node = /dev/qti-smmu-proxy, error = No such file or directory
08-13 13:45:44.455  1450  1640 W qdgralloc: Failed to open smmu proxy node = /dev/qti-smmu-proxy, error = No such file or directory
08-13 13:45:44.455  1450  1640 W qdgralloc: Failed to open smmu proxy node = /dev/qti-smmu-proxy, error = No such file or directory
08-13 13:45:44.455  1450  1640 W qdgralloc: Failed to open smmu proxy node = /dev/qti-smmu-proxy, error = No such file or directory
08-13 13:45:44.456  1450  1450 W qdgralloc: Failed to open smmu proxy node = /dev/qti-smmu-proxy, error = No such file or directory
08-13 13:45:44.456  1450  1450 W qdgralloc: Failed to open smmu proxy node = /dev/qti-smmu-proxy, error = No such file or directory
08-13 13:45:44.456  1450  1640 W qdgralloc: Failed to open smmu proxy node = /dev/qti-smmu-proxy, error = No such file or directory
08-13 13:45:44.456  1450  1640 W qdgralloc: Failed to open smmu proxy node = /dev/qti-smmu-proxy, error = No such file or directory
08-13 13:45:44.460  2312  2364 W WindowManager: Failed to deliver inset control state change to w=Window{4259e3e u0 io.taowen.bx/com.winlator.BionicXActivity EXITING}
08-13 13:45:44.460  2312  2364 W WindowManager: android.os.DeadObjectException
08-13 13:45:44.460  2312  2364 W WindowManager: 	at android.os.BinderProxy.transactNative(Native Method)
08-13 13:45:44.460  2312  2364 W WindowManager: 	at android.os.BinderProxy.transact(BinderProxy.java:584)
08-13 13:45:44.460  2312  2364 W WindowManager: 	at android.view.IWindow$Stub$Proxy.insetsControlChanged(IWindow.java:495)
08-13 13:45:44.460  2312  2364 W WindowManager: 	at com.android.server.wm.WindowState.notifyInsetsControlChanged(WindowState.java:3812)
08-13 13:45:44.460  2312  2364 W WindowManager: 	at com.android.server.wm.InsetsStateController.lambda$notifyPendingInsetsControlChanged$3(InsetsStateController.java:343)
08-13 13:45:44.460  2312  2364 W WindowManager: 	at com.android.server.wm.InsetsStateController.$r8$lambda$8yykPRG1GyNq_J17QvL9d5xANMc(InsetsStateController.java:0)
08-13 13:45:44.460  2312  2364 W WindowManager: 	at com.android.server.wm.InsetsStateController$$ExternalSyntheticLambda2.run(R8$$SyntheticClass:0)
08-13 13:45:44.460  2312  2364 W WindowManager: 	at com.android.server.wm.WindowAnimator.executeAfterPrepareSurfacesRunnables(WindowAnimator.java:294)
08-13 13:45:44.460  2312  2364 W WindowManager: 	at com.android.server.wm.WindowAnimator.animate(WindowAnimator.java:202)
08-13 13:45:44.460  2312  2364 W WindowManager: 	at com.android.server.wm.WindowAnimator.lambda$new$1(WindowAnimator.java:99)
08-13 13:45:44.460  2312  2364 W WindowManager: 	at com.android.server.wm.WindowAnimator.$r8$lambda$aHNu1uhcqxihX5NZc4McDDQPAyw(WindowAnimator.java:0)
08-13 13:45:44.460  2312  2364 W WindowManager: 	at com.android.server.wm.WindowAnimator$$ExternalSyntheticLambda1.doFrame(R8$$SyntheticClass:0)
08-13 13:45:44.460  2312  2364 W WindowManager: 	at android.view.Choreographer$CallbackRecord.run(Choreographer.java:1348)
08-13 13:45:44.460  2312  2364 W WindowManager: 	at android.view.Choreographer$CallbackRecord.run(Choreographer.java:1359)
08-13 13:45:44.460  2312  2364 W WindowManager: 	at android.view.Choreographer.doCallbacks(Choreographer.java:963)
08-13 13:45:44.460  2312  2364 W WindowManager: 	at android.view.Choreographer.doFrame(Choreographer.java:888)
08-13 13:45:44.460  2312  2364 W WindowManager: 	at android.view.Choreographer$FrameDisplayEventReceiver.run(Choreographer.java:1333)
08-13 13:45:44.460  2312  2364 W WindowManager: 	at android.os.Handler.handleCallback(Handler.java:958)
08-13 13:45:44.460  2312  2364 W WindowManager: 	at android.os.Handler.dispatchMessage(Handler.java:99)
08-13 13:45:44.460  2312  2364 W WindowManager: 	at android.os.Looper.loopOnce(Looper.java:205)
08-13 13:45:44.460  2312  2364 W WindowManager: 	at android.os.Looper.loop(Looper.java:294)
08-13 13:45:44.460  2312  2364 W WindowManager: 	at android.os.HandlerThread.run(HandlerThread.java:67)
08-13 13:45:44.460  2312  2364 W WindowManager: 	at com.android.server.ServiceThread.run(ServiceThread.java:46)
08-13 13:45:44.460  2312  2789 D CompatibilityChangeReporter: Compat change id reported: 161252188; UID 10194; state: DISABLED
08-13 13:45:44.460  2312  2789 W ActivityTaskManager: callingPackage for (uid=2000, pid=18295) has no WPC
08-13 13:45:44.461  2312  2789 D CompatibilityChangeReporter: Compat change id reported: 265464455; UID 10194; state: DISABLED
08-13 13:45:44.461  2312  2789 D CompatibilityChangeReporter: Compat change id reported: 265452344; UID 10194; state: DISABLED
08-13 13:45:44.461  2312  2789 D CompatibilityChangeReporter: Compat change id reported: 266124927; UID 10194; state: DISABLED
08-13 13:45:44.461  2312  2789 D CompatibilityChangeReporter: Compat change id reported: 265451093; UID 10194; state: DISABLED
08-13 13:45:44.461  2312  2789 D CompatibilityChangeReporter: Compat change id reported: 265456536; UID 10194; state: DISABLED
08-13 13:45:44.461  2312  2789 D CompatibilityChangeReporter: Compat change id reported: 255940284; UID 10194; state: DISABLED
08-13 13:45:44.461  2312  2789 D CompatibilityChangeReporter: Compat change id reported: 236283604; UID 10194; state: DISABLED
08-13 13:45:44.461  2312  2789 D CompatibilityChangeReporter: Compat change id reported: 263959004; UID 10194; state: DISABLED
08-13 13:45:44.461  2312  2789 D CompatibilityChangeReporter: Compat change id reported: 264304459; UID 10194; state: DISABLED
08-13 13:45:44.461  2312  2789 D CompatibilityChangeReporter: Compat change id reported: 264301586; UID 10194; state: DISABLED
08-13 13:45:44.461  2312  2789 D CompatibilityChangeReporter: Compat change id reported: 254631730; UID 10194; state: DISABLED
08-13 13:45:44.461  2312  2789 D CompatibilityChangeReporter: Compat change id reported: 273509367; UID 10194; state: DISABLED
08-13 13:45:44.461  2312  2789 D CompatibilityChangeReporter: Compat change id reported: 263259275; UID 10194; state: DISABLED
08-13 13:45:44.461  2312  2789 D CompatibilityChangeReporter: Compat change id reported: 174042980; UID 10194; state: DISABLED
08-13 13:45:44.461  2312  2789 D CompatibilityChangeReporter: Compat change id reported: 174042936; UID 10194; state: DISABLED
08-13 13:45:44.461  2312  2789 D CompatibilityChangeReporter: Compat change id reported: 181136395; UID 10194; state: DISABLED
08-13 13:45:44.461   829   829 I hwservicemanager: getTransport: Cannot find entry vendor.qti.hardware.servicetracker@1.2::IServicetracker/default in either framework or device VINTF manifest.
08-13 13:45:44.461  2312  2789 W ActivityTaskManager: servicetracker HIDL not available
08-13 13:45:44.461  2312  2789 E ActivityTaskManager: Unable to get servicetracker HAL instance
08-13 13:45:44.462   829   829 I hwservicemanager: getTransport: Cannot find entry vendor.qti.hardware.servicetracker@1.2::IServicetracker/default in either framework or device VINTF manifest.
08-13 13:45:44.462  2312  2789 W ActivityTaskManager: servicetracker HIDL not available
08-13 13:45:44.462  2312  2789 E ActivityTaskManager: Unable to get servicetracker HAL instance
08-13 13:45:44.462  2312  2789 D CompatibilityChangeReporter: Compat change id reported: 194480991; UID 10194; state: ENABLED
08-13 13:45:44.464  2312  2789 D CompatibilityChangeReporter: Compat change id reported: 184838306; UID 10194; state: DISABLED
08-13 13:45:44.464  2312  2789 D CompatibilityChangeReporter: Compat change id reported: 185004937; UID 10194; state: DISABLED
08-13 13:45:44.464  2312  2789 D CompatibilityChangeReporter: Compat change id reported: 197654537; UID 10194; state: DISABLED
08-13 13:45:44.464  2312  2789 D CompatibilityChangeReporter: Compat change id reported: 205907456; UID 10194; state: DISABLED
08-13 13:45:44.465  2312  2789 D ActivityTrigger: ActivityTrigger activityPauseTrigger 
08-13 13:45:44.465  1474  1618 E ANDR-PERF-RESOURCEQS: ANDR-PERF-RESOURCEQS: AddAndApply() 131: Resource value ffffffff is not supported
08-13 13:45:44.465   829   829 I hwservicemanager: getTransport: Cannot find entry vendor.qti.hardware.servicetracker@1.2::IServicetracker/default in either framework or device VINTF manifest.
08-13 13:45:44.465  2312  2789 W ActivityTaskManager: servicetracker HIDL not available
08-13 13:45:44.465  2312  2789 E ActivityTaskManager: Unable to get servicetracker HAL instance
08-13 13:45:44.465  2312  2789 I ActivityTaskManager: Add Task{d932fcf #1059 type=standard A=10194:io.taowen.bx} to hidden list because adding Task{baf8858 #1060 type=standard A=10194:io.taowen.bx}
08-13 13:45:44.465  1442  1525 I ANDR-PWR-OPT: PowerAppClassifier: getAppType() 59: checking app [com.ayaneo.home] is type 3
08-13 13:45:44.466  2312  2789 I ActivityTaskManager: START u0 {flg=0x10000000 cmp=io.taowen.bx/com.winlator.BionicXActivity} with LAUNCH_MULTIPLE from uid 2000 (BAL_ALLOW_PERMISSION) result code=0
08-13 13:45:44.466  2312  2789 W WindowManager: Failed looking up window session=Session{5311070 2659:u0a10124} callers=com.android.server.wm.WindowManagerService.windowForClientLocked:6067 com.android.server.wm.Session.updateRequestedVisibleTypes:690 android.view.IWindowSession$Stub.onTransact:1034 
08-13 13:45:44.467  2312  2363 D CompatibilityChangeReporter: Compat change id reported: 135634846; UID 10194; state: DISABLED
08-13 13:45:44.467  2312  2363 D CompatibilityChangeReporter: Compat change id reported: 177438394; UID 10194; state: DISABLED
08-13 13:45:44.467  3855 17921 W InputReader: pauseServer
08-13 13:45:44.467  2312  2363 D CompatibilityChangeReporter: Compat change id reported: 135772972; UID 10194; state: DISABLED
08-13 13:45:44.467  2312  2363 D CompatibilityChangeReporter: Compat change id reported: 135754954; UID 10194; state: DISABLED
08-13 13:45:44.467  2312  9561 D CompatibilityChangeReporter: Compat change id reported: 168419799; UID 10194; state: DISABLED
08-13 13:45:44.467  1442  1525 I ANDR-PWR-OPT: PowerAppClassifier: getAppType() 59: checking app [io.taowen.bx] is type 2
08-13 13:45:44.467  1442  1525 I QLM-Client-Lib: qlm_client_init: Initialized client poweropt-service
08-13 13:45:44.467  2312  9561 D CompatibilityChangeReporter: Compat change id reported: 273564678; UID 10194; state: DISABLED
08-13 13:45:44.467  2312  2370 D CompatibilityChangeReporter: Compat change id reported: 143937733; UID 10194; state: DISABLED
08-13 13:45:44.468  2659  2659 D CentralSurfaces: Received new disable state: enaihbcrso.qingr (unchanged)
08-13 13:45:44.470  2312  2789 D CoreBackPreview: Window{3c0d204 u0 Splash Screen io.taowen.bx}: Setting back callback OnBackInvokedCallbackInfo{mCallback=android.window.IOnBackInvokedCallback$Stub$Proxy@77abe6e, mPriority=0, mIsAnimationCallback=false}
08-13 13:45:44.473 18301 18301 I xsu     : sending cmd:chmod 750 /storage
08-13 13:45:44.473 18301 18301 I xsu     : sending cmd end:chmod 750 /storage
08-13 13:45:44.473 18301 18301 I xsu     : free cmd end
08-13 13:45:44.473 18301 18301 I xsu     : xsu_recv cmd before
08-13 13:45:44.473 18301 18301 I xsu_api : xsu_recv memset enter
08-13 13:45:44.473 18301 18301 I xsu_api : xsu_recv memset end
08-13 13:45:44.473  1450  1640 W qdgralloc: Failed to open smmu proxy node = /dev/qti-smmu-proxy, error = No such file or directory
08-13 13:45:44.473  1450  1640 W qdgralloc: Failed to open smmu proxy node = /dev/qti-smmu-proxy, error = No such file or directory
08-13 13:45:44.473  1604 18303 I xsu_api : xsu_recv memset enter
08-13 13:45:44.473  1604 18303 I xsu_api : xsu_recv memset end
08-13 13:45:44.473  1450  1640 W qdgralloc: Failed to open smmu proxy node = /dev/qti-smmu-proxy, error = No such file or directory
08-13 13:45:44.473  1604 18303 I xsu_api : xsu_recv retry end
08-13 13:45:44.473  1604 18303 I xsu_api : ret=4, version=200, type=0, payload_size=22
08-13 13:45:44.473  1604 18303 I xsu_api : xsu_recv type and len
08-13 13:45:44.473  1604 18303 I xsu_api : header.type=0, header.payload_size=22, xsu_header_t=4
08-13 13:45:44.473  1604 18303 I xsu_api : xsu_recv type and len end
08-13 13:45:44.473  1604 18303 I xsud    : handle comming cmd:chmod 750 /storage
08-13 13:45:44.473  1450  1640 W qdgralloc: Failed to open smmu proxy node = /dev/qti-smmu-proxy, error = No such file or directory
08-13 13:45:44.473  2659  2746 W qdgralloc: getInterlacedFlag: getMetaData returned 3, defaulting to interlaced_flag = 0
08-13 13:45:44.474  1450  1640 W qdgralloc: Failed to open smmu proxy node = /dev/qti-smmu-proxy, error = No such file or directory
08-13 13:45:44.474  1450  1640 W qdgralloc: Failed to open smmu proxy node = /dev/qti-smmu-proxy, error = No such file or directory
08-13 13:45:44.474  1450  1640 W qdgralloc: Failed to open smmu proxy node = /dev/qti-smmu-proxy, error = No such file or directory
08-13 13:45:44.474  1450  1640 W qdgralloc: Failed to open smmu proxy node = /dev/qti-smmu-proxy, error = No such file or directory
08-13 13:45:44.474  1300  1300 D Zygote  : Forked child process 18305
08-13 13:45:44.475  2312  2370 I ActivityManager: Start proc 18305:io.taowen.bx/u0a194 for next-top-activity {io.taowen.bx/com.winlator.BionicXActivity}
08-13 13:45:44.475  2312 18306 W ContextImpl: Calling a method in the system process without a qualified user: android.app.ContextImpl.sendBroadcast:1220 com.qualcomm.qti.Performance$SendGameLaunchBroadcast.run:248 java.lang.Thread.run:1564 <bottom of call stack> <bottom of call stack> 
08-13 13:45:44.477  3798  4675 W SQLiteLog: (28) double-quoted string literal: "io.taowen.bx"
08-13 13:45:44.477 18305 18305 I libc    : SetHeapTaggingLevel: tag level set to 0
08-13 13:45:44.480 18305 18305 I io.taowen.bx: Late-enabling -Xcheck:jni
08-13 13:45:44.483 18301 18301 I xsu_api : xsu_recv retry end
08-13 13:45:44.483 18301 18301 I xsu_api : ret=4, version=200, type=3, payload_size=0
08-13 13:45:44.483 18301 18301 I xsu_api : xsu_recv type and len
08-13 13:45:44.483 18301 18301 I xsu_api : header.type=3, header.payload_size=0, xsu_header_t=4
08-13 13:45:44.483 18301 18301 I xsu_api : xsu_recv type and len end
08-13 13:45:44.483 18301 18301 I xsu     : xsu_recv cmd end
08-13 13:45:44.483 18301 18301 I xsu     : end session!
08-13 13:45:44.488 18307 18307 I xsu     : sending cmd:setenforce 0
08-13 13:45:44.488 18307 18307 I xsu     : sending cmd end:setenforce 0
08-13 13:45:44.488 18307 18307 I xsu     : free cmd end
08-13 13:45:44.488 18307 18307 I xsu     : xsu_recv cmd before
08-13 13:45:44.488 18307 18307 I xsu_api : xsu_recv memset enter
08-13 13:45:44.488 18307 18307 I xsu_api : xsu_recv memset end
08-13 13:45:44.488  1604 18308 I xsu_api : xsu_recv memset enter
08-13 13:45:44.488  1604 18308 I xsu_api : xsu_recv memset end
08-13 13:45:44.488  1604 18308 I xsu_api : xsu_recv retry end
08-13 13:45:44.488  1604 18308 I xsu_api : ret=4, version=200, type=0, payload_size=16
08-13 13:45:44.488  1604 18308 I xsu_api : xsu_recv type and len
08-13 13:45:44.488  1604 18308 I xsu_api : header.type=0, header.payload_size=16, xsu_header_t=4
08-13 13:45:44.488  1604 18308 I xsu_api : xsu_recv type and len end
08-13 13:45:44.488  1604 18308 I xsud    : handle comming cmd:setenforce 0
08-13 13:45:44.492 18305 18305 I io.taowen.bx: Using CollectorTypeCMC GC.
08-13 13:45:44.494  2128  2229 I adbd    : jdwp connection from 18305
08-13 13:45:44.496 18307 18307 I xsu_api : xsu_recv retry end
08-13 13:45:44.496 18307 18307 I xsu_api : ret=4, version=200, type=3, payload_size=0
08-13 13:45:44.496 18307 18307 I xsu_api : xsu_recv type and len
08-13 13:45:44.496 18307 18307 I xsu_api : header.type=3, header.payload_size=0, xsu_header_t=4
08-13 13:45:44.496 18307 18307 I xsu_api : xsu_recv type and len end
08-13 13:45:44.496 18307 18307 I xsu     : xsu_recv cmd end
08-13 13:45:44.496 18307 18307 I xsu     : end session!
08-13 13:45:44.496 18305 18305 D nativeloader: Load libframework-connectivity-tiramisu-jni.so using APEX ns com_android_tethering for caller /apex/com.android.tethering/javalib/framework-connectivity-t.jar: ok
08-13 13:45:44.500  2312  2789 D CompatibilityInfo: mCompatibilityFlags - 0
08-13 13:45:44.500  2312  2789 D CompatibilityInfo: applicationDensity - 440
08-13 13:45:44.500  2312  2789 D CompatibilityInfo: applicationScale - 1.0
08-13 13:45:44.501  2312  2789 I ActivityTaskManager: The Process io.taowen.bx Already Exists in BG. So sending its PID: 18305
08-13 13:45:44.502  2312  2495 D CompatibilityChangeReporter: Compat change id reported: 265195908; UID 10194; state: ENABLED
08-13 13:45:44.507 18305 18305 D CompatibilityChangeReporter: Compat change id reported: 171979766; UID 10194; state: DISABLED
08-13 13:45:44.507 18305 18305 D CompatibilityChangeReporter: Compat change id reported: 242716250; UID 10194; state: DISABLED
08-13 13:45:44.509  2312  2789 D CompatibilityChangeReporter: Compat change id reported: 170503758; UID 10194; state: DISABLED
08-13 13:45:44.512 18305 18305 D ApplicationLoaders: Returning zygote-cached class loader: /system/framework/android.test.base.jar
08-13 13:45:44.587  3921  4196 W qdgralloc: getInterlacedFlag: getMetaData returned 3, defaulting to interlaced_flag = 0
08-13 13:45:44.590 18305 18305 D nativeloader: Configuring clns-4 for other apk /data/app/~~5qP5nsu4Y7Tud7TArj4xHg==/io.taowen.bx-_b84dAfAgoDs1Utws59YIA==/base.apk. target_sdk_version=28, uses_libraries=, library_path=/data/app/~~5qP5nsu4Y7Tud7TArj4xHg==/io.taowen.bx-_b84dAfAgoDs1Utws59YIA==/lib/arm64:/data/app/~~5qP5nsu4Y7Tud7TArj4xHg==/io.taowen.bx-_b84dAfAgoDs1Utws59YIA==/base.apk!/lib/arm64-v8a, permitted_path=/data:/mnt/expand:/data/user/0/io.taowen.bx
08-13 13:45:44.590 18305 18305 D nativeloader: Extending system_exposed_libraries: libbinauralrenderer_wrapper.qti.so:libhoaeffects.qti.so:libQOC.qti.so:libupdateprof.qti.so:libthermalclient.qti.so:libQOC.qti.so:libdiag_system.qti.so:libqape.qti.so:libqesdk_ndk_platform.qti.so:liblistenjni.qti.so
08-13 13:45:44.594 18305 18305 D nativeloader: Load libframework-connectivity-jni.so using APEX ns com_android_tethering for caller /apex/com.android.tethering/javalib/framework-connectivity.jar: ok
08-13 13:45:44.595 18305 18305 I Perf    : Connecting to perf service.
08-13 13:45:44.597 18305 18305 V GraphicsEnvironment: Currently set values for:
08-13 13:45:44.598 18305 18305 V GraphicsEnvironment:   angle_gl_driver_selection_pkgs=[]
08-13 13:45:44.598 18305 18305 V GraphicsEnvironment:   angle_gl_driver_selection_values=[]
08-13 13:45:44.598 18305 18305 V GraphicsEnvironment: ANGLE GameManagerService for io.taowen.bx: false
08-13 13:45:44.598 18305 18305 V GraphicsEnvironment: io.taowen.bx is not listed in per-application setting
08-13 13:45:44.598 18305 18305 V GraphicsEnvironment: Updatable production driver is not supported on the device.
08-13 13:45:44.606  2312 20932 I ActivityManager: Flag disabled. Ignoring finishAttachApplication from uid: 10194. pid: 18305
08-13 13:45:44.655  3921  4196 W qdgralloc: getInterlacedFlag: getMetaData returned 3, defaulting to interlaced_flag = 0
08-13 13:45:44.656   829   829 I hwservicemanager: getTransport: Cannot find entry vendor.qti.hardware.servicetracker@1.2::IServicetracker/default in either framework or device VINTF manifest.
08-13 13:45:44.656  2312  2789 W ActivityTaskManager: servicetracker HIDL not available
08-13 13:45:44.656  2312  2789 E ActivityTaskManager: Unable to get servicetracker HAL instance
08-13 13:45:44.657  1442  1525 I ANDR-PWR-OPT: PowerAppClassifier: getAppType() 59: checking app [io.taowen.bx] is type 2
08-13 13:45:44.657  1442  1525 I QLM-Client-Lib: qlm_client_init: Initialized client poweropt-service
08-13 13:45:44.657  2312  2789 I ActivityTaskManager: The Process io.taowen.bx Already Exists in BG. So sending its PID: 18305
08-13 13:45:44.657  2312  2789 I DisplayRotation: rotationForOrientation: orientation=6, preferredRotation=1, sensorRotation=1, lastRotation=1
08-13 13:45:44.657  2312  2789 I DisplayRotation: updateRotation: lastOrientation=6, oldRotation=1, newRotation=1
08-13 13:45:44.658   829   829 I hwservicemanager: getTransport: Cannot find entry vendor.qti.hardware.servicetracker@1.2::IServicetracker/default in either framework or device VINTF manifest.
08-13 13:45:44.658  2312  2789 W ActivityTaskManager: servicetracker HIDL not available
08-13 13:45:44.658  2312  2789 E ActivityTaskManager: Unable to get servicetracker HAL instance
08-13 13:45:44.659  1450  1640 W qdgralloc: Failed to open smmu proxy node = /dev/qti-smmu-proxy, error = No such file or directory
08-13 13:45:44.659  1450  1640 W qdgralloc: Failed to open smmu proxy node = /dev/qti-smmu-proxy, error = No such file or directory
08-13 13:45:44.663 18305 18324 D vulkan  : searching for layers in '/data/app/~~5qP5nsu4Y7Tud7TArj4xHg==/io.taowen.bx-_b84dAfAgoDs1Utws59YIA==/lib/arm64'
08-13 13:45:44.663  2312  2360 V WindowManager: Sent Transition #356 createdAt=08-13 13:45:44.409 via request=TransitionRequestInfo { type = CLOSE, triggerTask = TaskInfo{userId=0 taskId=1059 displayId=0 isRunning=false baseIntent=Intent { flg=0x10000000 cmp=io.taowen.bx/com.winlator.BionicXActivity } baseActivity=null topActivity=null origActivity=null realActivity=ComponentInfo{io.taowen.bx/com.winlator.BionicXActivity} numActivities=0 lastActiveTime=62787989 supportsMultiWindow=true resizeMode=1 isResizeable=true minWidth=-1 minHeight=-1 defaultMinSize=220 token=WCT{RemoteToken{1dab58e Task{d932fcf #1059 type=standard A=10194:io.taowen.bx}}} topActivityType=1 pictureInPictureParams=null shouldDockBigOverlays=false launchIntoPipHostTaskId=-1 lastParentTaskIdBeforePip=-1 displayCutoutSafeInsets=null topActivityInfo=null launchCookies=[] positionInParent=Point(0, 0) parentTaskId=-1 isFocused=true isVisible=true isVisibleRequested=true isSleeping=false topActivityInSizeCompat=false topActivityEligibleForLetterboxEducation= false topActivityLetterboxed= false isFromDoubleTap= false topActivityLetterboxVerticalPosition= -1 topActivityLetterboxHorizontalPosition= -1 topActivityLetterboxWidth=-1 topActivityLetterboxHeight=-1 locusId=null displayAreaFeatureId=1 cameraCompatControlState=hidden}, remoteTransition = null, displayChange = null }
08-13 13:45:44.663  2312  2360 V WindowManager:     startWCT=WindowContainerTransaction { changes = {} hops = [] errorCallbackToken=null taskFragmentOrganizer=null }
08-13 13:45:44.663  2312  2360 V WindowManager:     info={id=356 t=CLOSE f=0x0 trk=0 r=[0@Point(0, 0)] c=[{WCT{RemoteToken{bc99f1e Task{baf8858 #1060 type=standard A=10194:io.taowen.bx}}} m=OPEN f=MOVE_TO_TOP leash=Surface(name=Task=1060)/@0x31f10a3 sb=Rect(0, 0 - 1920, 1080) eb=Rect(0, 0 - 1920, 1080) d=0},{WCT{RemoteToken{1dab58e Task{d932fcf #1059 type=standard A=10194:io.taowen.bx}}} m=CLOSE f=NONE leash=Surface(name=Task=1059)/@0xf534353 sb=Rect(0, 0 - 1920, 1080) eb=Rect(0, 0 - 1920, 1080) d=0}]}
08-13 13:45:44.663  2312  2789 W WindowManager: Failed to deliver inset control state change to w=Window{4259e3e u0 io.taowen.bx/com.winlator.BionicXActivity EXITING}
08-13 13:45:44.663  2312  2789 W WindowManager: android.os.DeadObjectException
08-13 13:45:44.663  2312  2789 W WindowManager: 	at android.os.BinderProxy.transactNative(Native Method)
08-13 13:45:44.663  2312  2789 W WindowManager: 	at android.os.BinderProxy.transact(BinderProxy.java:584)
08-13 13:45:44.663  2312  2789 W WindowManager: 	at android.view.IWindow$Stub$Proxy.insetsControlChanged(IWindow.java:495)
08-13 13:45:44.663  2312  2789 W WindowManager: 	at com.android.server.wm.WindowState.notifyInsetsControlChanged(WindowState.java:3812)
08-13 13:45:44.663  2312  2789 W WindowManager: 	at com.android.server.wm.InsetsStateController.lambda$notifyPendingInsetsControlChanged$3(InsetsStateController.java:343)
08-13 13:45:44.663  2312  2789 W WindowManager: 	at com.android.server.wm.InsetsStateController.$r8$lambda$8yykPRG1GyNq_J17QvL9d5xANMc(InsetsStateController.java:0)
08-13 13:45:44.663  2312  2789 W WindowManager: 	at com.android.server.wm.InsetsStateController$$ExternalSyntheticLambda2.run(R8$$SyntheticClass:0)
08-13 13:45:44.663  2312  2789 W WindowManager: 	at com.android.server.wm.WindowAnimator.executeAfterPrepareSurfacesRunnables(WindowAnimator.java:294)
08-13 13:45:44.663  2312  2789 W WindowManager: 	at com.android.server.wm.RootWindowContainer.performSurfacePlacementNoTrace(RootWindowContainer.java:820)
08-13 13:45:44.663  2312  2789 W WindowManager: 	at com.android.server.wm.RootWindowContainer.performSurfacePlacement(RootWindowContainer.java:765)
08-13 13:45:44.663  2312  2789 W WindowManager: 	at com.android.server.wm.WindowSurfacePlacer.performSurfacePlacementLoop(WindowSurfacePlacer.java:177)
08-13 13:45:44.663  2312  2789 W WindowManager: 	at com.android.server.wm.WindowSurfacePlacer.performSurfacePlacement(WindowSurfacePlacer.java:126)
08-13 13:45:44.663  2312  2789 W WindowManager: 	at com.android.server.wm.WindowSurfacePlacer.performSurfacePlacement(WindowSurfacePlacer.java:115)
08-13 13:45:44.663  2312  2789 W WindowManager: 	at com.android.server.wm.WindowSurfacePlacer.continueLayout(WindowSurfacePlacer.java:97)
08-13 13:45:44.663  2312  2789 W WindowManager: 	at com.android.server.wm.ActivityTaskManagerService.continueWindowLayout(ActivityTaskManagerService.java:4696)
08-13 13:45:44.663  2312  2789 W WindowManager: 	at com.android.server.wm.ActivityRecord.activityPaused(ActivityRecord.java:6469)
08-13 13:45:44.663  2312  2789 W WindowManager: 	at com.android.server.wm.ActivityClientController.activityPaused(ActivityClientController.java:229)
08-13 13:45:44.663  2312  2789 W WindowManager: 	at android.app.IActivityClientController$Stub.onTransact(IActivityClientController.java:663)
08-13 13:45:44.663  2312  2789 W WindowManager: 	at com.android.server.wm.ActivityClientController.onTransact(ActivityClientController.java:166)
08-13 13:45:44.663  2312  2789 W WindowManager: 	at android.os.Binder.execTransactInternal(Binder.java:1339)
08-13 13:45:44.663  2312  2789 W WindowManager: 	at android.os.Binder.execTransact(Binder.java:1275)
08-13 13:45:44.663 18305 18324 D vulkan  : searching for layers in '/data/app/~~5qP5nsu4Y7Tud7TArj4xHg==/io.taowen.bx-_b84dAfAgoDs1Utws59YIA==/base.apk!/lib/arm64-v8a'
08-13 13:45:44.663  2659  2692 V WindowManagerShell: onTransitionReady android.os.BinderProxy@e9d1325: {id=356 t=CLOSE f=0x0 trk=0 r=[0@Point(0, 0)] c=[{WCT{android.window.IWindowContainerToken$Stub$Proxy@c059c4d} m=OPEN f=MOVE_TO_TOP leash=Surface(name=Task=1060)/@0xeef3576 sb=Rect(0, 0 - 1920, 1080) eb=Rect(0, 0 - 1920, 1080) d=0},{WCT{android.window.IWindowContainerToken$Stub$Proxy@4913302} m=CLOSE f=NONE leash=Surface(name=Task=1059)/@0xd67e777 sb=Rect(0, 0 - 1920, 1080) eb=Rect(0, 0 - 1920, 1080) d=0}]}
08-13 13:45:44.663  2659  2692 V WindowManagerShell: Playing animation for (#356)android.os.BinderProxy@e9d1325@0
08-13 13:45:44.663  2659  2692 V WindowManagerShell:  try handler com.android.wm.shell.transition.DefaultMixedHandler@34c80d7
08-13 13:45:44.663  2659  2692 V WindowManagerShell:  try handler com.android.wm.shell.keyguard.KeyguardTransitionHandler@b885ee1
08-13 13:45:44.663  2659  2692 V WindowManagerShell:  try handler com.android.wm.shell.activityembedding.ActivityEmbeddingController@8ff2406
08-13 13:45:44.663  2659  2692 V WindowManagerShell:  try handler com.android.wm.shell.recents.RecentsTransitionHandler@4405ac7
08-13 13:45:44.663  2659  2692 V ShellRecents: RecentsTransitionHandler.startAnimation: no controller found
08-13 13:45:44.663  2659  2692 V WindowManagerShell:  try handler com.android.wm.shell.pip.PipTransition@7f978f4
08-13 13:45:44.663  2659  2692 V WindowManagerShell:  try handler com.android.wm.shell.splitscreen.StageCoordinator@8cb081d
08-13 13:45:44.663  2659  2692 V WindowManagerShell:  try handler com.android.wm.shell.transition.RemoteTransitionHandler@e5ddc63
08-13 13:45:44.663  2659  2692 V WindowManagerShell: Transition doesn't have explicit remote, search filters for match for {id=356 t=CLOSE f=0x0 trk=0 r=[0@Point(0, 0)] c=[{WCT{android.window.IWindowContainerToken$Stub$Proxy@c059c4d} m=OPEN f=MOVE_TO_TOP leash=Surface(name=Task=1060)/@0xeef3576 sb=Rect(0, 0 - 1920, 1080) eb=Rect(0, 0 - 1920, 1080) d=0},{WCT{android.window.IWindowContainerToken$Stub$Proxy@4913302} m=CLOSE f=NONE leash=Surface(name=Task=1059)/@0xd67e777 sb=Rect(0, 0 - 1920, 1080) eb=Rect(0, 0 - 1920, 1080) d=0}]}
08-13 13:45:44.663  2659  2692 V WindowManagerShell:  Delegate animation for #356 to null
08-13 13:45:44.663  2659  2692 V WindowManagerShell:  try handler com.android.wm.shell.transition.DefaultTransitionHandler@eaf3060
08-13 13:45:44.663  2659  2692 V WindowManagerShell: start default transition animation, info = {id=356 t=CLOSE f=0x0 trk=0 r=[0@Point(0, 0)] c=[{WCT{android.window.IWindowContainerToken$Stub$Proxy@c059c4d} m=OPEN f=MOVE_TO_TOP leash=Surface(name=Task=1060)/@0xeef3576 sb=Rect(0, 0 - 1920, 1080) eb=Rect(0, 0 - 1920, 1080) d=0},{WCT{android.window.IWindowContainerToken$Stub$Proxy@4913302} m=CLOSE f=NONE leash=Surface(name=Task=1059)/@0xd67e777 sb=Rect(0, 0 - 1920, 1080) eb=Rect(0, 0 - 1920, 1080) d=0}]}
08-13 13:45:44.663  2659  2692 V WindowManagerShell: loadAnimation: anim=android.view.animation.AnimationSet@4e98413 animAttr=0xb type=CLOSE isEntrance=false
08-13 13:45:44.663  2659  2692 V WindowManagerShell: loadAnimation: anim=android.view.animation.AnimationSet@75d3650 animAttr=0xa type=CLOSE isEntrance=true
08-13 13:45:44.664  2659  2692 V WindowManagerShell:  animated by com.android.wm.shell.transition.DefaultTransitionHandler@eaf3060
08-13 13:45:44.665  2312  2363 D OomAdjuster: App adj change from cached state to fg state : 18305 io.taowen.bx
08-13 13:45:44.666  2312  9561 W WindowManager: Failed to deliver inset control state change to w=Window{4259e3e u0 io.taowen.bx/com.winlator.BionicXActivity EXITING}
08-13 13:45:44.666  2312  9561 W WindowManager: android.os.DeadObjectException
08-13 13:45:44.666  2312  9561 W WindowManager: 	at android.os.BinderProxy.transactNative(Native Method)
08-13 13:45:44.666  2312  9561 W WindowManager: 	at android.os.BinderProxy.transact(BinderProxy.java:584)
08-13 13:45:44.666  2312  9561 W WindowManager: 	at android.view.IWindow$Stub$Proxy.insetsControlChanged(IWindow.java:495)
08-13 13:45:44.666  2312  9561 W WindowManager: 	at com.android.server.wm.WindowState.notifyInsetsControlChanged(WindowState.java:3812)
08-13 13:45:44.666  2312  9561 W WindowManager: 	at com.android.server.wm.InsetsStateController.lambda$notifyPendingInsetsControlChanged$3(InsetsStateController.java:343)
08-13 13:45:44.666  2312  9561 W WindowManager: 	at com.android.server.wm.InsetsStateController.$r8$lambda$8yykPRG1GyNq_J17QvL9d5xANMc(InsetsStateController.java:0)
08-13 13:45:44.666  2312  9561 W WindowManager: 	at com.android.server.wm.InsetsStateController$$ExternalSyntheticLambda2.run(R8$$SyntheticClass:0)
08-13 13:45:44.666  2312  9561 W WindowManager: 	at com.android.server.wm.WindowAnimator.executeAfterPrepareSurfacesRunnables(WindowAnimator.java:294)
08-13 13:45:44.666  2312  9561 W WindowManager: 	at com.android.server.wm.RootWindowContainer.performSurfacePlacementNoTrace(RootWindowContainer.java:820)
08-13 13:45:44.666  2312  9561 W WindowManager: 	at com.android.server.wm.RootWindowContainer.performSurfacePlacement(RootWindowContainer.java:765)
08-13 13:45:44.666  2312  9561 W WindowManager: 	at com.android.server.wm.WindowSurfacePlacer.performSurfacePlacementLoop(WindowSurfacePlacer.java:177)
08-13 13:45:44.666  2312  9561 W WindowManager: 	at com.android.server.wm.WindowSurfacePlacer.performSurfacePlacement(WindowSurfacePlacer.java:126)
08-13 13:45:44.666  2312  9561 W WindowManager: 	at com.android.server.wm.WindowManagerService.relayoutWindow(WindowManagerService.java:2427)
08-13 13:45:44.666  2312  9561 W WindowManager: 	at com.android.server.wm.Session.relayout(Session.java:249)
08-13 13:45:44.666  2312  9561 W WindowManager: 	at com.android.server.wm.Session.relayoutAsync(Session.java:263)
08-13 13:45:44.666  2312  9561 W WindowManager: 	at android.view.IWindowSession$Stub.onTransact(IWindowSession.java:731)
08-13 13:45:44.666  2312  9561 W WindowManager: 	at com.android.server.wm.Session.onTransact(Session.java:178)
08-13 13:45:44.666  2312  9561 W WindowManager: 	at android.os.Binder.execTransactInternal(Binder.java:1344)
08-13 13:45:44.666  2312  9561 W WindowManager: 	at android.os.Binder.execTransact(Binder.java:1275)
08-13 13:45:44.666  1474  1618 E ANDR-PERF-RESOURCEQS: ANDR-PERF-RESOURCEQS: AddAndApply() 167: Failed to apply optimization [10, 8]
08-13 13:45:44.672  1450  1640 W qdgralloc: Failed to open smmu proxy node = /dev/qti-smmu-proxy, error = No such file or directory
08-13 13:45:44.673  1450  1640 W qdgralloc: Failed to open smmu proxy node = /dev/qti-smmu-proxy, error = No such file or directory
08-13 13:45:44.673  2659  2746 W qdgralloc: getInterlacedFlag: getMetaData returned 3, defaulting to interlaced_flag = 0
08-13 13:45:44.676 18305 18305 I BionicX : profile=wps-office display=1920x1080@144 socket=filesystem
08-13 13:45:44.677  1541  1541 I qspmHal : enter getGpuProf at: -106450459
08-13 13:45:44.677  1541  1541 I qspmHal : PID 18305 from GFX matched.
08-13 13:45:44.677  1541  1541 I qspmHal : gpuProfName:io.taowen.bx-gpu - gpu prof_info.path:/data/vendor/gaming/io.taowen.bx-gpu
08-13 13:45:44.677  1541  1541 E qspmHal : GPU profile file NOT found !!
08-13 13:45:44.678 18305 18324 I AdrenoVK-0: ===== BEGIN DUMP OF OVERRIDDEN SETTINGS =====
08-13 13:45:44.678 18305 18324 I AdrenoVK-0: ===== END DUMP OF OVERRIDDEN SETTINGS =====
08-13 13:45:44.678 18305 18327 D CompatibilityChangeReporter: Compat change id reported: 351566728; UID 10194; state: DISABLED
08-13 13:45:44.679 18305 18305 D nativeloader: Load /data/app/~~5qP5nsu4Y7Tud7TArj4xHg==/io.taowen.bx-_b84dAfAgoDs1Utws59YIA==/lib/arm64/libwinlator.so using class loader ns clns-4 (caller=/data/app/~~5qP5nsu4Y7Tud7TArj4xHg==/io.taowen.bx-_b84dAfAgoDs1Utws59YIA==/base.apk!classes11.dex): ok
08-13 13:45:44.680 18305 18324 I AdrenoVK-0: QUALCOMM build          : 43c70540de, Ibee7afe120
08-13 13:45:44.680 18305 18324 I AdrenoVK-0: Build Date              : 07/17/24
08-13 13:45:44.680 18305 18324 I AdrenoVK-0: Shader Compiler Version : E031.45.02.16
08-13 13:45:44.680 18305 18324 I AdrenoVK-0: Local Branch            : 
08-13 13:45:44.680 18305 18324 I AdrenoVK-0: Remote Branch           : refs/tags/AU_LINUX_ANDROID_LA.VENDOR.14.3.0.11.00.00.973.576
08-13 13:45:44.680 18305 18324 I AdrenoVK-0: Remote Branch           : NONE
08-13 13:45:44.680 18305 18324 I AdrenoVK-0: Reconstruct Branch      : NOTHING
08-13 13:45:44.680 18305 18324 I AdrenoVK-0: Build Config            : S P 16.1.2 AArch64
08-13 13:45:44.680 18305 18324 I AdrenoVK-0: Driver Path             : /vendor/lib64/hw/vulkan.adreno.so
08-13 13:45:44.680 18305 18324 I AdrenoVK-0: Driver Version          : 0762.24
08-13 13:45:44.680 18305 18324 I AdrenoVK-0: PFP                     : 0x01520175
08-13 13:45:44.680 18305 18324 I AdrenoVK-0: ME                      : 0x01520023
08-13 13:45:44.680 18305 18324 I AdrenoVK-0: Application Name    : android framework
08-13 13:45:44.680 18305 18324 I AdrenoVK-0: Application Version : 0x00000000
08-13 13:45:44.680 18305 18324 I AdrenoVK-0: Engine Name         : android framework
08-13 13:45:44.680 18305 18324 I AdrenoVK-0: Engine Version      : 0x00000000
08-13 13:45:44.680 18305 18324 I AdrenoVK-0: Api Version         : 0x00401000
08-13 13:45:44.682 18305 18305 D nativeloader: Load /data/app/~~5qP5nsu4Y7Tud7TArj4xHg==/io.taowen.bx-_b84dAfAgoDs1Utws59YIA==/lib/arm64/libgladiorenderer.so using class loader ns clns-4 (caller=/data/app/~~5qP5nsu4Y7Tud7TArj4xHg==/io.taowen.bx-_b84dAfAgoDs1Utws59YIA==/base.apk!classes8.dex): ok
08-13 13:45:44.686  3921  4196 W qdgralloc: getInterlacedFlag: getMetaData returned 3, defaulting to interlaced_flag = 0
08-13 13:45:44.688 18305 18305 D CompatibilityChangeReporter: Compat change id reported: 237531167; UID 10194; state: DISABLED
08-13 13:45:44.688 18305 18334 I BionicX : runtime DNS servers=1
08-13 13:45:44.689 18305 18305 W OpenGLRenderer: Unknown dataspace 0
08-13 13:45:44.689 18305 18334 I BionicX : launching WPS Office Writer (AArch64): [/data/user/0/io.taowen.bx/files/bin/bionicx-exec, --cwd, /data/user/0/io.taowen.bx/files/rootfs/opt/kingsoft/wps-office/office6, --argv0, wps, --env, DISPLAY=:0, --env, HOME=/data/user/0/io.taowen.bx/files/homes/wps-office, --env, TMPDIR=/data/user/0/io.taowen.bx/files/run/wps-office, --env, XDG_RUNTIME_DIR=/data/user/0/io.taowen.bx/files/run/wps-office/runtime, --env, GCONV_PATH=/data/user/0/io.taowen.bx/files/rootfs/usr/lib/aarch64-linux-gnu/gconv, --env, LANG=C, --env, QT_QPA_PLATFORM=xcb, --env, QT_X11_NO_MITSHM=1, --env, PATH=/data/user/0/io.taowen.bx/files/rootfs/usr/bin:/data/user/0/io.taowen.bx/files/rootfs/bin:/product/bin:/system/bin, --env, BIONICX_OPEN_PDF=/data/user/0/io.taowen.bx/files/rootfs/opt/kingsoft/wps-office/office6/wpspdf, --env, BIONICX_DNS_SERVERS=10.21.198.26, --env, BIONICX_ROOTFS=/data/user/0/io.taowen.bx/files/rootfs, --env, BIONICX_TMPDIR=/data/user/0/io.taowen.bx/cache, --env, FONTCONFIG_PATH=/data/user/0/io.taowen.bx/files/rootfs/etc/fonts, --env, FONTCONFIG_FILE=fonts.conf, --env, FONTCONFIG_SYSROOT=/data/user/0/io.taowen.bx/files/rootfs, --env, LD_PRELOAD=/data/user/0/io.taowen.bx/files/lib/libbionicx-runtime.so, --, /data/user/0/io.taowen.bx/files/rootfs/opt/kingsoft/wps-office/office6/wps]
08-13 13:45:44.690  2312  4446 W WindowManager: Failed looking up window session=Session{d456893 18305:u0a10194} callers=com.android.server.wm.WindowManagerService.windowForClientLocked:6067 com.android.server.wm.Session.updateRequestedVisibleTypes:690 android.view.IWindowSession$Stub.onTransact:1034 
08-13 13:45:44.691  3921  4196 W qdgralloc: getInterlacedFlag: getMetaData returned 3, defaulting to interlaced_flag = 0
08-13 13:45:44.694 18305 18338 I BionicX : bionicx-exec: running untraced pid=18340
08-13 13:45:44.696  2312  6740 D CoreBackPreview: Window{210d9fc u0 io.taowen.bx/com.winlator.BionicXActivity}: Setting back callback OnBackInvokedCallbackInfo{mCallback=android.window.IOnBackInvokedCallback$Stub$Proxy@727c6a6, mPriority=0, mIsAnimationCallback=false}
08-13 13:45:44.704 18305 18330 D libEGL  : loaded /vendor/lib64/egl/libEGL_adreno.so
08-13 13:45:44.706 18305 18330 D libEGL  : loaded /vendor/lib64/egl/libGLESv1_CM_adreno.so
08-13 13:45:44.708 18305 18330 D libEGL  : loaded /vendor/lib64/egl/libGLESv2_adreno.so
08-13 13:45:44.725 18305 18330 I AdrenoGLES-0: QUALCOMM build                   : 43c70540de, Ibee7afe120
08-13 13:45:44.725 18305 18330 I AdrenoGLES-0: Build Date                       : 07/17/24
08-13 13:45:44.725 18305 18330 I AdrenoGLES-0: OpenGL ES Shader Compiler Version: E031.45.02.16
08-13 13:45:44.725 18305 18330 I AdrenoGLES-0: Local Branch                     : 
08-13 13:45:44.725 18305 18330 I AdrenoGLES-0: Remote Branch                    : refs/tags/AU_LINUX_ANDROID_LA.VENDOR.14.3.0.11.00.00.973.576
08-13 13:45:44.725 18305 18330 I AdrenoGLES-0: Remote Branch                    : NONE
08-13 13:45:44.725 18305 18330 I AdrenoGLES-0: Reconstruct Branch               : NOTHING
08-13 13:45:44.725 18305 18330 I AdrenoGLES-0: Build Config                     : S P 16.1.2 AArch64
08-13 13:45:44.725 18305 18330 I AdrenoGLES-0: Driver Path                      : /vendor/lib64/egl/libGLESv2_adreno.so
08-13 13:45:44.725 18305 18330 I AdrenoGLES-0: Driver Version                   : 0762.24
08-13 13:45:44.725 18305 18330 I AdrenoGLES-0: Process Name                     : io.taowen.bx
08-13 13:45:44.726 18305 18330 I AdrenoGLES-0: PFP: 0x01520175, ME: 0x01520023
08-13 13:45:44.728  1541  1541 I qspmHal : enter getGpuProf at: -106450408
08-13 13:45:44.728  1541  1541 I qspmHal : PID 18305 from GFX matched.
08-13 13:45:44.728  1541  1541 I qspmHal : gpuProfName:io.taowen.bx-gpu - gpu prof_info.path:/data/vendor/gaming/io.taowen.bx-gpu
08-13 13:45:44.728  1541  1541 E qspmHal : GPU profile file NOT found !!
08-13 13:45:44.729 18305 18330 I AdrenoUtils: <ReadGpuID:357>: Reading chip ID through GSL
08-13 13:45:44.732   829   829 I hwservicemanager: getTransport: Cannot find entry android.hardware.graphics.allocator@4.0::IAllocator/default in either framework or device VINTF manifest.
08-13 13:45:44.732  1450  1640 W qdgralloc: Failed to open smmu proxy node = /dev/qti-smmu-proxy, error = No such file or directory
08-13 13:45:44.732  1450  1640 W qdgralloc: Failed to open smmu proxy node = /dev/qti-smmu-proxy, error = No such file or directory
08-13 13:45:44.732  1450  1450 W qdgralloc: Failed to open smmu proxy node = /dev/qti-smmu-proxy, error = No such file or directory
08-13 13:45:44.732  1450  1450 W qdgralloc: Failed to open smmu proxy node = /dev/qti-smmu-proxy, error = No such file or directory
08-13 13:45:44.733 18305 18324 W qdgralloc: getInterlacedFlag: getMetaData returned 3, defaulting to interlaced_flag = 0
08-13 13:45:44.741  1450  1450 W qdgralloc: Failed to open smmu proxy node = /dev/qti-smmu-proxy, error = No such file or directory
08-13 13:45:44.741  1450  1450 W qdgralloc: Failed to open smmu proxy node = /dev/qti-smmu-proxy, error = No such file or directory
08-13 13:45:44.743  2312  2360 I ActivityTaskManager: Displayed io.taowen.bx/com.winlator.BionicXActivity for user 0: +279ms
08-13 13:45:44.746  1450  1450 W qdgralloc: Failed to open smmu proxy node = /dev/qti-smmu-proxy, error = No such file or directory
08-13 13:45:44.746  1450  1450 W qdgralloc: Failed to open smmu proxy node = /dev/qti-smmu-proxy, error = No such file or directory
08-13 13:45:44.746 18305 18324 W qdgralloc: getInterlacedFlag: getMetaData returned 3, defaulting to interlaced_flag = 0
08-13 13:45:44.747  1450  1640 W qdgralloc: Failed to open smmu proxy node = /dev/qti-smmu-proxy, error = No such file or directory
08-13 13:45:44.747  1450  1640 W qdgralloc: Failed to open smmu proxy node = /dev/qti-smmu-proxy, error = No such file or directory
08-13 13:45:44.747  2659  2746 W qdgralloc: getInterlacedFlag: getMetaData returned 3, defaulting to interlaced_flag = 0
08-13 13:45:44.752  2312  2789 D InputDispatcher: onFocusChangedLocked
08-13 13:45:44.753  2312  2789 D CompatibilityChangeReporter: Compat change id reported: 214016041; UID 10194; state: DISABLED
08-13 13:45:44.753  2312  2789 I ImeTracker: io.taowen.bx:78c6d162: onRequestHide at ORIGIN_SERVER_HIDE_INPUT reason HIDE_UNSPECIFIED_WINDOW
08-13 13:45:44.753  2312  2789 I ImeTracker: io.taowen.bx:78c6d162: onCancelled at PHASE_SERVER_SHOULD_HIDE
08-13 13:45:44.754  1450  1450 W qdgralloc: Failed to open smmu proxy node = /dev/qti-smmu-proxy, error = No such file or directory
08-13 13:45:44.754  1450  1450 W qdgralloc: Failed to open smmu proxy node = /dev/qti-smmu-proxy, error = No such file or directory
08-13 13:45:44.755  2659  2746 W qdgralloc: getInterlacedFlag: getMetaData returned 3, defaulting to interlaced_flag = 0
08-13 13:45:44.756  5422  5422 I GoogleInputMethodService: GoogleInputMethodService.onFinishInput():2259 
08-13 13:45:44.756  5422  5422 I Module  : DeviceLockedStatusModuleProvider$Module.updateDeviceLockedStatus():103 repeatCheckTimes = 0, locked = false
08-13 13:45:44.756  5422  5422 I GoogleInputMethodService: GoogleInputMethodService.onStartInput():1446 onStartInput(EditorInfo{EditorInfo{packageName=io.taowen.bx, inputType=0, inputTypeString=NULL, enableLearning=false, autoCorrection=false, autoComplete=false, imeOptions=0, privateImeOptions=null, actionName=UNSPECIFIED, actionLabel=null, initialSelStart=-1, initialSelEnd=-1, initialCapsMode=0, label=null, fieldId=0, fieldName=null, extras=null, hintText=null, hintLocales=[]}}, false)
08-13 13:45:44.756  5422  5422 W AndroidIME: LatinIMEBase.updateInputViewCoverNavigation():327 Null input view, cannot update padding!
08-13 13:45:44.756  5422  5422 I Module  : DeviceLockedStatusModuleProvider$Module.updateDeviceLockedStatus():103 repeatCheckTimes = 1, locked = false
08-13 13:45:44.757  2312 20932 W PackageConfigPersister: App-specific configuration not found for packageName: io.taowen.bx and userId: 0
08-13 13:45:44.758  2312  2364 W WindowManager: Failed to deliver inset control state change to w=Window{4259e3e u0 io.taowen.bx/com.winlator.BionicXActivity EXITING}
08-13 13:45:44.758  2312  2364 W WindowManager: android.os.DeadObjectException
08-13 13:45:44.758  2312  2364 W WindowManager: 	at android.os.BinderProxy.transactNative(Native Method)
08-13 13:45:44.758  2312  2364 W WindowManager: 	at android.os.BinderProxy.transact(BinderProxy.java:584)
08-13 13:45:44.758  2312  2364 W WindowManager: 	at android.view.IWindow$Stub$Proxy.insetsControlChanged(IWindow.java:495)
08-13 13:45:44.758  2312  2364 W WindowManager: 	at com.android.server.wm.WindowState.notifyInsetsControlChanged(WindowState.java:3812)
08-13 13:45:44.758  2312  2364 W WindowManager: 	at com.android.server.wm.InsetsStateController.lambda$notifyPendingInsetsControlChanged$3(InsetsStateController.java:343)
08-13 13:45:44.758  2312  2364 W WindowManager: 	at com.android.server.wm.InsetsStateController.$r8$lambda$8yykPRG1GyNq_J17QvL9d5xANMc(InsetsStateController.java:0)
08-13 13:45:44.758  2312  2364 W WindowManager: 	at com.android.server.wm.InsetsStateController$$ExternalSyntheticLambda2.run(R8$$SyntheticClass:0)
08-13 13:45:44.758  2312  2364 W WindowManager: 	at com.android.server.wm.WindowAnimator.executeAfterPrepareSurfacesRunnables(WindowAnimator.java:294)
08-13 13:45:44.758  2312  2364 W WindowManager: 	at com.android.server.wm.RootWindowContainer.performSurfacePlacementNoTrace(RootWindowContainer.java:820)
08-13 13:45:44.758  2312  2364 W WindowManager: 	at com.android.server.wm.RootWindowContainer.performSurfacePlacement(RootWindowContainer.java:765)
08-13 13:45:44.758  2312  2364 W WindowManager: 	at com.android.server.wm.WindowSurfacePlacer.performSurfacePlacementLoop(WindowSurfacePlacer.java:177)
08-13 13:45:44.758  2312  2364 W WindowManager: 	at com.android.server.wm.WindowSurfacePlacer.performSurfacePlacement(WindowSurfacePlacer.java:126)
08-13 13:45:44.758  2312  2364 W WindowManager: 	at com.android.server.wm.WindowSurfacePlacer.performSurfacePlacement(WindowSurfacePlacer.java:115)
08-13 13:45:44.758  2312  2364 W WindowManager: 	at com.android.server.wm.WindowSurfacePlacer$Traverser.run(WindowSurfacePlacer.java:57)
08-13 13:45:44.758  2312  2364 W WindowManager: 	at android.os.Handler.handleCallback(Handler.java:958)
08-13 13:45:44.758  2312  2364 W WindowManager: 	at android.os.Handler.dispatchMessage(Handler.java:99)
08-13 13:45:44.758  2312  2364 W WindowManager: 	at android.os.Looper.loopOnce(Looper.java:205)
08-13 13:45:44.758  2312  2364 W WindowManager: 	at android.os.Looper.loop(Looper.java:294)
08-13 13:45:44.758  2312  2364 W WindowManager: 	at android.os.HandlerThread.run(HandlerThread.java:67)
08-13 13:45:44.758  2312  2364 W WindowManager: 	at com.android.server.ServiceThread.run(ServiceThread.java:46)
08-13 13:45:44.762  1450  1450 W qdgralloc: Failed to open smmu proxy node = /dev/qti-smmu-proxy, error = No such file or directory
08-13 13:45:44.763  1450  1450 W qdgralloc: Failed to open smmu proxy node = /dev/qti-smmu-proxy, error = No such file or directory
08-13 13:45:44.763  2659  2746 W qdgralloc: getInterlacedFlag: getMetaData returned 3, defaulting to interlaced_flag = 0
08-13 13:45:44.780  1442  1625 I ANDR-PWR-OPT: PowerHelper: getNodeData() 196: FPS0.900000 FRAMECOUNT43
08-13 13:45:44.780  1442  1625 I ANDR-PWR-OPT: PowerHelper: getFps() 168: Returned fps value: 0.900000
08-13 13:45:44.788 18305 18332 I WinlatorXRequest: seq=1 opcode=98 data=0 bytes=16
08-13 13:45:44.788 18305 18332 I WinlatorXRequest: seq=2 opcode=156 data=0 bytes=0
08-13 13:45:44.788 18305 18332 I WinlatorXRequest: seq=3 opcode=55 data=0 bytes=16
08-13 13:45:44.788 18305 18332 I WinlatorXRequest: seq=4 opcode=20 data=0 bytes=20
08-13 13:45:44.789 18305 18332 I WinlatorXRequest: seq=5 opcode=98 data=0 bytes=16
08-13 13:45:44.789 18305 18332 I WinlatorXRequest: seq=6 opcode=148 data=0 bytes=4
08-13 13:45:44.789 18305 18332 I WinlatorXRequest: seq=7 opcode=16 data=0 bytes=16
08-13 13:45:44.789 18305 18332 I WinlatorXRequest: seq=8 opcode=16 data=0 bytes=20
08-13 13:45:44.789 18305 18332 I WinlatorXRequest: seq=9 opcode=16 data=0 bytes=20
08-13 13:45:44.789 18305 18332 I WinlatorXRequest: seq=10 opcode=16 data=0 bytes=16
08-13 13:45:44.789 18305 18332 I WinlatorXRequest: seq=11 opcode=16 data=0 bytes=24
08-13 13:45:44.789 18305 18332 I WinlatorXRequest: seq=12 opcode=16 data=0 bytes=24
08-13 13:45:44.789 18305 18332 I WinlatorXRequest: seq=13 opcode=16 data=0 bytes=32
08-13 13:45:44.789 18305 18332 I WinlatorXRequest: seq=14 opcode=16 data=0 bytes=12
08-13 13:45:44.789 18305 18332 I WinlatorXRequest: seq=15 opcode=16 data=0 bytes=28
08-13 13:45:44.790 18305 18332 I WinlatorXRequest: seq=16 opcode=16 data=0 bytes=12
08-13 13:45:44.790 18305 18332 I WinlatorXRequest: seq=17 opcode=16 data=0 bytes=20
08-13 13:45:44.790 18305 18332 I WinlatorXRequest: seq=18 opcode=16 data=0 bytes=12
08-13 13:45:44.790 18305 18332 I WinlatorXRequest: seq=19 opcode=16 data=0 bytes=12
08-13 13:45:44.790 18305 18332 I WinlatorXRequest: seq=20 opcode=16 data=0 bytes=20
08-13 13:45:44.790 18305 18332 I WinlatorXRequest: seq=21 opcode=16 data=0 bytes=20
08-13 13:45:44.790 18305 18332 I WinlatorXRequest: seq=22 opcode=16 data=0 bytes=16
08-13 13:45:44.790 18305 18332 I WinlatorXRequest: seq=23 opcode=16 data=0 bytes=24
08-13 13:45:44.790 18305 18332 I WinlatorXRequest: seq=24 opcode=16 data=0 bytes=16
08-13 13:45:44.790 18305 18332 I WinlatorXRequest: seq=25 opcode=16 data=0 bytes=8
08-13 13:45:44.790 18305 18332 I WinlatorXRequest: seq=26 opcode=16 data=0 bytes=12
08-13 13:45:44.790 18305 18332 I WinlatorXRequest: seq=27 opcode=16 data=0 bytes=12
08-13 13:45:44.790 18305 18332 I WinlatorXRequest: seq=28 opcode=16 data=0 bytes=16
08-13 13:45:44.790 18305 18332 I WinlatorXRequest: seq=29 opcode=16 data=0 bytes=16
08-13 13:45:44.790 18305 18332 I WinlatorXRequest: seq=30 opcode=16 data=0 bytes=20
08-13 13:45:44.790 18305 18332 I WinlatorXRequest: seq=31 opcode=16 data=0 bytes=20
08-13 13:45:44.790 18305 18332 I WinlatorXRequest: seq=32 opcode=16 data=0 bytes=28
08-13 13:45:44.791 18305 18332 I WinlatorXRequest: seq=33 opcode=16 data=0 bytes=28
08-13 13:45:44.791 18305 18332 I WinlatorXRequest: seq=34 opcode=16 data=0 bytes=24
08-13 13:45:44.791 18305 18332 I WinlatorXRequest: seq=35 opcode=16 data=0 bytes=20
08-13 13:45:44.791 18305 18332 I WinlatorXRequest: seq=36 opcode=16 data=0 bytes=16
08-13 13:45:44.791 18305 18332 I WinlatorXRequest: seq=37 opcode=16 data=0 bytes=20
08-13 13:45:44.791 18305 18332 I WinlatorXRequest: seq=38 opcode=16 data=0 bytes=24
08-13 13:45:44.791 18305 18332 I WinlatorXRequest: seq=39 opcode=16 data=0 bytes=24
08-13 13:45:44.791 18305 18332 I WinlatorXRequest: seq=40 opcode=16 data=0 bytes=20
08-13 13:45:44.791 18305 18332 I WinlatorXRequest: seq=41 opcode=16 data=0 bytes=20
08-13 13:45:44.791 18305 18332 I WinlatorXRequest: seq=42 opcode=16 data=0 bytes=28
08-13 13:45:44.791 18305 18332 I WinlatorXRequest: seq=43 opcode=16 data=0 bytes=20
08-13 13:45:44.791 18305 18332 I WinlatorXRequest: seq=44 opcode=16 data=0 bytes=24
08-13 13:45:44.791 18305 18332 I WinlatorXRequest: seq=45 opcode=16 data=0 bytes=20
08-13 13:45:44.791 18305 18332 I WinlatorXRequest: seq=46 opcode=16 data=0 bytes=24
08-13 13:45:44.791 18305 18332 I WinlatorXRequest: seq=47 opcode=16 data=0 bytes=20
08-13 13:45:44.792 18305 18332 I WinlatorXRequest: seq=48 opcode=16 data=0 bytes=28
08-13 13:45:44.792 18305 18332 I WinlatorXRequest: seq=49 opcode=16 data=0 bytes=24
08-13 13:45:44.792 18305 18332 I WinlatorXRequest: seq=50 opcode=16 data=0 bytes=16
08-13 13:45:44.792 18305 18332 I WinlatorXRequest: seq=51 opcode=16 data=0 bytes=24
08-13 13:45:44.792 18305 18332 I WinlatorXRequest: seq=52 opcode=16 data=0 bytes=16
08-13 13:45:44.792 18305 18332 I WinlatorXRequest: seq=53 opcode=16 data=0 bytes=16
08-13 13:45:44.792 18305 18332 I WinlatorXRequest: seq=54 opcode=16 data=0 bytes=28
08-13 13:45:44.792 18305 18332 I WinlatorXRequest: seq=55 opcode=16 data=0 bytes=20
08-13 13:45:44.792 18305 18332 I WinlatorXRequest: seq=56 opcode=16 data=0 bytes=24
08-13 13:45:44.792 18305 18332 I WinlatorXRequest: seq=57 opcode=16 data=0 bytes=24
08-13 13:45:44.792 18305 18332 I WinlatorXRequest: seq=58 opcode=16 data=0 bytes=28
08-13 13:45:44.792 18305 18332 I WinlatorXRequest: seq=59 opcode=16 data=0 bytes=32
08-13 13:45:44.792 18305 18332 I WinlatorXRequest: seq=60 opcode=16 data=0 bytes=32
08-13 13:45:44.792 18305 18332 I WinlatorXRequest: seq=61 opcode=16 data=0 bytes=24
08-13 13:45:44.793 18305 18332 I WinlatorXRequest: seq=62 opcode=16 data=0 bytes=32
08-13 13:45:44.793 18305 18332 I WinlatorXRequest: seq=63 opcode=16 data=0 bytes=36
08-13 13:45:44.793 18305 18332 I WinlatorXRequest: seq=64 opcode=16 data=0 bytes=24
08-13 13:45:44.793 18305 18332 I WinlatorXRequest: seq=65 opcode=16 data=0 bytes=24
08-13 13:45:44.793 18305 18332 I WinlatorXRequest: seq=66 opcode=16 data=0 bytes=28
08-13 13:45:44.793 18305 18332 I WinlatorXRequest: seq=67 opcode=16 data=0 bytes=28
08-13 13:45:44.793 18305 18332 I WinlatorXRequest: seq=68 opcode=16 data=0 bytes=24
08-13 13:45:44.793 18305 18332 I WinlatorXRequest: seq=69 opcode=16 data=0 bytes=32
08-13 13:45:44.793 18305 18332 I WinlatorXRequest: seq=70 opcode=16 data=0 bytes=28
08-13 13:45:44.793 18305 18332 I WinlatorXRequest: seq=71 opcode=16 data=0 bytes=32
08-13 13:45:44.793 18305 18332 I WinlatorXRequest: seq=72 opcode=16 data=0 bytes=28
08-13 13:45:44.793 18305 18332 I WinlatorXRequest: seq=73 opcode=16 data=0 bytes=32
08-13 13:45:44.793 18305 18332 I WinlatorXRequest: seq=74 opcode=16 data=0 bytes=32
08-13 13:45:44.793 18305 18332 I WinlatorXRequest: seq=75 opcode=16 data=0 bytes=32
08-13 13:45:44.794 18305 18332 I WinlatorXRequest: seq=76 opcode=16 data=0 bytes=40
08-13 13:45:44.794 18305 18332 I WinlatorXRequest: seq=77 opcode=16 data=0 bytes=36
08-13 13:45:44.794 18305 18332 I WinlatorXRequest: seq=78 opcode=16 data=0 bytes=32
08-13 13:45:44.794 18305 18332 I WinlatorXRequest: seq=79 opcode=16 data=0 bytes=36
08-13 13:45:44.794 18305 18332 I WinlatorXRequest: seq=80 opcode=16 data=0 bytes=32
08-13 13:45:44.794 18305 18332 I WinlatorXRequest: seq=81 opcode=16 data=0 bytes=28
08-13 13:45:44.794 18305 18332 I WinlatorXRequest: seq=82 opcode=16 data=0 bytes=32
08-13 13:45:44.794 18305 18332 I WinlatorXRequest: seq=83 opcode=16 data=0 bytes=36
08-13 13:45:44.794 18305 18332 I WinlatorXRequest: seq=84 opcode=16 data=0 bytes=28
08-13 13:45:44.794 18305 18332 I WinlatorXRequest: seq=85 opcode=16 data=0 bytes=24
08-13 13:45:44.794 18305 18332 I WinlatorXRequest: seq=86 opcode=16 data=0 bytes=24
08-13 13:45:44.794 18305 18332 I WinlatorXRequest: seq=87 opcode=16 data=0 bytes=28
08-13 13:45:44.794 18305 18332 I WinlatorXRequest: seq=88 opcode=16 data=0 bytes=28
08-13 13:45:44.795 18305 18332 I WinlatorXRequest: seq=89 opcode=16 data=0 bytes=20
08-13 13:45:44.795 18305 18332 I WinlatorXRequest: seq=90 opcode=16 data=0 bytes=28
08-13 13:45:44.795 18305 18332 I WinlatorXRequest: seq=91 opcode=16 data=0 bytes=24
08-13 13:45:44.795 18305 18332 I WinlatorXRequest: seq=92 opcode=16 data=0 bytes=8
08-13 13:45:44.795 18305 18332 I WinlatorXRequest: seq=93 opcode=16 data=0 bytes=16
08-13 13:45:44.795 18305 18332 I WinlatorXRequest: seq=94 opcode=16 data=0 bytes=12
08-13 13:45:44.795 18305 18332 I WinlatorXRequest: seq=95 opcode=16 data=0 bytes=16
08-13 13:45:44.795 18305 18332 I WinlatorXRequest: seq=96 opcode=16 data=0 bytes=16
08-13 13:45:44.795 18305 18332 I WinlatorXRequest: seq=97 opcode=16 data=0 bytes=16
08-13 13:45:44.795 18305 18332 I WinlatorXRequest: seq=98 opcode=16 data=0 bytes=16
08-13 13:45:44.795 18305 18332 I WinlatorXRequest: seq=99 opcode=16 data=0 bytes=12
08-13 13:45:44.795 18305 18332 I WinlatorXRequest: seq=100 opcode=16 data=0 bytes=16
08-13 13:45:44.795 18305 18332 I WinlatorXRequest: seq=101 opcode=16 data=0 bytes=16
08-13 13:45:44.796 18305 18332 I WinlatorXRequest: seq=102 opcode=16 data=0 bytes=20
08-13 13:45:44.796 18305 18332 I WinlatorXRequest: seq=103 opcode=16 data=0 bytes=20
08-13 13:45:44.796 18305 18332 I WinlatorXRequest: seq=104 opcode=16 data=0 bytes=16
08-13 13:45:44.796 18305 18332 I WinlatorXRequest: seq=105 opcode=16 data=0 bytes=16
08-13 13:45:44.796 18305 18332 I WinlatorXRequest: seq=106 opcode=16 data=0 bytes=20
08-13 13:45:44.796 18305 18332 I WinlatorXRequest: seq=107 opcode=16 data=0 bytes=20
08-13 13:45:44.796 18305 18332 I WinlatorXRequest: seq=108 opcode=16 data=0 bytes=20
08-13 13:45:44.796 18305 18332 I WinlatorXRequest: seq=109 opcode=16 data=0 bytes=20
08-13 13:45:44.796 18305 18332 I WinlatorXRequest: seq=110 opcode=16 data=0 bytes=24
08-13 13:45:44.796 18305 18332 I WinlatorXRequest: seq=111 opcode=16 data=0 bytes=20
08-13 13:45:44.796 18305 18332 I WinlatorXRequest: seq=112 opcode=16 data=0 bytes=12
08-13 13:45:44.796 18305 18332 I WinlatorXRequest: seq=113 opcode=16 data=0 bytes=16
08-13 13:45:44.796 18305 18332 I WinlatorXRequest: seq=114 opcode=16 data=0 bytes=16
08-13 13:45:44.797 18305 18332 I WinlatorXRequest: seq=115 opcode=16 data=0 bytes=20
08-13 13:45:44.797 18305 18332 I WinlatorXRequest: seq=116 opcode=16 data=0 bytes=16
08-13 13:45:44.797 18305 18332 I WinlatorXRequest: seq=117 opcode=16 data=0 bytes=20
08-13 13:45:44.797 18305 18332 I WinlatorXRequest: seq=118 opcode=16 data=0 bytes=24
08-13 13:45:44.797 18305 18332 I WinlatorXRequest: seq=119 opcode=16 data=0 bytes=28
08-13 13:45:44.797 18305 18332 I WinlatorXRequest: seq=120 opcode=16 data=0 bytes=28
08-13 13:45:44.797 18305 18332 I WinlatorXRequest: seq=121 opcode=16 data=0 bytes=24
08-13 13:45:44.797 18305 18332 I WinlatorXRequest: seq=122 opcode=16 data=0 bytes=24
08-13 13:45:44.797 18305 18332 I WinlatorXRequest: seq=123 opcode=16 data=0 bytes=24
08-13 13:45:44.797 18305 18332 I WinlatorXRequest: seq=124 opcode=16 data=0 bytes=24
08-13 13:45:44.797 18305 18332 I WinlatorXRequest: seq=125 opcode=16 data=0 bytes=24
08-13 13:45:44.797 18305 18332 I WinlatorXRequest: seq=126 opcode=16 data=0 bytes=20
08-13 13:45:44.797 18305 18332 I WinlatorXRequest: seq=127 opcode=16 data=0 bytes=24
08-13 13:45:44.798 18305 18332 I WinlatorXRequest: seq=128 opcode=16 data=0 bytes=16
08-13 13:45:44.798 18305 18332 I WinlatorXRequest: seq=129 opcode=16 data=0 bytes=12
08-13 13:45:44.798 18305 18332 I WinlatorXRequest: seq=130 opcode=16 data=0 bytes=12
08-13 13:45:44.798 18305 18332 I WinlatorXRequest: seq=131 opcode=16 data=0 bytes=12
08-13 13:45:44.798 18305 18332 I WinlatorXRequest: seq=132 opcode=16 data=0 bytes=12
08-13 13:45:44.798 18305 18332 I WinlatorXRequest: seq=133 opcode=16 data=0 bytes=16
08-13 13:45:44.798 18305 18332 I WinlatorXRequest: seq=134 opcode=16 data=0 bytes=16
08-13 13:45:44.798 18305 18332 I WinlatorXRequest: seq=135 opcode=16 data=0 bytes=16
08-13 13:45:44.798 18305 18332 I WinlatorXRequest: seq=136 opcode=16 data=0 bytes=16
08-13 13:45:44.798 18305 18332 I WinlatorXRequest: seq=137 opcode=16 data=0 bytes=16
08-13 13:45:44.798 18305 18332 I WinlatorXRequest: seq=138 opcode=16 data=0 bytes=20
08-13 13:45:44.799 18305 18332 I WinlatorXRequest: seq=139 opcode=16 data=0 bytes=12
08-13 13:45:44.799 18305 18332 I WinlatorXRequest: seq=140 opcode=16 data=0 bytes=20
08-13 13:45:44.799 18305 18332 I WinlatorXRequest: seq=141 opcode=16 data=0 bytes=20
08-13 13:45:44.799 18305 18332 I WinlatorXRequest: seq=142 opcode=16 data=0 bytes=20
08-13 13:45:44.799 18305 18332 I WinlatorXRequest: seq=143 opcode=16 data=0 bytes=20
08-13 13:45:44.799 18305 18332 I WinlatorXRequest: seq=144 opcode=16 data=0 bytes=24
08-13 13:45:44.799 18305 18332 I WinlatorXRequest: seq=145 opcode=16 data=0 bytes=28
08-13 13:45:44.799 18305 18332 I WinlatorXRequest: seq=146 opcode=16 data=0 bytes=28
08-13 13:45:44.799 18305 18332 I WinlatorXRequest: seq=147 opcode=16 data=0 bytes=32
08-13 13:45:44.799 18305 18332 I WinlatorXRequest: seq=148 opcode=16 data=0 bytes=28
08-13 13:45:44.799 18305 18332 I WinlatorXRequest: seq=149 opcode=16 data=0 bytes=24
08-13 13:45:44.800 18305 18332 I WinlatorXRequest: seq=150 opcode=16 data=0 bytes=16
08-13 13:45:44.800 18305 18332 I WinlatorXRequest: seq=151 opcode=16 data=0 bytes=8
08-13 13:45:44.800 18305 18332 I WinlatorXRequest: seq=152 opcode=16 data=0 bytes=16
08-13 13:45:44.800 18305 18332 I WinlatorXRequest: seq=153 opcode=16 data=0 bytes=32
08-13 13:45:44.800 18305 18332 I WinlatorXRequest: seq=154 opcode=98 data=0 bytes=12
08-13 13:45:44.800 18305 18332 I WinlatorXRequest: seq=155 opcode=98 data=0 bytes=12
08-13 13:45:44.800 18305 18332 I WinlatorXRequest: seq=156 opcode=98 data=0 bytes=12
08-13 13:45:44.800 18305 18332 I WinlatorXRequest: seq=157 opcode=98 data=0 bytes=12
08-13 13:45:44.800 18305 18332 I WinlatorXRequest: seq=158 opcode=98 data=0 bytes=8
08-13 13:45:44.800 18305 18332 I WinlatorXRequest: seq=159 opcode=98 data=0 bytes=12
08-13 13:45:44.800 18305 18332 I WinlatorXRequest: seq=160 opcode=98 data=0 bytes=16
08-13 13:45:44.800 18305 18332 I WinlatorXRequest: seq=161 opcode=98 data=0 bytes=20
08-13 13:45:44.800 18305 18332 I WinlatorXRequest: seq=162 opcode=155 data=0 bytes=0
08-13 13:45:44.801 18305 18332 I WinlatorXRequest: seq=163 opcode=155 data=1 bytes=12
08-13 13:45:44.801 18305 18332 I WinlatorXRequest: seq=164 opcode=43 data=0 bytes=0
08-13 13:45:44.801 18305 18332 I WinlatorXRequest: seq=165 opcode=155 data=2 bytes=4
08-13 13:45:44.801 18305 18332 I WinlatorXRequest: seq=166 opcode=150 data=0 bytes=8
08-13 13:45:44.801 18305 18332 I WinlatorXRequest: seq=167 opcode=151 data=0 bytes=8
08-13 13:45:44.801 18305 18332 I WinlatorXRequest: seq=168 opcode=152 data=0 bytes=8
08-13 13:45:44.801 18305 18332 I WinlatorXRequest: seq=169 opcode=149 data=47 bytes=4
08-13 13:45:44.802 18305 18332 I WinlatorXRequest: seq=170 opcode=148 data=0 bytes=4
08-13 13:45:44.802 18305 18332 I WinlatorXRequest: seq=171 opcode=150 data=4 bytes=8
08-13 13:45:44.802 18305 18332 I WinlatorXRequest: seq=172 opcode=16 data=0 bytes=20
08-13 13:45:44.802 18305 18332 I WinlatorXRequest: seq=173 opcode=23 data=0 bytes=4
08-13 13:45:44.802 18305 18332 I WinlatorXRequest: seq=174 opcode=20 data=0 bytes=20
08-13 13:45:44.802 18305 18332 I WinlatorXRequest: seq=175 opcode=20 data=0 bytes=20
08-13 13:45:44.802 18305 18332 I WinlatorXRequest: seq=176 opcode=3 data=0 bytes=4
08-13 13:45:44.803 18305 18332 I WinlatorXRequest: seq=177 opcode=2 data=0 bytes=12
08-13 13:45:44.803 18305 18332 I WinlatorXRequest: seq=178 opcode=20 data=0 bytes=20
08-13 13:45:44.803 18305 18332 I WinlatorXRequest: seq=179 opcode=150 data=25 bytes=4
08-13 13:45:44.803 18305 18332 I WinlatorXRequest: seq=180 opcode=150 data=31 bytes=4
08-13 13:45:44.803 18305 18332 I WinlatorXRequest: seq=181 opcode=150 data=9 bytes=8
08-13 13:45:44.803 18305 18332 I WinlatorXRequest: seq=182 opcode=150 data=4 bytes=8
08-13 13:45:44.803 18305 18332 I WinlatorXRequest: seq=183 opcode=150 data=20 bytes=8
08-13 13:45:44.803 18305 18332 I WinlatorXRequest: seq=184 opcode=150 data=25 bytes=4
08-13 13:45:44.803 18305 18332 I WinlatorXRequest: seq=185 opcode=45 data=0 bytes=16
08-13 13:45:44.804 18305 18332 I WinlatorXRequest: seq=186 opcode=150 data=15 bytes=24
08-13 13:45:44.804 18305 18332 I WinlatorXRequest: seq=187 opcode=150 data=15 bytes=24
08-13 13:45:44.804 18305 18332 I WinlatorXRequest: seq=188 opcode=150 data=15 bytes=24
08-13 13:45:44.806 18305 18332 I WinlatorXRequest: seq=189 opcode=1 data=0 bytes=28
08-13 13:45:44.807 18305 18332 I WinlatorXRequest: seq=190 opcode=18 data=0 bytes=48
08-13 13:45:44.807 18305 18332 I WinlatorXRequest: seq=191 opcode=18 data=0 bytes=48
08-13 13:45:44.807 18305 18332 I WinlatorXRequest: seq=192 opcode=151 data=2 bytes=12
08-13 13:45:44.807 18305 18332 I WinlatorXRequest: seq=193 opcode=149 data=48 bytes=4
08-13 13:45:44.807 18305 18332 I WinlatorXRequest: seq=194 opcode=149 data=46 bytes=16
08-13 13:45:44.807 18305 18332 I WinlatorXRequest: seq=195 opcode=20 data=0 bytes=20
08-13 13:45:44.807 18305 18332 I WinlatorXRequest: seq=196 opcode=148 data=1 bytes=12
08-13 13:45:44.807 18305 18332 I WinlatorXRequest: seq=197 opcode=43 data=0 bytes=0
08-13 13:45:44.807 18305 18332 I WinlatorXRequest: seq=198 opcode=98 data=0 bytes=16
08-13 13:45:44.807 18305 18332 I WinlatorXRequest: seq=199 opcode=148 data=24 bytes=12
08-13 13:45:44.807 18305 18332 I WinlatorXRequest: seq=200 opcode=148 data=17 bytes=8
08-13 13:45:44.807 18305 18332 I WinlatorXRequest: seq=201 opcode=148 data=8 bytes=24
08-13 13:45:44.808 18305 18332 I WinlatorXRequest: seq=202 opcode=148 data=8 bytes=24
08-13 13:45:44.808 18305 18332 I WinlatorXRequest: seq=203 opcode=148 data=13 bytes=8
08-13 13:45:44.808 18305 18332 I WinlatorXRequest: seq=204 opcode=148 data=10 bytes=8
08-13 13:45:44.808 18305 18332 I WinlatorXRequest: seq=205 opcode=148 data=17 bytes=8
08-13 13:45:44.813 18305 18332 I WinlatorXRequest: seq=206 opcode=148 data=6 bytes=4
08-13 13:45:44.814 18305 18332 I WinlatorXRequest: seq=207 opcode=17 data=0 bytes=4
08-13 13:45:44.814 18305 18332 I WinlatorXRequest: seq=208 opcode=17 data=0 bytes=4
08-13 13:45:44.814 18305 18332 I WinlatorXRequest: seq=209 opcode=17 data=0 bytes=4
08-13 13:45:44.814 18305 18332 I WinlatorXRequest: seq=210 opcode=17 data=0 bytes=4
08-13 13:45:44.814 18305 18332 I WinlatorXRequest: seq=211 opcode=17 data=0 bytes=4
08-13 13:45:44.814 18305 18332 I WinlatorXRequest: seq=212 opcode=17 data=0 bytes=4
08-13 13:45:44.814 18305 18332 I WinlatorXRequest: seq=213 opcode=17 data=0 bytes=4
08-13 13:45:44.814 18305 18332 I WinlatorXRequest: seq=214 opcode=17 data=0 bytes=4
08-13 13:45:44.814 18305 18332 I WinlatorXRequest: seq=215 opcode=17 data=0 bytes=4
08-13 13:45:44.814 18305 18332 I WinlatorXRequest: seq=216 opcode=17 data=0 bytes=4
08-13 13:45:44.814 18305 18332 I WinlatorXRequest: seq=217 opcode=148 data=4 bytes=4
08-13 13:45:44.814 18305 18332 I WinlatorXRequest: seq=218 opcode=151 data=2 bytes=12
08-13 13:45:44.814 18305 18332 I WinlatorXRequest: seq=219 opcode=151 data=2 bytes=12
08-13 13:45:44.814 18305 18332 I WinlatorXRequest: seq=220 opcode=38 data=0 bytes=4
08-13 13:45:44.814 18305 18332 I WinlatorXRequest: seq=221 opcode=43 data=0 bytes=0
08-13 13:45:44.833 18305 18313 I io.taowen.bx: Compiler allocated 4390KB to compile void android.view.ViewRootImpl.performTraversals()
08-13 13:45:44.864 18305 18332 I WinlatorXRequest: seq=222 opcode=101 data=0 bytes=4
08-13 13:45:44.864 18305 18332 I WinlatorXRequest: seq=223 opcode=119 data=0 bytes=0
08-13 13:45:44.894 18305 18332 I WinlatorXRequest: seq=224 opcode=78 data=0 bytes=12
08-13 13:45:44.894 18305 18332 I WinlatorXRequest: seq=225 opcode=1 data=32 bytes=56
08-13 13:45:44.894 18305 18332 I WinlatorXRequest: seq=226 opcode=18 data=0 bytes=92
08-13 13:45:44.894 18305 18332 I WinlatorXRequest: seq=227 opcode=18 data=0 bytes=28
08-13 13:45:44.894 18305 18332 I WinlatorXRequest: seq=228 opcode=18 data=0 bytes=28
08-13 13:45:44.895 18305 18332 I WinlatorXRequest: seq=229 opcode=18 data=0 bytes=24
08-13 13:45:44.895 18305 18332 I WinlatorXRequest: seq=230 opcode=18 data=0 bytes=32
08-13 13:45:44.895 18305 18332 I WinlatorXRequest: seq=231 opcode=1 data=0 bytes=28
08-13 13:45:44.895 18305 18332 I WinlatorXRequest: seq=232 opcode=18 data=0 bytes=24
08-13 13:45:44.895 18305 18332 I WinlatorXRequest: seq=233 opcode=18 data=0 bytes=24
08-13 13:45:44.895 18305 18332 I WinlatorXRequest: seq=234 opcode=18 data=0 bytes=24
08-13 13:45:44.895 18305 18332 I WinlatorXRequest: seq=235 opcode=18 data=0 bytes=56
08-13 13:45:44.895 18305 18332 I WinlatorXRequest: seq=236 opcode=18 data=0 bytes=24
08-13 13:45:44.895 18305 18332 I WinlatorXRequest: seq=237 opcode=18 data=0 bytes=28
08-13 13:45:44.895 18305 18332 I WinlatorXRequest: seq=238 opcode=149 data=46 bytes=16
08-13 13:45:44.895 18305 18332 I WinlatorXRequest: seq=239 opcode=43 data=0 bytes=0
08-13 13:45:44.895 18305 18332 I WinlatorXRequest: seq=240 opcode=2 data=0 bytes=16
08-13 13:45:44.895 18305 18332 I WinlatorXRequest: seq=241 opcode=18 data=0 bytes=32
08-13 13:45:44.895 18305 18332 I WinlatorXRequest: seq=242 opcode=25 data=0 bytes=40
08-13 13:45:44.895 18305 18332 I WinlatorXRequest: seq=243 opcode=25 data=0 bytes=40
08-13 13:45:44.895 18305 18332 I WinlatorXRequest: seq=244 opcode=19 data=0 bytes=8
08-13 13:45:44.895 18305 18332 I WinlatorXRequest: seq=245 opcode=20 data=0 bytes=20
08-13 13:45:44.896 18305 18332 I WinlatorXRequest: seq=246 opcode=18 data=0 bytes=56
08-13 13:45:44.896 18305 18332 I WinlatorXRequest: seq=247 opcode=18 data=0 bytes=24
08-13 13:45:44.896 18305 18332 I WinlatorXRequest: seq=248 opcode=18 data=0 bytes=20
08-13 13:45:44.896 18305 18332 I WinlatorXRequest: seq=249 opcode=43 data=112 bytes=0
08-13 13:45:44.898 18305 18332 I WinlatorXRequest: seq=250 opcode=18 data=0 bytes=24
08-13 13:45:44.898 18305 18332 I WinlatorXRequest: seq=251 opcode=18 data=0 bytes=397652
08-13 13:45:44.924 18305 18332 I WinlatorXRequest: seq=252 opcode=18 data=0 bytes=24
08-13 13:45:44.924 18305 18332 I WinlatorXRequest: seq=253 opcode=18 data=0 bytes=20
08-13 13:45:44.924 18305 18332 I WinlatorXRequest: seq=254 opcode=18 data=0 bytes=20
08-13 13:45:44.924 18305 18332 I WinlatorXRequest: seq=255 opcode=18 data=0 bytes=397652
08-13 13:45:44.936 18305 18332 I WinlatorXRequest: seq=256 opcode=16 data=1 bytes=20
08-13 13:45:44.936 18305 18332 I WinlatorXRequest: seq=257 opcode=23 data=0 bytes=4
08-13 13:45:44.936 18305 18332 W WinlatorXRequest: request error seq=257 major=23 minor=0 code=5 data=0
08-13 13:45:44.937 18305 18332 I WinlatorXRequest: seq=258 opcode=45 data=0 bytes=16
08-13 13:45:44.937 18305 18332 I WinlatorXRequest: seq=259 opcode=94 data=0 bytes=28
08-13 13:45:44.938 18305 18332 I WinlatorXRequest: seq=260 opcode=2 data=0 bytes=12
08-13 13:45:44.938 18305 18332 I WinlatorXRequest: seq=261 opcode=2 data=0 bytes=12
08-13 13:45:44.938 18305 18332 I WinlatorXRequest: seq=262 opcode=18 data=0 bytes=92
08-13 13:45:44.938 18305 18332 I WinlatorXRequest: seq=263 opcode=18 data=0 bytes=24
08-13 13:45:44.938 18305 18332 I WinlatorXRequest: seq=264 opcode=18 data=0 bytes=24
08-13 13:45:44.938 18305 18332 I WinlatorXRequest: seq=265 opcode=20 data=0 bytes=20
08-13 13:45:44.938 18305 18332 I WinlatorXRequest: seq=266 opcode=19 data=0 bytes=8
08-13 13:45:44.939  1450  1450 W qdgralloc: Failed to open smmu proxy node = /dev/qti-smmu-proxy, error = No such file or directory
08-13 13:45:44.939  1450  1450 W qdgralloc: Failed to open smmu proxy node = /dev/qti-smmu-proxy, error = No such file or directory
08-13 13:45:44.939 18305 18332 I WinlatorXRequest: seq=267 opcode=8 data=0 bytes=4
08-13 13:45:44.939 18305 18332 I WinlatorXRequest: seq=268 opcode=53 data=32 bytes=12
08-13 13:45:44.939 18305 18332 I WinlatorXRequest: seq=269 opcode=55 data=0 bytes=12
08-13 13:45:44.940  1450  1450 W qdgralloc: Failed to open smmu proxy node = /dev/qti-smmu-proxy, error = No such file or directory
08-13 13:45:44.940  1450  1450 W qdgralloc: Failed to open smmu proxy node = /dev/qti-smmu-proxy, error = No such file or directory
08-13 13:45:44.942 18305 18332 I WinlatorXRequest: seq=270 opcode=72 data=2 bytes=3255124
08-13 13:45:44.945 18305 18332 I WinlatorXRequest: seq=271 opcode=2 data=0 bytes=12
08-13 13:45:44.945 18305 18332 I WinlatorXRequest: seq=272 opcode=60 data=0 bytes=4
08-13 13:45:44.945 18305 18332 I WinlatorXRequest: seq=273 opcode=54 data=0 bytes=4
08-13 13:45:44.945 18305 18332 I WinlatorXRequest: seq=274 opcode=43 data=0 bytes=0
08-13 13:45:44.946  1583  1927 I ComposerExtn: SmoMoImpl::InsertLayerBuffer: no record found for layer 7495
08-13 13:45:44.946  1583  1927 I ComposerExtn: SmoMoImpl::FrameIsLate: no layer record found for layer 7495
08-13 13:45:44.946 18305 18332 I WinlatorXRequest: seq=275 opcode=155 data=1 bytes=12
08-13 13:45:44.946 18305 18332 I WinlatorXRequest: seq=276 opcode=43 data=0 bytes=0
08-13 13:45:44.948 18305 18332 I WinlatorXRequest: seq=277 opcode=53 data=32 bytes=12
08-13 13:45:44.948 18305 18332 I WinlatorXRequest: seq=278 opcode=55 data=0 bytes=16
08-13 13:45:44.948 18305 18332 I WinlatorXRequest: seq=279 opcode=59 data=3 bytes=16
08-13 13:45:44.949 18305 18332 I WinlatorXRequest: seq=280 opcode=155 data=3 bytes=36
08-13 13:45:44.950 18305 18332 I WinlatorXRequest: seq=281 opcode=56 data=0 bytes=12
08-13 13:45:44.950 18305 18332 I WinlatorXRequest: seq=282 opcode=59 data=3 bytes=16
08-13 13:45:44.950 18305 18332 I WinlatorXRequest: seq=283 opcode=155 data=3 bytes=36
08-13 13:45:44.950 18305 18332 I WinlatorXRequest: seq=284 opcode=56 data=0 bytes=12
08-13 13:45:44.951  1583  1583 I ComposerExtn: SmoMoImpl::FrameIsEarly: no layer record found for layer 7495
08-13 13:45:44.951  1583  1927 I ComposerExtn: SmoMoImpl::InsertLayerBuffer: no record found for layer 7495
08-13 13:45:44.951  1583  1927 I ComposerExtn: SmoMoImpl::FrameIsLate: no layer record found for layer 7495
08-13 13:45:44.951  1583  1583 I ComposerExtn: SmoMoImpl::SetPresentTime: no record found for layer 7495
08-13 13:45:44.953  1583  1776 I ComposerExtn: SmoMoImpl::FrameIsLate: no valid present time for layer 7495
08-13 13:45:44.959 18305 18332 I WinlatorXRequest: seq=285 opcode=1 data=32 bytes=52
08-13 13:45:44.959  1583  1583 I ComposerExtn: SmoMoImpl::FrameIsEarly: no valid present time for layer 7495
08-13 13:45:44.959 18305 18332 I WinlatorXRequest: seq=286 opcode=18 data=0 bytes=92
08-13 13:45:44.960 18305 18332 I WinlatorXRequest: seq=287 opcode=18 data=0 bytes=28
08-13 13:45:44.960 18305 18332 I WinlatorXRequest: seq=288 opcode=18 data=0 bytes=28
08-13 13:45:44.960 18305 18332 I WinlatorXRequest: seq=289 opcode=18 data=0 bytes=24
08-13 13:45:44.960 18305 18332 I WinlatorXRequest: seq=290 opcode=18 data=0 bytes=32
08-13 13:45:44.960 18305 18332 I WinlatorXRequest: seq=291 opcode=18 data=0 bytes=56
08-13 13:45:44.960 18305 18332 I WinlatorXRequest: seq=292 opcode=18 data=0 bytes=24
08-13 13:45:44.960 18305 18332 I WinlatorXRequest: seq=293 opcode=18 data=0 bytes=28
08-13 13:45:44.960 18305 18332 I WinlatorXRequest: seq=294 opcode=149 data=46 bytes=16
08-13 13:45:44.960 18305 18332 I WinlatorXRequest: seq=295 opcode=43 data=0 bytes=0
08-13 13:45:44.960 18305 18332 I WinlatorXRequest: seq=296 opcode=2 data=0 bytes=16
08-13 13:45:44.960 18305 18332 I WinlatorXRequest: seq=297 opcode=18 data=0 bytes=28
08-13 13:45:44.960 18305 18332 I WinlatorXRequest: seq=298 opcode=25 data=0 bytes=40
08-13 13:45:44.960 18305 18332 I WinlatorXRequest: seq=299 opcode=25 data=0 bytes=40
08-13 13:45:44.960 18305 18332 I WinlatorXRequest: seq=300 opcode=18 data=0 bytes=40
08-13 13:45:44.960 18305 18332 I WinlatorXRequest: seq=301 opcode=20 data=0 bytes=20
08-13 13:45:44.960 18305 18332 I WinlatorXRequest: seq=302 opcode=18 data=0 bytes=56
08-13 13:45:44.960 18305 18332 I WinlatorXRequest: seq=303 opcode=18 data=0 bytes=24
08-13 13:45:44.960 18305 18332 I WinlatorXRequest: seq=304 opcode=18 data=0 bytes=20
08-13 13:45:44.960 18305 18332 I WinlatorXRequest: seq=305 opcode=43 data=0 bytes=0
08-13 13:45:44.961 18305 18332 I WinlatorXRequest: seq=306 opcode=18 data=0 bytes=24
08-13 13:45:44.961 18305 18332 I WinlatorXRequest: seq=307 opcode=18 data=0 bytes=397652
08-13 13:45:44.967  1583  1583 I ComposerExtn: SmoMoImpl::FrameIsEarly: no buffer record found for layer 7495, buffer 60932679892430
08-13 13:45:44.976  1583  1583 I ComposerExtn: SmoMoImpl::FrameIsEarly: no buffer record found for layer 7495, buffer 60932682596285
08-13 13:45:44.976 18305 18332 I WinlatorXRequest: seq=308 opcode=18 data=0 bytes=24
08-13 13:45:44.976 18305 18332 I WinlatorXRequest: seq=309 opcode=18 data=0 bytes=20
08-13 13:45:44.976 18305 18332 I WinlatorXRequest: seq=310 opcode=18 data=0 bytes=20
08-13 13:45:44.976 18305 18332 I WinlatorXRequest: seq=311 opcode=1 data=32 bytes=52
08-13 13:45:44.977 18305 18332 I WinlatorXRequest: seq=312 opcode=18 data=0 bytes=92
08-13 13:45:44.977 18305 18332 I WinlatorXRequest: seq=313 opcode=18 data=0 bytes=28
08-13 13:45:44.977 18305 18332 I WinlatorXRequest: seq=314 opcode=18 data=0 bytes=28
08-13 13:45:44.977 18305 18332 I WinlatorXRequest: seq=315 opcode=18 data=0 bytes=24
08-13 13:45:44.977 18305 18332 I WinlatorXRequest: seq=316 opcode=18 data=0 bytes=32
08-13 13:45:44.977 18305 18332 I WinlatorXRequest: seq=317 opcode=18 data=0 bytes=56
08-13 13:45:44.977 18305 18332 I WinlatorXRequest: seq=318 opcode=18 data=0 bytes=24
08-13 13:45:44.977 18305 18332 I WinlatorXRequest: seq=319 opcode=18 data=0 bytes=28
08-13 13:45:44.977 18305 18332 I WinlatorXRequest: seq=320 opcode=149 data=46 bytes=16
08-13 13:45:44.977 18305 18332 I WinlatorXRequest: seq=321 opcode=43 data=0 bytes=0
08-13 13:45:44.977 18305 18332 I WinlatorXRequest: seq=322 opcode=2 data=0 bytes=16
08-13 13:45:44.977 18305 18332 I WinlatorXRequest: seq=323 opcode=18 data=0 bytes=24
08-13 13:45:44.977 18305 18332 I WinlatorXRequest: seq=324 opcode=25 data=0 bytes=40
08-13 13:45:44.977 18305 18332 I WinlatorXRequest: seq=325 opcode=25 data=0 bytes=40
08-13 13:45:44.977 18305 18332 I WinlatorXRequest: seq=326 opcode=18 data=0 bytes=40
08-13 13:45:44.977 18305 18332 I WinlatorXRequest: seq=327 opcode=20 data=0 bytes=20
08-13 13:45:44.977 18305 18332 I WinlatorXRequest: seq=328 opcode=18 data=0 bytes=56
08-13 13:45:44.977 18305 18332 I WinlatorXRequest: seq=329 opcode=18 data=0 bytes=24
08-13 13:45:44.977 18305 18332 I WinlatorXRequest: seq=330 opcode=18 data=0 bytes=20
08-13 13:45:44.977 18305 18332 I WinlatorXRequest: seq=331 opcode=43 data=0 bytes=0
08-13 13:45:44.978 18305 18332 I WinlatorXRequest: seq=332 opcode=18 data=0 bytes=24
08-13 13:45:44.978 18305 18332 I WinlatorXRequest: seq=333 opcode=18 data=0 bytes=20
08-13 13:45:44.978 18305 18332 I WinlatorXRequest: seq=334 opcode=18 data=0 bytes=397652
08-13 13:45:44.990 18305 18332 I WinlatorXRequest: seq=335 opcode=18 data=0 bytes=92
08-13 13:45:44.990 18305 18332 I WinlatorXRequest: seq=336 opcode=12 data=0 bytes=16
08-13 13:45:44.995 18305 18332 I WinlatorXRequest: seq=337 opcode=18 data=0 bytes=20
08-13 13:45:44.995 18305 18332 I WinlatorXRequest: seq=338 opcode=18 data=0 bytes=32
08-13 13:45:45.001 18305 18332 I WinlatorXRequest: seq=339 opcode=18 data=0 bytes=32
08-13 13:45:45.001 18305 18332 I WinlatorXRequest: seq=340 opcode=25 data=0 bytes=40
08-13 13:45:45.001 18305 18332 I WinlatorXRequest: seq=341 opcode=20 data=0 bytes=20
08-13 13:45:45.001 18305 18332 I WinlatorXRequest: seq=342 opcode=18 data=0 bytes=56
08-13 13:45:45.001 18305 18332 I WinlatorXRequest: seq=343 opcode=43 data=0 bytes=0
08-13 13:45:45.015  2659  2726 W WindowOnBackDispatcher: sendCancelIfRunning: isInProgress=falsecallback=android.view.ViewRootImpl$$ExternalSyntheticLambda17@51bb09e
08-13 13:45:45.015  2312  9561 D CoreBackPreview: Window{3c0d204 u0 Splash Screen io.taowen.bx EXITING}: Setting back callback null
08-13 13:45:45.015  2312  2789 W InputManager-JNI: Input channel object '3c0d204 Splash Screen io.taowen.bx (client)' was disposed without first being removed with the input manager!
08-13 13:45:45.023 18305 18332 I WinlatorXRequest: seq=344 opcode=38 data=0 bytes=4
08-13 13:45:45.024 18305 18332 I WinlatorXRequest: seq=345 opcode=38 data=0 bytes=4
08-13 13:45:45.024 18305 18332 I WinlatorXRequest: seq=346 opcode=38 data=0 bytes=4
08-13 13:45:45.024 18305 18332 I WinlatorXRequest: seq=347 opcode=38 data=0 bytes=4
08-13 13:45:45.024 18305 18332 I WinlatorXRequest: seq=348 opcode=38 data=0 bytes=4
08-13 13:45:45.025 18227 18227 W HidlServiceManagement: Waited one second for vendor.qti.diaghal@1.0::Idiag/default
08-13 13:45:45.026   829   829 I hwservicemanager: Since vendor.qti.diaghal@1.0::Idiag/default is not registered, trying to start it as a lazy HAL (if it's not configured to be a lazy HAL, it may be stuck starting or still starting).
08-13 13:45:45.026 18227 18227 I HidlServiceManagement: getService: Trying again for vendor.qti.diaghal@1.0::Idiag/default...
08-13 13:45:45.028   829 18361 W libc    : Unable to set property "ctl.interface_start" to "vendor.qti.diaghal@1.0::Idiag/default": error code: 0x20
08-13 13:45:45.028   829 18361 I hwservicemanager: Tried to start vendor.qti.diaghal@1.0::Idiag/default as a lazy service, but was unable to. Usually this happens when a service is not installed, but if the service is intended to be used as a lazy service, then it may be configured incorrectly.
08-13 13:45:45.089 18305 18332 I WinlatorXRequest: seq=1 opcode=98 data=0 bytes=16
08-13 13:45:45.089 18305 18332 I WinlatorXRequest: seq=2 opcode=156 data=0 bytes=0
08-13 13:45:45.089 18305 18332 I WinlatorXRequest: seq=3 opcode=55 data=0 bytes=16
08-13 13:45:45.089 18305 18332 I WinlatorXRequest: seq=4 opcode=20 data=0 bytes=20
08-13 13:45:45.089 18305 18332 I WinlatorXRequest: seq=5 opcode=98 data=0 bytes=16
08-13 13:45:45.089 18305 18332 I WinlatorXRequest: seq=6 opcode=148 data=0 bytes=4
08-13 13:45:45.089 18305 18332 I WinlatorXRequest: seq=7 opcode=16 data=0 bytes=16
08-13 13:45:45.089 18305 18332 I WinlatorXRequest: seq=8 opcode=16 data=0 bytes=20
08-13 13:45:45.089 18305 18332 I WinlatorXRequest: seq=9 opcode=16 data=0 bytes=20
08-13 13:45:45.089 18305 18332 I WinlatorXRequest: seq=10 opcode=16 data=0 bytes=16
08-13 13:45:45.089 18305 18332 I WinlatorXRequest: seq=11 opcode=16 data=0 bytes=24
08-13 13:45:45.089 18305 18332 I WinlatorXRequest: seq=12 opcode=16 data=0 bytes=24
08-13 13:45:45.089 18305 18332 I WinlatorXRequest: seq=13 opcode=16 data=0 bytes=32
08-13 13:45:45.089 18305 18332 I WinlatorXRequest: seq=14 opcode=16 data=0 bytes=12
08-13 13:45:45.089 18305 18332 I WinlatorXRequest: seq=15 opcode=16 data=0 bytes=28
08-13 13:45:45.089 18305 18332 I WinlatorXRequest: seq=16 opcode=16 data=0 bytes=12
08-13 13:45:45.089 18305 18332 I WinlatorXRequest: seq=17 opcode=16 data=0 bytes=20
08-13 13:45:45.089 18305 18332 I WinlatorXRequest: seq=18 opcode=16 data=0 bytes=12
08-13 13:45:45.089 18305 18332 I WinlatorXRequest: seq=19 opcode=16 data=0 bytes=12
08-13 13:45:45.089 18305 18332 I WinlatorXRequest: seq=20 opcode=16 data=0 bytes=20
08-13 13:45:45.089 18305 18332 I WinlatorXRequest: seq=21 opcode=16 data=0 bytes=20
08-13 13:45:45.089 18305 18332 I WinlatorXRequest: seq=22 opcode=16 data=0 bytes=16
08-13 13:45:45.089 18305 18332 I WinlatorXRequest: seq=23 opcode=16 data=0 bytes=24
08-13 13:45:45.089 18305 18332 I WinlatorXRequest: seq=24 opcode=16 data=0 bytes=16
08-13 13:45:45.089 18305 18332 I WinlatorXRequest: seq=25 opcode=16 data=0 bytes=8
08-13 13:45:45.089 18305 18332 I WinlatorXRequest: seq=26 opcode=16 data=0 bytes=12
08-13 13:45:45.089 18305 18332 I WinlatorXRequest: seq=27 opcode=16 data=0 bytes=12
08-13 13:45:45.089 18305 18332 I WinlatorXRequest: seq=28 opcode=16 data=0 bytes=16
08-13 13:45:45.089 18305 18332 I WinlatorXRequest: seq=29 opcode=16 data=0 bytes=16
08-13 13:45:45.090 18305 18332 I WinlatorXRequest: seq=30 opcode=16 data=0 bytes=20
08-13 13:45:45.090 18305 18332 I WinlatorXRequest: seq=31 opcode=16 data=0 bytes=20
08-13 13:45:45.090 18305 18332 I WinlatorXRequest: seq=32 opcode=16 data=0 bytes=28
08-13 13:45:45.090 18305 18332 I WinlatorXRequest: seq=33 opcode=16 data=0 bytes=28
08-13 13:45:45.090 18305 18332 I WinlatorXRequest: seq=34 opcode=16 data=0 bytes=24
08-13 13:45:45.090 18305 18332 I WinlatorXRequest: seq=35 opcode=16 data=0 bytes=20
08-13 13:45:45.090 18305 18332 I WinlatorXRequest: seq=36 opcode=16 data=0 bytes=16
08-13 13:45:45.090 18305 18332 I WinlatorXRequest: seq=37 opcode=16 data=0 bytes=20
08-13 13:45:45.090 18305 18332 I WinlatorXRequest: seq=38 opcode=16 data=0 bytes=24
08-13 13:45:45.090 18305 18332 I WinlatorXRequest: seq=39 opcode=16 data=0 bytes=24
08-13 13:45:45.090 18305 18332 I WinlatorXRequest: seq=40 opcode=16 data=0 bytes=20
08-13 13:45:45.090 18305 18332 I WinlatorXRequest: seq=41 opcode=16 data=0 bytes=20
08-13 13:45:45.090 18305 18332 I WinlatorXRequest: seq=42 opcode=16 data=0 bytes=28
08-13 13:45:45.090 18305 18332 I WinlatorXRequest: seq=43 opcode=16 data=0 bytes=20
08-13 13:45:45.090 18305 18332 I WinlatorXRequest: seq=44 opcode=16 data=0 bytes=24
08-13 13:45:45.090 18305 18332 I WinlatorXRequest: seq=45 opcode=16 data=0 bytes=20
08-13 13:45:45.090 18305 18332 I WinlatorXRequest: seq=46 opcode=16 data=0 bytes=24
08-13 13:45:45.090 18305 18332 I WinlatorXRequest: seq=47 opcode=16 data=0 bytes=20
08-13 13:45:45.090 18305 18332 I WinlatorXRequest: seq=48 opcode=16 data=0 bytes=28
08-13 13:45:45.090 18305 18332 I WinlatorXRequest: seq=49 opcode=16 data=0 bytes=24
08-13 13:45:45.090 18305 18332 I WinlatorXRequest: seq=50 opcode=16 data=0 bytes=16
08-13 13:45:45.090 18305 18332 I WinlatorXRequest: seq=51 opcode=16 data=0 bytes=24
08-13 13:45:45.090 18305 18332 I WinlatorXRequest: seq=52 opcode=16 data=0 bytes=16
08-13 13:45:45.090 18305 18332 I WinlatorXRequest: seq=53 opcode=16 data=0 bytes=16
08-13 13:45:45.090 18305 18332 I WinlatorXRequest: seq=54 opcode=16 data=0 bytes=28
08-13 13:45:45.090 18305 18332 I WinlatorXRequest: seq=55 opcode=16 data=0 bytes=20
08-13 13:45:45.090 18305 18332 I WinlatorXRequest: seq=56 opcode=16 data=0 bytes=24
08-13 13:45:45.090 18305 18332 I WinlatorXRequest: seq=57 opcode=16 data=0 bytes=24
08-13 13:45:45.090 18305 18332 I WinlatorXRequest: seq=58 opcode=16 data=0 bytes=28
08-13 13:45:45.090 18305 18332 I WinlatorXRequest: seq=59 opcode=16 data=0 bytes=32
08-13 13:45:45.090 18305 18332 I WinlatorXRequest: seq=60 opcode=16 data=0 bytes=32
08-13 13:45:45.090 18305 18332 I WinlatorXRequest: seq=61 opcode=16 data=0 bytes=24
08-13 13:45:45.090 18305 18332 I WinlatorXRequest: seq=62 opcode=16 data=0 bytes=32
08-13 13:45:45.090 18305 18332 I WinlatorXRequest: seq=63 opcode=16 data=0 bytes=36
08-13 13:45:45.090 18305 18332 I WinlatorXRequest: seq=64 opcode=16 data=0 bytes=24
08-13 13:45:45.090 18305 18332 I WinlatorXRequest: seq=65 opcode=16 data=0 bytes=24
08-13 13:45:45.090 18305 18332 I WinlatorXRequest: seq=66 opcode=16 data=0 bytes=28
08-13 13:45:45.090 18305 18332 I WinlatorXRequest: seq=67 opcode=16 data=0 bytes=28
08-13 13:45:45.090 18305 18332 I WinlatorXRequest: seq=68 opcode=16 data=0 bytes=24
08-13 13:45:45.090 18305 18332 I WinlatorXRequest: seq=69 opcode=16 data=0 bytes=32
08-13 13:45:45.091 18305 18332 I WinlatorXRequest: seq=70 opcode=16 data=0 bytes=28
08-13 13:45:45.091 18305 18332 I WinlatorXRequest: seq=71 opcode=16 data=0 bytes=32
08-13 13:45:45.091 18305 18332 I WinlatorXRequest: seq=72 opcode=16 data=0 bytes=28
08-13 13:45:45.091 18305 18332 I WinlatorXRequest: seq=73 opcode=16 data=0 bytes=32
08-13 13:45:45.091 18305 18332 I WinlatorXRequest: seq=74 opcode=16 data=0 bytes=32
08-13 13:45:45.091 18305 18332 I WinlatorXRequest: seq=75 opcode=16 data=0 bytes=32
08-13 13:45:45.091 18305 18332 I WinlatorXRequest: seq=76 opcode=16 data=0 bytes=40
08-13 13:45:45.091 18305 18332 I WinlatorXRequest: seq=77 opcode=16 data=0 bytes=36
08-13 13:45:45.091 18305 18332 I WinlatorXRequest: seq=78 opcode=16 data=0 bytes=32
08-13 13:45:45.091 18305 18332 I WinlatorXRequest: seq=79 opcode=16 data=0 bytes=36
08-13 13:45:45.091 18305 18332 I WinlatorXRequest: seq=80 opcode=16 data=0 bytes=32
08-13 13:45:45.091 18305 18332 I WinlatorXRequest: seq=81 opcode=16 data=0 bytes=28
08-13 13:45:45.091 18305 18332 I WinlatorXRequest: seq=82 opcode=16 data=0 bytes=32
08-13 13:45:45.091 18305 18332 I WinlatorXRequest: seq=83 opcode=16 data=0 bytes=36
08-13 13:45:45.091 18305 18332 I WinlatorXRequest: seq=84 opcode=16 data=0 bytes=28
08-13 13:45:45.091 18305 18332 I WinlatorXRequest: seq=85 opcode=16 data=0 bytes=24
08-13 13:45:45.091 18305 18332 I WinlatorXRequest: seq=86 opcode=16 data=0 bytes=24
08-13 13:45:45.091 18305 18332 I WinlatorXRequest: seq=87 opcode=16 data=0 bytes=28
08-13 13:45:45.091 18305 18332 I WinlatorXRequest: seq=88 opcode=16 data=0 bytes=28
08-13 13:45:45.091 18305 18332 I WinlatorXRequest: seq=89 opcode=16 data=0 bytes=20
08-13 13:45:45.091 18305 18332 I WinlatorXRequest: seq=90 opcode=16 data=0 bytes=28
08-13 13:45:45.091 18305 18332 I WinlatorXRequest: seq=91 opcode=16 data=0 bytes=24
08-13 13:45:45.091 18305 18332 I WinlatorXRequest: seq=92 opcode=16 data=0 bytes=8
08-13 13:45:45.091 18305 18332 I WinlatorXRequest: seq=93 opcode=16 data=0 bytes=16
08-13 13:45:45.091 18305 18332 I WinlatorXRequest: seq=94 opcode=16 data=0 bytes=12
08-13 13:45:45.091 18305 18332 I WinlatorXRequest: seq=95 opcode=16 data=0 bytes=16
08-13 13:45:45.091 18305 18332 I WinlatorXRequest: seq=96 opcode=16 data=0 bytes=16
08-13 13:45:45.091 18305 18332 I WinlatorXRequest: seq=97 opcode=16 data=0 bytes=16
08-13 13:45:45.091 18305 18332 I WinlatorXRequest: seq=98 opcode=16 data=0 bytes=16
08-13 13:45:45.091 18305 18332 I WinlatorXRequest: seq=99 opcode=16 data=0 bytes=12
08-13 13:45:45.091 18305 18332 I WinlatorXRequest: seq=100 opcode=16 data=0 bytes=16
08-13 13:45:45.091 18305 18332 I WinlatorXRequest: seq=101 opcode=16 data=0 bytes=16
08-13 13:45:45.091 18305 18332 I WinlatorXRequest: seq=102 opcode=16 data=0 bytes=20
08-13 13:45:45.091 18305 18332 I WinlatorXRequest: seq=103 opcode=16 data=0 bytes=20
08-13 13:45:45.091 18305 18332 I WinlatorXRequest: seq=104 opcode=16 data=0 bytes=16
08-13 13:45:45.091 18305 18332 I WinlatorXRequest: seq=105 opcode=16 data=0 bytes=16
08-13 13:45:45.092 18305 18332 I WinlatorXRequest: seq=106 opcode=16 data=0 bytes=20
08-13 13:45:45.092 18305 18332 I WinlatorXRequest: seq=107 opcode=16 data=0 bytes=20
08-13 13:45:45.092 18305 18332 I WinlatorXRequest: seq=108 opcode=16 data=0 bytes=20
08-13 13:45:45.092 18305 18332 I WinlatorXRequest: seq=109 opcode=16 data=0 bytes=20
08-13 13:45:45.092 18305 18332 I WinlatorXRequest: seq=110 opcode=16 data=0 bytes=24
08-13 13:45:45.092 18305 18332 I WinlatorXRequest: seq=111 opcode=16 data=0 bytes=20
08-13 13:45:45.092 18305 18332 I WinlatorXRequest: seq=112 opcode=16 data=0 bytes=12
08-13 13:45:45.092 18305 18332 I WinlatorXRequest: seq=113 opcode=16 data=0 bytes=16
08-13 13:45:45.092 18305 18332 I WinlatorXRequest: seq=114 opcode=16 data=0 bytes=16
08-13 13:45:45.092 18305 18332 I WinlatorXRequest: seq=115 opcode=16 data=0 bytes=20
08-13 13:45:45.092 18305 18332 I WinlatorXRequest: seq=116 opcode=16 data=0 bytes=16
08-13 13:45:45.092 18305 18332 I WinlatorXRequest: seq=117 opcode=16 data=0 bytes=20
08-13 13:45:45.092 18305 18332 I WinlatorXRequest: seq=118 opcode=16 data=0 bytes=24
08-13 13:45:45.092 18305 18332 I WinlatorXRequest: seq=119 opcode=16 data=0 bytes=28
08-13 13:45:45.092 18305 18332 I WinlatorXRequest: seq=120 opcode=16 data=0 bytes=28
08-13 13:45:45.092 18305 18332 I WinlatorXRequest: seq=121 opcode=16 data=0 bytes=24
08-13 13:45:45.092 18305 18332 I WinlatorXRequest: seq=122 opcode=16 data=0 bytes=24
08-13 13:45:45.092 18305 18332 I WinlatorXRequest: seq=123 opcode=16 data=0 bytes=24
08-13 13:45:45.092 18305 18332 I WinlatorXRequest: seq=124 opcode=16 data=0 bytes=24
08-13 13:45:45.092 18305 18332 I WinlatorXRequest: seq=125 opcode=16 data=0 bytes=24
08-13 13:45:45.092 18305 18332 I WinlatorXRequest: seq=126 opcode=16 data=0 bytes=20
08-13 13:45:45.092 18305 18332 I WinlatorXRequest: seq=127 opcode=16 data=0 bytes=24
08-13 13:45:45.092 18305 18332 I WinlatorXRequest: seq=128 opcode=16 data=0 bytes=16
08-13 13:45:45.092 18305 18332 I WinlatorXRequest: seq=129 opcode=16 data=0 bytes=12
08-13 13:45:45.092 18305 18332 I WinlatorXRequest: seq=130 opcode=16 data=0 bytes=12
08-13 13:45:45.092 18305 18332 I WinlatorXRequest: seq=131 opcode=16 data=0 bytes=12
08-13 13:45:45.092 18305 18332 I WinlatorXRequest: seq=132 opcode=16 data=0 bytes=12
08-13 13:45:45.092 18305 18332 I WinlatorXRequest: seq=133 opcode=16 data=0 bytes=16
08-13 13:45:45.092 18305 18332 I WinlatorXRequest: seq=134 opcode=16 data=0 bytes=16
08-13 13:45:45.092 18305 18332 I WinlatorXRequest: seq=135 opcode=16 data=0 bytes=16
08-13 13:45:45.092 18305 18332 I WinlatorXRequest: seq=136 opcode=16 data=0 bytes=16
08-13 13:45:45.092 18305 18332 I WinlatorXRequest: seq=137 opcode=16 data=0 bytes=16
08-13 13:45:45.092 18305 18332 I WinlatorXRequest: seq=138 opcode=16 data=0 bytes=20
08-13 13:45:45.092 18305 18332 I WinlatorXRequest: seq=139 opcode=16 data=0 bytes=12
08-13 13:45:45.092 18305 18332 I WinlatorXRequest: seq=140 opcode=16 data=0 bytes=20
08-13 13:45:45.092 18305 18332 I WinlatorXRequest: seq=141 opcode=16 data=0 bytes=20
08-13 13:45:45.092 18305 18332 I WinlatorXRequest: seq=142 opcode=16 data=0 bytes=20
08-13 13:45:45.092 18305 18332 I WinlatorXRequest: seq=143 opcode=16 data=0 bytes=20
08-13 13:45:45.092 18305 18332 I WinlatorXRequest: seq=144 opcode=16 data=0 bytes=24
08-13 13:45:45.092 18305 18332 I WinlatorXRequest: seq=145 opcode=16 data=0 bytes=28
08-13 13:45:45.092 18305 18332 I WinlatorXRequest: seq=146 opcode=16 data=0 bytes=28
08-13 13:45:45.092 18305 18332 I WinlatorXRequest: seq=147 opcode=16 data=0 bytes=32
08-13 13:45:45.092 18305 18332 I WinlatorXRequest: seq=148 opcode=16 data=0 bytes=28
08-13 13:45:45.092 18305 18332 I WinlatorXRequest: seq=149 opcode=16 data=0 bytes=24
08-13 13:45:45.092 18305 18332 I WinlatorXRequest: seq=150 opcode=16 data=0 bytes=16
08-13 13:45:45.092 18305 18332 I WinlatorXRequest: seq=151 opcode=16 data=0 bytes=8
08-13 13:45:45.092 18305 18332 I WinlatorXRequest: seq=152 opcode=16 data=0 bytes=16
08-13 13:45:45.092 18305 18332 I WinlatorXRequest: seq=153 opcode=16 data=0 bytes=32
08-13 13:45:45.093 18305 18332 I WinlatorXRequest: seq=154 opcode=98 data=0 bytes=12
08-13 13:45:45.093 18305 18332 I WinlatorXRequest: seq=155 opcode=98 data=0 bytes=12
08-13 13:45:45.093 18305 18332 I WinlatorXRequest: seq=156 opcode=98 data=0 bytes=12
08-13 13:45:45.093 18305 18332 I WinlatorXRequest: seq=157 opcode=98 data=0 bytes=12
08-13 13:45:45.093 18305 18332 I WinlatorXRequest: seq=158 opcode=98 data=0 bytes=8
08-13 13:45:45.093 18305 18332 I WinlatorXRequest: seq=159 opcode=98 data=0 bytes=12
08-13 13:45:45.093 18305 18332 I WinlatorXRequest: seq=160 opcode=98 data=0 bytes=16
08-13 13:45:45.093 18305 18332 I WinlatorXRequest: seq=161 opcode=98 data=0 bytes=20
08-13 13:45:45.093 18305 18332 I WinlatorXRequest: seq=162 opcode=155 data=0 bytes=0
08-13 13:45:45.093 18305 18332 I WinlatorXRequest: seq=163 opcode=155 data=1 bytes=12
08-13 13:45:45.093 18305 18332 I WinlatorXRequest: seq=164 opcode=43 data=0 bytes=0
08-13 13:45:45.093 18305 18332 I WinlatorXRequest: seq=165 opcode=155 data=2 bytes=4
08-13 13:45:45.093 18305 18332 I WinlatorXRequest: seq=166 opcode=150 data=0 bytes=8
08-13 13:45:45.093 18305 18332 I WinlatorXRequest: seq=167 opcode=151 data=0 bytes=8
08-13 13:45:45.093 18305 18332 I WinlatorXRequest: seq=168 opcode=152 data=0 bytes=8
08-13 13:45:45.093 18305 18332 I WinlatorXRequest: seq=169 opcode=149 data=47 bytes=4
08-13 13:45:45.093 18305 18332 I WinlatorXRequest: seq=170 opcode=148 data=0 bytes=4
08-13 13:45:45.093 18305 18332 I WinlatorXRequest: seq=171 opcode=150 data=4 bytes=8
08-13 13:45:45.093 18305 18332 I WinlatorXRequest: seq=172 opcode=16 data=0 bytes=20
08-13 13:45:45.094 18305 18332 I WinlatorXRequest: seq=173 opcode=23 data=0 bytes=4
08-13 13:45:45.094 18305 18332 I WinlatorXRequest: seq=174 opcode=20 data=0 bytes=20
08-13 13:45:45.094 18305 18332 I WinlatorXRequest: seq=175 opcode=20 data=0 bytes=20
08-13 13:45:45.094 18305 18332 I WinlatorXRequest: seq=176 opcode=3 data=0 bytes=4
08-13 13:45:45.094 18305 18332 I WinlatorXRequest: seq=177 opcode=2 data=0 bytes=12
08-13 13:45:45.094 18305 18332 I WinlatorXRequest: seq=178 opcode=20 data=0 bytes=20
08-13 13:45:45.094 18305 18332 I WinlatorXRequest: seq=179 opcode=150 data=25 bytes=4
08-13 13:45:45.094 18305 18332 I WinlatorXRequest: seq=180 opcode=150 data=31 bytes=4
08-13 13:45:45.094 18305 18332 I WinlatorXRequest: seq=181 opcode=150 data=9 bytes=8
08-13 13:45:45.094 18305 18332 I WinlatorXRequest: seq=182 opcode=150 data=4 bytes=8
08-13 13:45:45.094 18305 18332 I WinlatorXRequest: seq=183 opcode=150 data=20 bytes=8
08-13 13:45:45.094 18305 18332 I WinlatorXRequest: seq=184 opcode=150 data=25 bytes=4
08-13 13:45:45.094 18305 18332 I WinlatorXRequest: seq=185 opcode=45 data=0 bytes=16
08-13 13:45:45.094 18305 18332 I WinlatorXRequest: seq=186 opcode=150 data=15 bytes=24
08-13 13:45:45.094 18305 18332 I WinlatorXRequest: seq=187 opcode=150 data=15 bytes=24
08-13 13:45:45.095 18305 18332 I WinlatorXRequest: seq=188 opcode=150 data=15 bytes=24
08-13 13:45:45.095 18305 18332 I WinlatorXRequest: seq=189 opcode=1 data=0 bytes=28
08-13 13:45:45.095 18305 18332 I WinlatorXRequest: seq=190 opcode=18 data=0 bytes=56
08-13 13:45:45.095 18305 18332 I WinlatorXRequest: seq=191 opcode=18 data=0 bytes=56
08-13 13:45:45.095 18305 18332 I WinlatorXRequest: seq=192 opcode=151 data=2 bytes=12
08-13 13:45:45.095 18305 18332 I WinlatorXRequest: seq=193 opcode=149 data=48 bytes=4
08-13 13:45:45.095 18305 18332 I WinlatorXRequest: seq=194 opcode=149 data=46 bytes=16
08-13 13:45:45.095 18305 18332 I WinlatorXRequest: seq=195 opcode=20 data=0 bytes=20
08-13 13:45:45.096 18305 18332 I WinlatorXRequest: seq=196 opcode=148 data=1 bytes=12
08-13 13:45:45.096 18305 18332 I WinlatorXRequest: seq=197 opcode=43 data=0 bytes=0
08-13 13:45:45.096 18305 18332 I WinlatorXRequest: seq=198 opcode=98 data=0 bytes=16
08-13 13:45:45.096 18305 18332 I WinlatorXRequest: seq=199 opcode=148 data=24 bytes=12
08-13 13:45:45.096 18305 18332 I WinlatorXRequest: seq=200 opcode=148 data=17 bytes=8
08-13 13:45:45.096 18305 18332 I WinlatorXRequest: seq=201 opcode=148 data=8 bytes=24
08-13 13:45:45.096 18305 18332 I WinlatorXRequest: seq=202 opcode=148 data=8 bytes=24
08-13 13:45:45.097 18305 18332 I WinlatorXRequest: seq=203 opcode=148 data=13 bytes=8
08-13 13:45:45.097 18305 18332 I WinlatorXRequest: seq=204 opcode=148 data=10 bytes=8
08-13 13:45:45.097 18305 18332 I WinlatorXRequest: seq=205 opcode=148 data=17 bytes=8
08-13 13:45:45.098 18305 18332 I WinlatorXRequest: seq=206 opcode=148 data=6 bytes=4
08-13 13:45:45.098 18305 18332 I WinlatorXRequest: seq=207 opcode=17 data=0 bytes=4
08-13 13:45:45.098 18305 18332 I WinlatorXRequest: seq=208 opcode=17 data=0 bytes=4
08-13 13:45:45.098 18305 18332 I WinlatorXRequest: seq=209 opcode=17 data=0 bytes=4
08-13 13:45:45.098 18305 18332 I WinlatorXRequest: seq=210 opcode=17 data=0 bytes=4
08-13 13:45:45.098 18305 18332 I WinlatorXRequest: seq=211 opcode=17 data=0 bytes=4
08-13 13:45:45.098 18305 18332 I WinlatorXRequest: seq=212 opcode=17 data=0 bytes=4
08-13 13:45:45.098 18305 18332 I WinlatorXRequest: seq=213 opcode=17 data=0 bytes=4
08-13 13:45:45.098 18305 18332 I WinlatorXRequest: seq=214 opcode=17 data=0 bytes=4
08-13 13:45:45.098 18305 18332 I WinlatorXRequest: seq=215 opcode=17 data=0 bytes=4
08-13 13:45:45.098 18305 18332 I WinlatorXRequest: seq=216 opcode=17 data=0 bytes=4
08-13 13:45:45.098 18305 18332 I WinlatorXRequest: seq=217 opcode=148 data=4 bytes=4
08-13 13:45:45.099 18305 18332 I WinlatorXRequest: seq=218 opcode=151 data=2 bytes=12
08-13 13:45:45.099 18305 18332 I WinlatorXRequest: seq=219 opcode=151 data=2 bytes=12
08-13 13:45:45.099 18305 18332 I WinlatorXRequest: seq=220 opcode=38 data=0 bytes=4
08-13 13:45:45.099 18305 18332 I WinlatorXRequest: seq=221 opcode=43 data=0 bytes=0
08-13 13:45:45.101 18305 18313 I io.taowen.bx: Compiler allocated 5135KB to compile boolean com.winlator.xserver.XClientRequestHandler.handleNormalRequest(com.winlator.xserver.XClient, com.winlator.xconnector.XInputStream, com.winlator.xconnector.XOutputStream)
08-13 13:45:45.101 18305 18332 I WinlatorXRequest: seq=222 opcode=101 data=0 bytes=4
08-13 13:45:45.101 18305 18332 I WinlatorXRequest: seq=223 opcode=119 data=0 bytes=0
08-13 13:45:45.153 18305 18332 I WinlatorXRequest: seq=349 opcode=18 data=0 bytes=92
08-13 13:45:45.153 18305 18332 I WinlatorXRequest: seq=350 opcode=18 data=0 bytes=92
08-13 13:45:45.153 18305 18332 I WinlatorXRequest: seq=351 opcode=12 data=0 bytes=24
08-13 13:45:45.154 18305 18332 I WinlatorXRequest: seq=352 opcode=43 data=0 bytes=0
08-13 13:45:45.154 18305 18332 I WinlatorXRequest: seq=353 opcode=18 data=0 bytes=24
08-13 13:45:45.154 18305 18332 I WinlatorXRequest: seq=354 opcode=8 data=0 bytes=4
08-13 13:45:45.154 18305 18332 I WinlatorXRequest: seq=355 opcode=43 data=0 bytes=0
08-13 13:45:45.154 18305 18332 I WinlatorXRequest: seq=356 opcode=18 data=0 bytes=92
08-13 13:45:45.154 18305 18332 I WinlatorXRequest: seq=357 opcode=12 data=0 bytes=24
08-13 13:45:45.155 18305 18332 I WinlatorXRequest: seq=358 opcode=2 data=0 bytes=12
08-13 13:45:45.155 18305 18332 I WinlatorXRequest: seq=359 opcode=2 data=0 bytes=12
08-13 13:45:45.155 18305 18332 I WinlatorXRequest: seq=360 opcode=18 data=0 bytes=92
08-13 13:45:45.155 18305 18332 I WinlatorXRequest: seq=361 opcode=19 data=0 bytes=8
08-13 13:45:45.155 18305 18332 I WinlatorXRequest: seq=362 opcode=20 data=0 bytes=20
08-13 13:45:45.157 18305 18332 I WinlatorXRequest: seq=363 opcode=18 data=0 bytes=28
08-13 13:45:45.157 18305 18332 I WinlatorXRequest: seq=364 opcode=18 data=0 bytes=24
08-13 13:45:45.157 18305 18332 I WinlatorXRequest: seq=365 opcode=8 data=0 bytes=4
08-13 13:45:45.157 18305 18332 I WinlatorXRequest: seq=366 opcode=43 data=0 bytes=0
08-13 13:45:45.158 18305 18332 I WinlatorXRequest: seq=367 opcode=43 data=0 bytes=0
08-13 13:45:45.173  2659  2692 V WindowManagerShell: Transition animation finished (aborted=false), notifying core (#356)android.os.BinderProxy@e9d1325@0
08-13 13:45:45.173 18305 18332 I WinlatorXRequest: seq=368 opcode=18 data=0 bytes=92
08-13 13:45:45.174 18305 18332 I WinlatorXRequest: seq=369 opcode=43 data=0 bytes=0
08-13 13:45:45.174  2312  2360 V WindowManager: Finish Transition #356: created at 08-13 13:45:44.409 collect-started=0.139ms request-sent=0.3ms started=14.325ms ready=249.372ms sent=253.664ms finished=764.857ms
08-13 13:45:45.175  2312  2789 W WindowManager: Exception thrown during dispatchAppVisibility Window{4259e3e u0 io.taowen.bx/com.winlator.BionicXActivity EXITING}
08-13 13:45:45.175  2312  2789 W WindowManager: android.os.DeadObjectException
08-13 13:45:45.175  2312  2789 W WindowManager: 	at android.os.BinderProxy.transactNative(Native Method)
08-13 13:45:45.175  2312  2789 W WindowManager: 	at android.os.BinderProxy.transact(BinderProxy.java:584)
08-13 13:45:45.175  2312  2789 W WindowManager: 	at android.view.IWindow$Stub$Proxy.dispatchAppVisibility(IWindow.java:562)
08-13 13:45:45.175  2312  2789 W WindowManager: 	at com.android.server.wm.WindowState.sendAppVisibilityToClients(WindowState.java:3281)
08-13 13:45:45.175  2312  2789 W WindowManager: 	at com.android.server.wm.WindowContainer.sendAppVisibilityToClients(WindowContainer.java:1221)
08-13 13:45:45.175  2312  2789 W WindowManager: 	at com.android.server.wm.WindowToken.setClientVisible(WindowToken.java:414)
08-13 13:45:45.175  2312  2789 W WindowManager: 	at com.android.server.wm.ActivityRecord.setClientVisible(ActivityRecord.java:7114)
08-13 13:45:45.175  2312  2789 W WindowManager: 	at com.android.server.wm.ActivityRecord.postApplyAnimation(ActivityRecord.java:5670)
08-13 13:45:45.175  2312  2789 W WindowManager: 	at com.android.server.wm.ActivityRecord.commitVisibility(ActivityRecord.java:5613)
08-13 13:45:45.175  2312  2789 W WindowManager: 	at com.android.server.wm.Transition.finishTransition(Transition.java:1166)
08-13 13:45:45.175  2312  2789 W WindowManager: 	at com.android.server.wm.TransitionController.finishTransition(TransitionController.java:868)
08-13 13:45:45.175  2312  2789 W WindowManager: 	at com.android.server.wm.WindowOrganizerController.finishTransition(WindowOrganizerController.java:396)
08-13 13:45:45.175  2312  2789 W WindowManager: 	at android.window.IWindowOrganizerController$Stub.onTransact(IWindowOrganizerController.java:286)
08-13 13:45:45.175  2312  2789 W WindowManager: 	at com.android.server.wm.WindowOrganizerController.onTransact(WindowOrganizerController.java:181)
08-13 13:45:45.175  2312  2789 W WindowManager: 	at android.os.Binder.execTransactInternal(Binder.java:1344)
08-13 13:45:45.175  2312  2789 W WindowManager: 	at android.os.Binder.execTransact(Binder.java:1275)
08-13 13:45:45.175  2312  2789 I Process : Sending signal. PID: 14555 SIG: 9
08-13 13:45:45.183  2659  2692 V WindowManagerShell: Track 0 became idle
08-13 13:45:45.183  2659  2692 V WindowManagerShell: All active transition animations finished
08-13 13:45:45.183   829   829 I hwservicemanager: getTransport: Cannot find entry vendor.qti.hardware.servicetracker@1.2::IServicetracker/default in either framework or device VINTF manifest.
08-13 13:45:45.184  2312  2363 W ActivityTaskManager: servicetracker HIDL not available
08-13 13:45:45.184  2312  2363 E ActivityTaskManager: Unable to get servicetracker HAL instance
08-13 13:45:45.184   829   829 I hwservicemanager: getTransport: Cannot find entry vendor.qti.hardware.servicetracker@1.2::IServicetracker/default in either framework or device VINTF manifest.
08-13 13:45:45.184  2312  2363 W ActivityTaskManager: servicetracker HIDL not available
08-13 13:45:45.184  2312  2363 E ActivityTaskManager: Unable to get servicetracker HAL instance
08-13 13:45:45.184  2312  2363 W ActivityManager: setHasOverlayUi called on unknown pid: 14555
08-13 13:45:45.184  2754  2764 W DynamicDDSService: appName is not found in cache: com.ayaneo.home
08-13 13:45:45.188 18305 18332 I WinlatorXRequest: seq=370 opcode=43 data=0 bytes=0
08-13 13:45:45.188 18305 18332 I WinlatorXRequest: seq=371 opcode=59 data=3 bytes=16
08-13 13:45:45.189 18305 18332 I WinlatorXRequest: seq=372 opcode=155 data=3 bytes=36
08-13 13:45:45.189 18305 18332 I WinlatorXRequest: seq=373 opcode=56 data=0 bytes=12
08-13 13:45:45.189 18305 18332 I WinlatorXRequest: seq=374 opcode=40 data=0 bytes=12
08-13 13:45:45.190 18305 18332 I WinlatorXRequest: seq=375 opcode=20 data=0 bytes=20
08-13 13:45:45.190 18305 18332 I WinlatorXRequest: seq=376 opcode=18 data=0 bytes=24
08-13 13:45:45.191 18305 18332 I WinlatorXRequest: seq=377 opcode=42 data=2 bytes=8
08-13 13:45:45.191 18305 18332 I WinlatorXRequest: seq=378 opcode=43 data=0 bytes=0
08-13 13:45:45.191 18305 18332 I WinlatorXRequest: seq=379 opcode=43 data=0 bytes=0
08-13 13:45:45.191  3416  5120 I FontLog : (REDACTED) Received query %s, URI %s
08-13 13:45:45.191  3416  5120 I FontLog : (REDACTED) Query [%s] resolved to %s
08-13 13:45:45.191 18305 18332 I WinlatorXRequest: seq=380 opcode=59 data=3 bytes=16
08-13 13:45:45.191 18305 18332 I WinlatorXRequest: seq=381 opcode=155 data=3 bytes=36
08-13 13:45:45.192  3416  5120 I FontLog : (REDACTED) Fetch %s end status %s
08-13 13:45:45.192  1583  1583 E BpTransactionCompletedListener: Failed to transact (-32)
08-13 13:45:45.192  1583  1583 E BpTransactionCompletedListener: Failed to transact (-32)
08-13 13:45:45.194  3416  5120 I FontLog : (REDACTED) Pulling font file for id = %d, cache size = %d
08-13 13:45:45.194 18305 18332 I WinlatorXRequest: seq=382 opcode=56 data=0 bytes=12
08-13 13:45:45.196  3416  5120 I FontLog : (REDACTED) Pulling font file for id = %d, cache size = %d
08-13 13:45:45.184  3855  3855 I Timer-4 : type=1400 audit(0.0:2794738): avc:  denied  { read } for  name="pwm1" dev="sysfs" ino=103506 scontext=u:r:system_app:s0 tcontext=u:object_r:sysfs:s0 tclass=file permissive=1
08-13 13:45:45.184  3855  3855 I Timer-4 : type=1400 audit(0.0:2794739): avc:  denied  { open } for  path="/sys/devices/platform/soc/soc:pwm-fan/hwmon/hwmon0/pwm1" dev="sysfs" ino=103506 scontext=u:r:system_app:s0 tcontext=u:object_r:sysfs:s0 tclass=file permissive=1
08-13 13:45:45.184  3855  3855 I Timer-4 : type=1400 audit(0.0:2794740): avc:  denied  { getattr } for  path="/sys/devices/platform/soc/soc:pwm-fan/hwmon/hwmon0/pwm1" dev="sysfs" ino=103506 scontext=u:r:system_app:s0 tcontext=u:object_r:sysfs:s0 tclass=file permissive=1
08-13 13:45:45.196 18393 18393 I top     : type=1400 audit(0.0:2794741): avc:  denied  { read } for  name="pid_max" dev="proc" ino=5645342 scontext=u:r:system_app:s0 tcontext=u:object_r:proc_pid_max:s0 tclass=file permissive=1
08-13 13:45:45.196 18393 18393 I top     : type=1400 audit(0.0:2794742): avc:  denied  { open } for  path="/proc/sys/kernel/pid_max" dev="proc" ino=5645342 scontext=u:r:system_app:s0 tcontext=u:object_r:proc_pid_max:s0 tclass=file permissive=1
08-13 13:45:45.211 18305 18332 I WinlatorXRequest: seq=383 opcode=15 data=0 bytes=4
08-13 13:45:45.211 18305 18332 I WinlatorXRequest: seq=384 opcode=15 data=0 bytes=4
08-13 13:45:45.211 18305 18332 I WinlatorXRequest: seq=385 opcode=40 data=0 bytes=12
08-13 13:45:45.212 18305 18332 I WinlatorXRequest: seq=386 opcode=14 data=0 bytes=4
08-13 13:45:45.212 18305 18332 I WinlatorXRequest: seq=387 opcode=155 data=1 bytes=12
08-13 13:45:45.212 18305 18332 I WinlatorXRequest: seq=388 opcode=43 data=0 bytes=0
08-13 13:45:45.219  3921  3921 D AutofillManager: view not autofillable - not passing ime action check
08-13 13:45:45.220  3921  3921 D AutofillManager: view not autofillable - not passing ime action check
08-13 13:45:45.234 18305 18332 I WinlatorXRequest: seq=389 opcode=53 data=32 bytes=12
08-13 13:45:45.234 18305 18332 I WinlatorXRequest: seq=390 opcode=38 data=0 bytes=4
08-13 13:45:45.234 18305 18332 I WinlatorXRequest: seq=391 opcode=40 data=0 bytes=12
08-13 13:45:45.255 18305 18332 I WinlatorXRequest: seq=1 opcode=98 data=0 bytes=16
08-13 13:45:45.255 18305 18332 I WinlatorXRequest: seq=2 opcode=156 data=0 bytes=0
08-13 13:45:45.255 18305 18332 I WinlatorXRequest: seq=3 opcode=55 data=0 bytes=16
08-13 13:45:45.255 18305 18332 I WinlatorXRequest: seq=4 opcode=20 data=0 bytes=20
08-13 13:45:45.255 18305 18332 I WinlatorXRequest: seq=5 opcode=98 data=0 bytes=16
08-13 13:45:45.255 18305 18332 I WinlatorXRequest: seq=6 opcode=148 data=0 bytes=4
08-13 13:45:45.255 18305 18332 I WinlatorXRequest: seq=7 opcode=16 data=0 bytes=16
08-13 13:45:45.255 18305 18332 I WinlatorXRequest: seq=8 opcode=16 data=0 bytes=20
08-13 13:45:45.255 18305 18332 I WinlatorXRequest: seq=9 opcode=16 data=0 bytes=20
08-13 13:45:45.255 18305 18332 I WinlatorXRequest: seq=10 opcode=16 data=0 bytes=16
08-13 13:45:45.255 18305 18332 I WinlatorXRequest: seq=11 opcode=16 data=0 bytes=24
08-13 13:45:45.255 18305 18332 I WinlatorXRequest: seq=12 opcode=16 data=0 bytes=24
08-13 13:45:45.255 18305 18332 I WinlatorXRequest: seq=13 opcode=16 data=0 bytes=32
08-13 13:45:45.255 18305 18332 I WinlatorXRequest: seq=14 opcode=16 data=0 bytes=12
08-13 13:45:45.255 18305 18332 I WinlatorXRequest: seq=15 opcode=16 data=0 bytes=28
08-13 13:45:45.255 18305 18332 I WinlatorXRequest: seq=16 opcode=16 data=0 bytes=12
08-13 13:45:45.255 18305 18332 I WinlatorXRequest: seq=17 opcode=16 data=0 bytes=20
08-13 13:45:45.255 18305 18332 I WinlatorXRequest: seq=18 opcode=16 data=0 bytes=12
08-13 13:45:45.255 18305 18332 I WinlatorXRequest: seq=19 opcode=16 data=0 bytes=12
08-13 13:45:45.255 18305 18332 I WinlatorXRequest: seq=20 opcode=16 data=0 bytes=20
08-13 13:45:45.255 18305 18332 I WinlatorXRequest: seq=21 opcode=16 data=0 bytes=20
08-13 13:45:45.255 18305 18332 I WinlatorXRequest: seq=22 opcode=16 data=0 bytes=16
08-13 13:45:45.255 18305 18332 I WinlatorXRequest: seq=23 opcode=16 data=0 bytes=24
08-13 13:45:45.255 18305 18332 I WinlatorXRequest: seq=24 opcode=16 data=0 bytes=16
08-13 13:45:45.255 18305 18332 I WinlatorXRequest: seq=25 opcode=16 data=0 bytes=8
08-13 13:45:45.255 18305 18332 I WinlatorXRequest: seq=26 opcode=16 data=0 bytes=12
08-13 13:45:45.255 18305 18332 I WinlatorXRequest: seq=27 opcode=16 data=0 bytes=12
08-13 13:45:45.255 18305 18332 I WinlatorXRequest: seq=28 opcode=16 data=0 bytes=16
08-13 13:45:45.255 18305 18332 I WinlatorXRequest: seq=29 opcode=16 data=0 bytes=16
08-13 13:45:45.256 18305 18332 I WinlatorXRequest: seq=30 opcode=16 data=0 bytes=20
08-13 13:45:45.256 18305 18332 I WinlatorXRequest: seq=31 opcode=16 data=0 bytes=20
08-13 13:45:45.256 18305 18332 I WinlatorXRequest: seq=32 opcode=16 data=0 bytes=28
08-13 13:45:45.256 18305 18332 I WinlatorXRequest: seq=33 opcode=16 data=0 bytes=28
08-13 13:45:45.256 18305 18332 I WinlatorXRequest: seq=34 opcode=16 data=0 bytes=24
08-13 13:45:45.256 18305 18332 I WinlatorXRequest: seq=35 opcode=16 data=0 bytes=20
08-13 13:45:45.256 18305 18332 I WinlatorXRequest: seq=36 opcode=16 data=0 bytes=16
08-13 13:45:45.256 18305 18332 I WinlatorXRequest: seq=37 opcode=16 data=0 bytes=20
08-13 13:45:45.256 18305 18332 I WinlatorXRequest: seq=38 opcode=16 data=0 bytes=24
08-13 13:45:45.256 18305 18332 I WinlatorXRequest: seq=39 opcode=16 data=0 bytes=24
08-13 13:45:45.256 18305 18332 I WinlatorXRequest: seq=40 opcode=16 data=0 bytes=20
08-13 13:45:45.256 18305 18332 I WinlatorXRequest: seq=41 opcode=16 data=0 bytes=20
08-13 13:45:45.256 18305 18332 I WinlatorXRequest: seq=42 opcode=16 data=0 bytes=28
08-13 13:45:45.256 18305 18332 I WinlatorXRequest: seq=43 opcode=16 data=0 bytes=20
08-13 13:45:45.256 18305 18332 I WinlatorXRequest: seq=44 opcode=16 data=0 bytes=24
08-13 13:45:45.256 18305 18332 I WinlatorXRequest: seq=45 opcode=16 data=0 bytes=20
08-13 13:45:45.256 18305 18332 I WinlatorXRequest: seq=46 opcode=16 data=0 bytes=24
08-13 13:45:45.256 18305 18332 I WinlatorXRequest: seq=47 opcode=16 data=0 bytes=20
08-13 13:45:45.256 18305 18332 I WinlatorXRequest: seq=48 opcode=16 data=0 bytes=28
08-13 13:45:45.256 18305 18332 I WinlatorXRequest: seq=49 opcode=16 data=0 bytes=24
08-13 13:45:45.256 18305 18332 I WinlatorXRequest: seq=50 opcode=16 data=0 bytes=16
08-13 13:45:45.256 18305 18332 I WinlatorXRequest: seq=51 opcode=16 data=0 bytes=24
08-13 13:45:45.256 18305 18332 I WinlatorXRequest: seq=52 opcode=16 data=0 bytes=16
08-13 13:45:45.256 18305 18332 I WinlatorXRequest: seq=53 opcode=16 data=0 bytes=16
08-13 13:45:45.256 18305 18332 I WinlatorXRequest: seq=54 opcode=16 data=0 bytes=28
08-13 13:45:45.256 18305 18332 I WinlatorXRequest: seq=55 opcode=16 data=0 bytes=20
08-13 13:45:45.256 18305 18332 I WinlatorXRequest: seq=56 opcode=16 data=0 bytes=24
08-13 13:45:45.256 18305 18332 I WinlatorXRequest: seq=57 opcode=16 data=0 bytes=24
08-13 13:45:45.256 18305 18332 I WinlatorXRequest: seq=58 opcode=16 data=0 bytes=28
08-13 13:45:45.256 18305 18332 I WinlatorXRequest: seq=59 opcode=16 data=0 bytes=32
08-13 13:45:45.256 18305 18332 I WinlatorXRequest: seq=60 opcode=16 data=0 bytes=32
08-13 13:45:45.256 18305 18332 I WinlatorXRequest: seq=61 opcode=16 data=0 bytes=24
08-13 13:45:45.256 18305 18332 I WinlatorXRequest: seq=62 opcode=16 data=0 bytes=32
08-13 13:45:45.256 18305 18332 I WinlatorXRequest: seq=63 opcode=16 data=0 bytes=36
08-13 13:45:45.256 18305 18332 I WinlatorXRequest: seq=64 opcode=16 data=0 bytes=24
08-13 13:45:45.256 18305 18332 I WinlatorXRequest: seq=65 opcode=16 data=0 bytes=24
08-13 13:45:45.256 18305 18332 I WinlatorXRequest: seq=66 opcode=16 data=0 bytes=28
08-13 13:45:45.256 18305 18332 I WinlatorXRequest: seq=67 opcode=16 data=0 bytes=28
08-13 13:45:45.256 18305 18332 I WinlatorXRequest: seq=68 opcode=16 data=0 bytes=24
08-13 13:45:45.256 18305 18332 I WinlatorXRequest: seq=69 opcode=16 data=0 bytes=32
08-13 13:45:45.256 18305 18332 I WinlatorXRequest: seq=70 opcode=16 data=0 bytes=28
08-13 13:45:45.256 18305 18332 I WinlatorXRequest: seq=71 opcode=16 data=0 bytes=32
08-13 13:45:45.256 18305 18332 I WinlatorXRequest: seq=72 opcode=16 data=0 bytes=28
08-13 13:45:45.256 18305 18332 I WinlatorXRequest: seq=73 opcode=16 data=0 bytes=32
08-13 13:45:45.256 18305 18332 I WinlatorXRequest: seq=74 opcode=16 data=0 bytes=32
08-13 13:45:45.256 18305 18332 I WinlatorXRequest: seq=75 opcode=16 data=0 bytes=32
08-13 13:45:45.256 18305 18332 I WinlatorXRequest: seq=76 opcode=16 data=0 bytes=40
08-13 13:45:45.257 18305 18332 I WinlatorXRequest: seq=77 opcode=16 data=0 bytes=36
08-13 13:45:45.257 18305 18332 I WinlatorXRequest: seq=78 opcode=16 data=0 bytes=32
08-13 13:45:45.257 18305 18332 I WinlatorXRequest: seq=79 opcode=16 data=0 bytes=36
08-13 13:45:45.257 18305 18332 I WinlatorXRequest: seq=80 opcode=16 data=0 bytes=32
08-13 13:45:45.257 18305 18332 I WinlatorXRequest: seq=81 opcode=16 data=0 bytes=28
08-13 13:45:45.257 18305 18332 I WinlatorXRequest: seq=82 opcode=16 data=0 bytes=32
08-13 13:45:45.257 18305 18332 I WinlatorXRequest: seq=83 opcode=16 data=0 bytes=36
08-13 13:45:45.257 18305 18332 I WinlatorXRequest: seq=84 opcode=16 data=0 bytes=28
08-13 13:45:45.257 18305 18332 I WinlatorXRequest: seq=85 opcode=16 data=0 bytes=24
08-13 13:45:45.257 18305 18332 I WinlatorXRequest: seq=86 opcode=16 data=0 bytes=24
08-13 13:45:45.257 18305 18332 I WinlatorXRequest: seq=87 opcode=16 data=0 bytes=28
08-13 13:45:45.257 18305 18332 I WinlatorXRequest: seq=88 opcode=16 data=0 bytes=28
08-13 13:45:45.257 18305 18332 I WinlatorXRequest: seq=89 opcode=16 data=0 bytes=20
08-13 13:45:45.257 18305 18332 I WinlatorXRequest: seq=90 opcode=16 data=0 bytes=28
08-13 13:45:45.257 18305 18332 I WinlatorXRequest: seq=91 opcode=16 data=0 bytes=24
08-13 13:45:45.257 18305 18332 I WinlatorXRequest: seq=92 opcode=16 data=0 bytes=8
08-13 13:45:45.257 18305 18332 I WinlatorXRequest: seq=93 opcode=16 data=0 bytes=16
08-13 13:45:45.257 18305 18332 I WinlatorXRequest: seq=94 opcode=16 data=0 bytes=12
08-13 13:45:45.257 18305 18332 I WinlatorXRequest: seq=95 opcode=16 data=0 bytes=16
08-13 13:45:45.257 18305 18332 I WinlatorXRequest: seq=96 opcode=16 data=0 bytes=16
08-13 13:45:45.257 18305 18332 I WinlatorXRequest: seq=97 opcode=16 data=0 bytes=16
08-13 13:45:45.257 18305 18332 I WinlatorXRequest: seq=98 opcode=16 data=0 bytes=16
08-13 13:45:45.257 18305 18332 I WinlatorXRequest: seq=99 opcode=16 data=0 bytes=12
08-13 13:45:45.257 18305 18332 I WinlatorXRequest: seq=100 opcode=16 data=0 bytes=16
08-13 13:45:45.257 18305 18332 I WinlatorXRequest: seq=101 opcode=16 data=0 bytes=16
08-13 13:45:45.257 18305 18332 I WinlatorXRequest: seq=102 opcode=16 data=0 bytes=20
08-13 13:45:45.257 18305 18332 I WinlatorXRequest: seq=103 opcode=16 data=0 bytes=20
08-13 13:45:45.257 18305 18332 I WinlatorXRequest: seq=104 opcode=16 data=0 bytes=16
08-13 13:45:45.257 18305 18332 I WinlatorXRequest: seq=105 opcode=16 data=0 bytes=16
08-13 13:45:45.257 18305 18332 I WinlatorXRequest: seq=106 opcode=16 data=0 bytes=20
08-13 13:45:45.257 18305 18332 I WinlatorXRequest: seq=107 opcode=16 data=0 bytes=20
08-13 13:45:45.257 18305 18332 I WinlatorXRequest: seq=108 opcode=16 data=0 bytes=20
08-13 13:45:45.257 18305 18332 I WinlatorXRequest: seq=109 opcode=16 data=0 bytes=20
08-13 13:45:45.257 18305 18332 I WinlatorXRequest: seq=110 opcode=16 data=0 bytes=24
08-13 13:45:45.257 18305 18332 I WinlatorXRequest: seq=111 opcode=16 data=0 bytes=20
08-13 13:45:45.257 18305 18332 I WinlatorXRequest: seq=112 opcode=16 data=0 bytes=12
08-13 13:45:45.257 18305 18332 I WinlatorXRequest: seq=113 opcode=16 data=0 bytes=16
08-13 13:45:45.257 18305 18332 I WinlatorXRequest: seq=114 opcode=16 data=0 bytes=16
08-13 13:45:45.257 18305 18332 I WinlatorXRequest: seq=115 opcode=16 data=0 bytes=20
08-13 13:45:45.257 18305 18332 I WinlatorXRequest: seq=116 opcode=16 data=0 bytes=16
08-13 13:45:45.257 18305 18332 I WinlatorXRequest: seq=117 opcode=16 data=0 bytes=20
08-13 13:45:45.257 18305 18332 I WinlatorXRequest: seq=118 opcode=16 data=0 bytes=24
08-13 13:45:45.257 18305 18332 I WinlatorXRequest: seq=119 opcode=16 data=0 bytes=28
08-13 13:45:45.257 18305 18332 I WinlatorXRequest: seq=120 opcode=16 data=0 bytes=28
08-13 13:45:45.257 18305 18332 I WinlatorXRequest: seq=121 opcode=16 data=0 bytes=24
08-13 13:45:45.257 18305 18332 I WinlatorXRequest: seq=122 opcode=16 data=0 bytes=24
08-13 13:45:45.257 18305 18332 I WinlatorXRequest: seq=123 opcode=16 data=0 bytes=24
08-13 13:45:45.257 18305 18332 I WinlatorXRequest: seq=124 opcode=16 data=0 bytes=24
08-13 13:45:45.258 18305 18332 I WinlatorXRequest: seq=125 opcode=16 data=0 bytes=24
08-13 13:45:45.258 18305 18332 I WinlatorXRequest: seq=126 opcode=16 data=0 bytes=20
08-13 13:45:45.258 18305 18332 I WinlatorXRequest: seq=127 opcode=16 data=0 bytes=24
08-13 13:45:45.258 18305 18332 I WinlatorXRequest: seq=128 opcode=16 data=0 bytes=16
08-13 13:45:45.258 18305 18332 I WinlatorXRequest: seq=129 opcode=16 data=0 bytes=12
08-13 13:45:45.258 18305 18332 I WinlatorXRequest: seq=130 opcode=16 data=0 bytes=12
08-13 13:45:45.258 18305 18332 I WinlatorXRequest: seq=131 opcode=16 data=0 bytes=12
08-13 13:45:45.258 18305 18332 I WinlatorXRequest: seq=132 opcode=16 data=0 bytes=12
08-13 13:45:45.258 18305 18332 I WinlatorXRequest: seq=133 opcode=16 data=0 bytes=16
08-13 13:45:45.258 18305 18332 I WinlatorXRequest: seq=134 opcode=16 data=0 bytes=16
08-13 13:45:45.258 18305 18332 I WinlatorXRequest: seq=135 opcode=16 data=0 bytes=16
08-13 13:45:45.258 18305 18332 I WinlatorXRequest: seq=136 opcode=16 data=0 bytes=16
08-13 13:45:45.258 18305 18332 I WinlatorXRequest: seq=137 opcode=16 data=0 bytes=16
08-13 13:45:45.258 18305 18332 I WinlatorXRequest: seq=138 opcode=16 data=0 bytes=20
08-13 13:45:45.258 18305 18332 I WinlatorXRequest: seq=139 opcode=16 data=0 bytes=12
08-13 13:45:45.258 18305 18332 I WinlatorXRequest: seq=140 opcode=16 data=0 bytes=20
08-13 13:45:45.258 18305 18332 I WinlatorXRequest: seq=141 opcode=16 data=0 bytes=20
08-13 13:45:45.258 18305 18332 I WinlatorXRequest: seq=142 opcode=16 data=0 bytes=20
08-13 13:45:45.258 18305 18332 I WinlatorXRequest: seq=143 opcode=16 data=0 bytes=20
08-13 13:45:45.258 18305 18332 I WinlatorXRequest: seq=144 opcode=16 data=0 bytes=24
08-13 13:45:45.258 18305 18332 I WinlatorXRequest: seq=145 opcode=16 data=0 bytes=28
08-13 13:45:45.258 18305 18332 I WinlatorXRequest: seq=146 opcode=16 data=0 bytes=28
08-13 13:45:45.258 18305 18332 I WinlatorXRequest: seq=147 opcode=16 data=0 bytes=32
08-13 13:45:45.258 18305 18332 I WinlatorXRequest: seq=148 opcode=16 data=0 bytes=28
08-13 13:45:45.258 18305 18332 I WinlatorXRequest: seq=149 opcode=16 data=0 bytes=24
08-13 13:45:45.258 18305 18332 I WinlatorXRequest: seq=150 opcode=16 data=0 bytes=16
08-13 13:45:45.258 18305 18332 I WinlatorXRequest: seq=151 opcode=16 data=0 bytes=8
08-13 13:45:45.258 18305 18332 I WinlatorXRequest: seq=152 opcode=16 data=0 bytes=16
08-13 13:45:45.258 18305 18332 I WinlatorXRequest: seq=153 opcode=16 data=0 bytes=32
08-13 13:45:45.258 18305 18332 I WinlatorXRequest: seq=154 opcode=98 data=0 bytes=12
08-13 13:45:45.258 18305 18332 I WinlatorXRequest: seq=155 opcode=98 data=0 bytes=12
08-13 13:45:45.258 18305 18332 I WinlatorXRequest: seq=156 opcode=98 data=0 bytes=12
08-13 13:45:45.258 18305 18332 I WinlatorXRequest: seq=157 opcode=98 data=0 bytes=12
08-13 13:45:45.258 18305 18332 I WinlatorXRequest: seq=158 opcode=98 data=0 bytes=8
08-13 13:45:45.258 18305 18332 I WinlatorXRequest: seq=159 opcode=98 data=0 bytes=12
08-13 13:45:45.258 18305 18332 I WinlatorXRequest: seq=160 opcode=98 data=0 bytes=16
08-13 13:45:45.258 18305 18332 I WinlatorXRequest: seq=161 opcode=98 data=0 bytes=20
08-13 13:45:45.258 18305 18332 I WinlatorXRequest: seq=162 opcode=155 data=0 bytes=0
08-13 13:45:45.259 18305 18332 I WinlatorXRequest: seq=163 opcode=155 data=1 bytes=12
08-13 13:45:45.259 18305 18332 I WinlatorXRequest: seq=164 opcode=43 data=0 bytes=0
08-13 13:45:45.259 18305 18332 I WinlatorXRequest: seq=165 opcode=155 data=2 bytes=4
08-13 13:45:45.259 18305 18332 I WinlatorXRequest: seq=166 opcode=150 data=0 bytes=8
08-13 13:45:45.259 18305 18332 I WinlatorXRequest: seq=167 opcode=151 data=0 bytes=8
08-13 13:45:45.259 18305 18332 I WinlatorXRequest: seq=168 opcode=152 data=0 bytes=8
08-13 13:45:45.259 18305 18332 I WinlatorXRequest: seq=169 opcode=149 data=47 bytes=4
08-13 13:45:45.259 18305 18332 I WinlatorXRequest: seq=170 opcode=148 data=0 bytes=4
08-13 13:45:45.259 18305 18332 I WinlatorXRequest: seq=171 opcode=150 data=4 bytes=8
08-13 13:45:45.259 18305 18332 I WinlatorXRequest: seq=172 opcode=16 data=0 bytes=20
08-13 13:45:45.260 18305 18332 I WinlatorXRequest: seq=173 opcode=23 data=0 bytes=4
08-13 13:45:45.260 18305 18332 I WinlatorXRequest: seq=174 opcode=20 data=0 bytes=20
08-13 13:45:45.260 18305 18332 I WinlatorXRequest: seq=175 opcode=20 data=0 bytes=20
08-13 13:45:45.260 18305 18332 I WinlatorXRequest: seq=176 opcode=3 data=0 bytes=4
08-13 13:45:45.260 18305 18332 I WinlatorXRequest: seq=177 opcode=2 data=0 bytes=12
08-13 13:45:45.260 18305 18332 I WinlatorXRequest: seq=178 opcode=20 data=0 bytes=20
08-13 13:45:45.260 18305 18332 I WinlatorXRequest: seq=179 opcode=150 data=25 bytes=4
08-13 13:45:45.261 18305 18332 I WinlatorXRequest: seq=180 opcode=150 data=31 bytes=4
08-13 13:45:45.261 18305 18332 I WinlatorXRequest: seq=181 opcode=150 data=9 bytes=8
08-13 13:45:45.261 18305 18332 I WinlatorXRequest: seq=182 opcode=150 data=4 bytes=8
08-13 13:45:45.261 18305 18332 I WinlatorXRequest: seq=183 opcode=150 data=20 bytes=8
08-13 13:45:45.261 18305 18332 I WinlatorXRequest: seq=184 opcode=150 data=25 bytes=4
08-13 13:45:45.261 18305 18332 I WinlatorXRequest: seq=185 opcode=45 data=0 bytes=16
08-13 13:45:45.261 18305 18332 I WinlatorXRequest: seq=186 opcode=150 data=15 bytes=24
08-13 13:45:45.261 18305 18332 I WinlatorXRequest: seq=187 opcode=150 data=15 bytes=24
08-13 13:45:45.261 18305 18332 I WinlatorXRequest: seq=188 opcode=150 data=15 bytes=24
08-13 13:45:45.262 18305 18332 I WinlatorXRequest: seq=189 opcode=1 data=0 bytes=28
08-13 13:45:45.262 18305 18332 I WinlatorXRequest: seq=190 opcode=18 data=0 bytes=56
08-13 13:45:45.262 18305 18332 I WinlatorXRequest: seq=191 opcode=18 data=0 bytes=56
08-13 13:45:45.262 18305 18332 I WinlatorXRequest: seq=192 opcode=151 data=2 bytes=12
08-13 13:45:45.262 18305 18332 I WinlatorXRequest: seq=193 opcode=149 data=48 bytes=4
08-13 13:45:45.262 18305 18332 I WinlatorXRequest: seq=194 opcode=149 data=46 bytes=16
08-13 13:45:45.262 18305 18332 I WinlatorXRequest: seq=195 opcode=20 data=0 bytes=20
08-13 13:45:45.262 18305 18332 I WinlatorXRequest: seq=196 opcode=148 data=1 bytes=12
08-13 13:45:45.262 18305 18332 I WinlatorXRequest: seq=197 opcode=43 data=0 bytes=0
08-13 13:45:45.262 18305 18332 I WinlatorXRequest: seq=198 opcode=98 data=0 bytes=16
08-13 13:45:45.262 18305 18332 I WinlatorXRequest: seq=199 opcode=148 data=24 bytes=12
08-13 13:45:45.262 18305 18332 I WinlatorXRequest: seq=200 opcode=148 data=17 bytes=8
08-13 13:45:45.262 18305 18332 I WinlatorXRequest: seq=201 opcode=148 data=8 bytes=24
08-13 13:45:45.263 18305 18332 I WinlatorXRequest: seq=202 opcode=148 data=8 bytes=24
08-13 13:45:45.263 18305 18332 I WinlatorXRequest: seq=203 opcode=148 data=13 bytes=8
08-13 13:45:45.263 18305 18332 I WinlatorXRequest: seq=204 opcode=148 data=10 bytes=8
08-13 13:45:45.263 18305 18332 I WinlatorXRequest: seq=205 opcode=148 data=17 bytes=8
08-13 13:45:45.265 18305 18332 I WinlatorXRequest: seq=206 opcode=148 data=6 bytes=4
08-13 13:45:45.265 18305 18332 I WinlatorXRequest: seq=207 opcode=17 data=0 bytes=4
08-13 13:45:45.265 18305 18332 I WinlatorXRequest: seq=208 opcode=17 data=0 bytes=4
08-13 13:45:45.265 18305 18332 I WinlatorXRequest: seq=209 opcode=17 data=0 bytes=4
08-13 13:45:45.265 18305 18332 I WinlatorXRequest: seq=210 opcode=17 data=0 bytes=4
08-13 13:45:45.265 18305 18332 I WinlatorXRequest: seq=211 opcode=17 data=0 bytes=4
08-13 13:45:45.265 18305 18332 I WinlatorXRequest: seq=212 opcode=17 data=0 bytes=4
08-13 13:45:45.265 18305 18332 I WinlatorXRequest: seq=213 opcode=17 data=0 bytes=4
08-13 13:45:45.265 18305 18332 I WinlatorXRequest: seq=214 opcode=17 data=0 bytes=4
08-13 13:45:45.265 18305 18332 I WinlatorXRequest: seq=215 opcode=17 data=0 bytes=4
08-13 13:45:45.265 18305 18332 I WinlatorXRequest: seq=216 opcode=17 data=0 bytes=4
08-13 13:45:45.265 18305 18332 I WinlatorXRequest: seq=217 opcode=148 data=4 bytes=4
08-13 13:45:45.265 18305 18332 I WinlatorXRequest: seq=218 opcode=151 data=2 bytes=12
08-13 13:45:45.265 18305 18332 I WinlatorXRequest: seq=219 opcode=151 data=2 bytes=12
08-13 13:45:45.265 18305 18332 I WinlatorXRequest: seq=220 opcode=38 data=0 bytes=4
08-13 13:45:45.265 18305 18332 I WinlatorXRequest: seq=221 opcode=43 data=0 bytes=0
08-13 13:45:45.268 18305 18332 I WinlatorXRequest: seq=222 opcode=101 data=0 bytes=4
08-13 13:45:45.269 18305 18332 I WinlatorXRequest: seq=223 opcode=119 data=0 bytes=0
08-13 13:45:45.274 18305 18339 I BionicX : malloc(): corrupted top size
08-13 13:45:45.279 18305 18332 E WinlatorXConnector: readMoreData=0 fd=140
08-13 13:45:45.279 18305 18339 I BionicX : bionicx-exec: session child pid=18385 exited status=0x6
08-13 13:45:45.280  1442  1625 I ANDR-PWR-OPT: PowerHelper: getNodeData() 196: FPS2.100000 FRAMECOUNT95
08-13 13:45:45.280  1442  1625 I ANDR-PWR-OPT: PowerHelper: getFps() 168: Returned fps value: 2.100000
08-13 13:45:45.281  1451  1717 I SDM     : DisplayBase::CommitThread: Received idle timeout, panel: video, timeout: 70000 us
08-13 13:45:45.287  2312  8197 W qdgralloc: getInterlacedFlag: getMetaData returned 3, defaulting to interlaced_flag = 0
08-13 13:45:45.299 18305 18332 I WinlatorXRequest: seq=392 opcode=55 data=0 bytes=16
08-13 13:45:45.299 18305 18332 I WinlatorXRequest: seq=393 opcode=59 data=3 bytes=16
08-13 13:45:45.299 18305 18332 I WinlatorXRequest: seq=394 opcode=155 data=3 bytes=36
08-13 13:45:45.302 18305 18332 I WinlatorXRequest: seq=395 opcode=56 data=0 bytes=12
08-13 13:45:45.302  1451  1717 I SDM     : HWDeviceDRM::SetupConcurrentWriteback: Tear down the Concurrent Writeback topology
08-13 13:45:45.302 18305 18332 I WinlatorXRequest: seq=396 opcode=60 data=0 bytes=4
08-13 13:45:45.302 18305 18332 I WinlatorXRequest: seq=397 opcode=55 data=0 bytes=16
08-13 13:45:45.302 18305 18332 I WinlatorXRequest: seq=398 opcode=59 data=3 bytes=16
08-13 13:45:45.303 18305 18332 I WinlatorXRequest: seq=399 opcode=155 data=3 bytes=36
08-13 13:45:45.306 18305 18332 I WinlatorXRequest: seq=400 opcode=56 data=0 bytes=12
08-13 13:45:45.306 18305 18332 I WinlatorXRequest: seq=401 opcode=15 data=0 bytes=4
08-13 13:45:45.307 18305 18332 I WinlatorXRequest: seq=402 opcode=40 data=0 bytes=12
08-13 13:45:45.307 18305 18332 I WinlatorXRequest: seq=403 opcode=14 data=0 bytes=4
08-13 13:45:45.307 18305 18332 I WinlatorXRequest: seq=404 opcode=60 data=0 bytes=4
08-13 13:45:45.307 18305 18332 I WinlatorXRequest: seq=405 opcode=55 data=0 bytes=16
08-13 13:45:45.307 18305 18332 I WinlatorXRequest: seq=406 opcode=59 data=3 bytes=16
08-13 13:45:45.307 18305 18332 I WinlatorXRequest: seq=407 opcode=155 data=3 bytes=36
08-13 13:45:45.308 18305 18332 I WinlatorXRequest: seq=408 opcode=56 data=0 bytes=12
08-13 13:45:45.312 18305 18332 I WinlatorXRequest: seq=409 opcode=60 data=0 bytes=4
08-13 13:45:45.312 18305 18332 I WinlatorXRequest: seq=410 opcode=55 data=0 bytes=16
08-13 13:45:45.312 18305 18332 I WinlatorXRequest: seq=411 opcode=59 data=3 bytes=16
08-13 13:45:45.312 18305 18332 I WinlatorXRequest: seq=412 opcode=155 data=3 bytes=36
08-13 13:45:45.312 18305 18332 I WinlatorXRequest: seq=413 opcode=56 data=0 bytes=12
08-13 13:45:45.312 18305 18332 I WinlatorXRequest: seq=414 opcode=10 data=0 bytes=4
08-13 13:45:45.313 18305 18332 I WinlatorXRequest: seq=415 opcode=25 data=0 bytes=40
08-13 13:45:45.313 18305 18332 I WinlatorXRequest: seq=416 opcode=60 data=0 bytes=4
08-13 13:45:45.313 18305 18332 I WinlatorXRequest: seq=417 opcode=55 data=0 bytes=16
08-13 13:45:45.313 18305 18332 I WinlatorXRequest: seq=418 opcode=59 data=3 bytes=16
08-13 13:45:45.313 18305 18332 I WinlatorXRequest: seq=419 opcode=155 data=3 bytes=36
08-13 13:45:45.313 18305 18332 I WinlatorXRequest: seq=420 opcode=56 data=0 bytes=12
08-13 13:45:45.359 18305 18332 I WinlatorXRequest: seq=421 opcode=1 data=32 bytes=52
08-13 13:45:45.359 18305 18332 I WinlatorXRequest: seq=422 opcode=18 data=0 bytes=92
08-13 13:45:45.359 18305 18332 I WinlatorXRequest: seq=423 opcode=18 data=0 bytes=28
08-13 13:45:45.359 18305 18332 I WinlatorXRequest: seq=424 opcode=18 data=0 bytes=28
08-13 13:45:45.359 18305 18332 I WinlatorXRequest: seq=425 opcode=18 data=0 bytes=24
08-13 13:45:45.359 18305 18332 I WinlatorXRequest: seq=426 opcode=18 data=0 bytes=32
08-13 13:45:45.359 18305 18332 I WinlatorXRequest: seq=427 opcode=18 data=0 bytes=56
08-13 13:45:45.359 18305 18332 I WinlatorXRequest: seq=428 opcode=18 data=0 bytes=24
08-13 13:45:45.359 18305 18332 I WinlatorXRequest: seq=429 opcode=18 data=0 bytes=28
08-13 13:45:45.359 18305 18332 I WinlatorXRequest: seq=430 opcode=149 data=46 bytes=16
08-13 13:45:45.360 18305 18332 I WinlatorXRequest: seq=431 opcode=43 data=0 bytes=0
08-13 13:45:45.360 18305 18332 I WinlatorXRequest: seq=432 opcode=2 data=0 bytes=16
08-13 13:45:45.360 18305 18332 I WinlatorXRequest: seq=433 opcode=18 data=0 bytes=28
08-13 13:45:45.360 18305 18332 I WinlatorXRequest: seq=434 opcode=25 data=0 bytes=40
08-13 13:45:45.360 18305 18332 I WinlatorXRequest: seq=435 opcode=25 data=0 bytes=40
08-13 13:45:45.360 18305 18332 I WinlatorXRequest: seq=436 opcode=18 data=0 bytes=40
08-13 13:45:45.360 18305 18332 I WinlatorXRequest: seq=437 opcode=20 data=0 bytes=20
08-13 13:45:45.360 18305 18332 I WinlatorXRequest: seq=438 opcode=18 data=0 bytes=56
08-13 13:45:45.360 18305 18332 I WinlatorXRequest: seq=439 opcode=18 data=0 bytes=24
08-13 13:45:45.360 18305 18332 I WinlatorXRequest: seq=440 opcode=18 data=0 bytes=20
08-13 13:45:45.360 18305 18332 I WinlatorXRequest: seq=441 opcode=43 data=80 bytes=0
08-13 13:45:45.360 18305 18332 I WinlatorXRequest: seq=442 opcode=18 data=0 bytes=24
08-13 13:45:45.360 18305 18332 I WinlatorXRequest: seq=443 opcode=18 data=0 bytes=397652
08-13 13:45:45.376 18305 18332 I WinlatorXRequest: seq=444 opcode=18 data=0 bytes=24
08-13 13:45:45.376 18305 18332 I WinlatorXRequest: seq=445 opcode=18 data=0 bytes=20
08-13 13:45:45.376 18305 18332 I WinlatorXRequest: seq=446 opcode=18 data=0 bytes=20
08-13 13:45:45.377 18305 18332 I WinlatorXRequest: seq=447 opcode=18 data=0 bytes=397652
08-13 13:45:45.421 18305 18332 I WinlatorXRequest: seq=448 opcode=40 data=0 bytes=12
08-13 13:45:45.424 18305 18332 I WinlatorXRequest: seq=449 opcode=40 data=0 bytes=12
08-13 13:45:45.424 18305 18332 I WinlatorXRequest: seq=450 opcode=40 data=0 bytes=12
08-13 13:45:45.424 18305 18332 I WinlatorXRequest: seq=451 opcode=40 data=0 bytes=12
08-13 13:45:45.426 18305 18332 I WinlatorXRequest: seq=224 opcode=78 data=0 bytes=12
08-13 13:45:45.426 18305 18332 I WinlatorXRequest: seq=225 opcode=1 data=32 bytes=56
08-13 13:45:45.426 18305 18332 I WinlatorXRequest: seq=226 opcode=18 data=0 bytes=92
08-13 13:45:45.426 18305 18332 I WinlatorXRequest: seq=227 opcode=18 data=0 bytes=28
08-13 13:45:45.426 18305 18332 I WinlatorXRequest: seq=228 opcode=18 data=0 bytes=40
08-13 13:45:45.426 18305 18332 I WinlatorXRequest: seq=229 opcode=18 data=0 bytes=24
08-13 13:45:45.426 18305 18332 I WinlatorXRequest: seq=230 opcode=18 data=0 bytes=32
08-13 13:45:45.426 18305 18332 I WinlatorXRequest: seq=231 opcode=1 data=0 bytes=28
08-13 13:45:45.426 18305 18332 I WinlatorXRequest: seq=232 opcode=18 data=0 bytes=24
08-13 13:45:45.426 18305 18332 I WinlatorXRequest: seq=233 opcode=18 data=0 bytes=24
08-13 13:45:45.426 18305 18332 I WinlatorXRequest: seq=234 opcode=18 data=0 bytes=24
08-13 13:45:45.426 18305 18332 I WinlatorXRequest: seq=235 opcode=18 data=0 bytes=56
08-13 13:45:45.426 18305 18332 I WinlatorXRequest: seq=236 opcode=18 data=0 bytes=24
08-13 13:45:45.426 18305 18332 I WinlatorXRequest: seq=237 opcode=18 data=0 bytes=28
08-13 13:45:45.426 18305 18332 I WinlatorXRequest: seq=238 opcode=149 data=46 bytes=16
08-13 13:45:45.426 18305 18332 I WinlatorXRequest: seq=239 opcode=43 data=0 bytes=0
08-13 13:45:45.426 18305 18332 I WinlatorXRequest: seq=452 opcode=40 data=0 bytes=12
08-13 13:45:45.426 18305 18332 I WinlatorXRequest: seq=240 opcode=2 data=0 bytes=16
08-13 13:45:45.426 18305 18332 I WinlatorXRequest: seq=241 opcode=18 data=0 bytes=36
08-13 13:45:45.426 18305 18332 I WinlatorXRequest: seq=242 opcode=25 data=0 bytes=40
08-13 13:45:45.426 18305 18332 I WinlatorXRequest: seq=243 opcode=25 data=0 bytes=40
08-13 13:45:45.426 18305 18332 I WinlatorXRequest: seq=244 opcode=18 data=0 bytes=40
08-13 13:45:45.426 18305 18332 I WinlatorXRequest: seq=245 opcode=20 data=0 bytes=20
08-13 13:45:45.426 18305 18332 I WinlatorXRequest: seq=246 opcode=18 data=0 bytes=56
08-13 13:45:45.426 18305 18332 I WinlatorXRequest: seq=247 opcode=18 data=0 bytes=24
08-13 13:45:45.426 18305 18332 I WinlatorXRequest: seq=248 opcode=18 data=0 bytes=20
08-13 13:45:45.426 18305 18332 I WinlatorXRequest: seq=249 opcode=43 data=105 bytes=0
08-13 13:45:45.427 18305 18332 I WinlatorXRequest: seq=250 opcode=18 data=0 bytes=24
08-13 13:45:45.427 18305 18332 I WinlatorXRequest: seq=251 opcode=18 data=0 bytes=1446236
08-13 13:45:45.430   829   829 I hwservicemanager: getTransport: Cannot find entry vendor.qti.hardware.servicetracker@1.2::IServicetracker/default in either framework or device VINTF manifest.
08-13 13:45:45.431  2312 20932 W ActivityTaskManager: servicetracker HIDL not available
08-13 13:45:45.431  2312 20932 E ActivityTaskManager: Unable to get servicetracker HAL instance
08-13 13:45:45.432   829   829 I hwservicemanager: getTransport: Cannot find entry vendor.qti.hardware.servicetracker@1.2::IServicetracker/default in either framework or device VINTF manifest.
08-13 13:45:45.432  2312 20932 W ActivityTaskManager: servicetracker HIDL not available
08-13 13:45:45.432  2312 20932 E ActivityTaskManager: Unable to get servicetracker HAL instance
08-13 13:45:45.473 18305 18332 I WinlatorXRequest: seq=252 opcode=18 data=0 bytes=24
08-13 13:45:45.473 18305 18332 I WinlatorXRequest: seq=253 opcode=18 data=0 bytes=20
08-13 13:45:45.473 18305 18332 I WinlatorXRequest: seq=254 opcode=18 data=0 bytes=20
08-13 13:45:45.473 18305 18332 I WinlatorXRequest: seq=453 opcode=40 data=0 bytes=12
08-13 13:45:45.474 18305 18332 I WinlatorXRequest: seq=255 opcode=18 data=0 bytes=1446236
08-13 13:45:45.515  1451  1717 I SDM     : DisplayBase::CommitThread: Received idle timeout, panel: video, timeout: 70000 us
08-13 13:45:45.520 18305 18332 I WinlatorXRequest: seq=454 opcode=40 data=0 bytes=12
08-13 13:45:45.520 18305 18332 I WinlatorXRequest: seq=455 opcode=40 data=0 bytes=12
08-13 13:45:45.520 18305 18332 I WinlatorXRequest: seq=456 opcode=40 data=0 bytes=12
08-13 13:45:45.521 18305 18332 I WinlatorXRequest: seq=457 opcode=40 data=0 bytes=12
08-13 13:45:45.521 18305 18332 I WinlatorXRequest: seq=458 opcode=40 data=0 bytes=12
08-13 13:45:45.521 18305 18332 I WinlatorXRequest: seq=459 opcode=40 data=0 bytes=12
08-13 13:45:45.521 18305 18332 I WinlatorXRequest: seq=460 opcode=40 data=0 bytes=12
08-13 13:45:45.524 18305 18332 I WinlatorXRequest: seq=461 opcode=40 data=0 bytes=12
08-13 13:45:45.524 18305 18332 I WinlatorXRequest: seq=462 opcode=40 data=0 bytes=12
08-13 13:45:45.524 18305 18332 I WinlatorXRequest: seq=463 opcode=40 data=0 bytes=12
08-13 13:45:45.524 18305 18332 I WinlatorXRequest: seq=464 opcode=40 data=0 bytes=12
08-13 13:45:45.532 18305 18332 I WinlatorXRequest: seq=465 opcode=155 data=2 bytes=4
08-13 13:45:45.533 18305 18332 I WinlatorXRequest: seq=466 opcode=43 data=0 bytes=0
08-13 13:45:45.534 18305 18332 I WinlatorXRequest: seq=467 opcode=60 data=0 bytes=4
08-13 13:45:45.534 18305 18332 I WinlatorXRequest: seq=468 opcode=54 data=0 bytes=4
08-13 13:45:45.534 18305 18332 I WinlatorXRequest: seq=469 opcode=4 data=0 bytes=4
08-13 13:45:45.534 18305 18332 I WinlatorXRequest: seq=470 opcode=79 data=0 bytes=4
08-13 13:45:45.534 18305 18332 I WinlatorXRequest: seq=471 opcode=59 data=3 bytes=16
08-13 13:45:45.534 18305 18332 I WinlatorXRequest: seq=472 opcode=155 data=3 bytes=36
08-13 13:45:45.534 18305 18332 I WinlatorXRequest: seq=473 opcode=56 data=0 bytes=12
08-13 13:45:45.534 18305 18332 I WinlatorXRequest: seq=474 opcode=60 data=0 bytes=4
08-13 13:45:45.534 18305 18332 I WinlatorXRequest: seq=475 opcode=55 data=0 bytes=16
08-13 13:45:45.534 18305 18332 I WinlatorXRequest: seq=476 opcode=59 data=3 bytes=16
08-13 13:45:45.534 18305 18332 I WinlatorXRequest: seq=477 opcode=155 data=3 bytes=36
08-13 13:45:45.535 18305 18332 I WinlatorXRequest: seq=478 opcode=56 data=0 bytes=12
08-13 13:45:45.535  1451  1717 I SDM     : HWDeviceDRM::SetupConcurrentWriteback: Tear down the Concurrent Writeback topology
08-13 13:45:45.551 18305 18332 I WinlatorXRequest: seq=479 opcode=18 data=0 bytes=397652
08-13 13:45:45.568 18305 18332 I WinlatorXRequest: seq=480 opcode=43 data=0 bytes=0
08-13 13:45:45.584 18305 18332 I WinlatorXRequest: seq=481 opcode=60 data=0 bytes=4
08-13 13:45:45.584 18305 18332 I WinlatorXRequest: seq=482 opcode=55 data=0 bytes=16
08-13 13:45:45.584 18305 18332 I WinlatorXRequest: seq=483 opcode=59 data=3 bytes=40
08-13 13:45:45.584 18305 18332 I WinlatorXRequest: seq=484 opcode=155 data=3 bytes=36
08-13 13:45:45.584 18305 18332 I WinlatorXRequest: seq=485 opcode=155 data=3 bytes=36
08-13 13:45:45.584 18305 18332 I WinlatorXRequest: seq=486 opcode=155 data=3 bytes=36
08-13 13:45:45.585 18305 18332 I WinlatorXRequest: seq=487 opcode=155 data=3 bytes=36
08-13 13:45:45.585 18305 18332 I WinlatorXRequest: seq=488 opcode=56 data=0 bytes=12
08-13 13:45:45.585 18305 18332 I WinlatorXRequest: seq=489 opcode=60 data=0 bytes=4
08-13 13:45:45.585 18305 18332 I WinlatorXRequest: seq=490 opcode=55 data=0 bytes=16
08-13 13:45:45.585 18305 18332 I WinlatorXRequest: seq=491 opcode=59 data=3 bytes=40
08-13 13:45:45.585 18305 18332 I WinlatorXRequest: seq=492 opcode=155 data=3 bytes=36
08-13 13:45:45.585 18305 18332 I WinlatorXRequest: seq=493 opcode=155 data=3 bytes=36
08-13 13:45:45.585 18305 18332 I WinlatorXRequest: seq=494 opcode=155 data=3 bytes=36
08-13 13:45:45.586 18305 18332 I WinlatorXRequest: seq=495 opcode=155 data=3 bytes=36
08-13 13:45:45.586 18305 18332 I WinlatorXRequest: seq=496 opcode=56 data=0 bytes=12
08-13 13:45:45.587 18305 18332 I WinlatorXRequest: seq=497 opcode=1 data=32 bytes=52
08-13 13:45:45.589 18305 18332 I WinlatorXRequest: seq=498 opcode=18 data=0 bytes=92
08-13 13:45:45.589 18305 18332 I WinlatorXRequest: seq=499 opcode=18 data=0 bytes=28
08-13 13:45:45.589 18305 18332 I WinlatorXRequest: seq=500 opcode=18 data=0 bytes=28
08-13 13:45:45.589 18305 18332 I WinlatorXRequest: seq=501 opcode=18 data=0 bytes=24
08-13 13:45:45.590 18305 18332 I WinlatorXRequest: seq=502 opcode=18 data=0 bytes=32
08-13 13:45:45.590 18305 18332 I WinlatorXRequest: seq=503 opcode=18 data=0 bytes=56
08-13 13:45:45.590 18305 18332 I WinlatorXRequest: seq=504 opcode=18 data=0 bytes=24
08-13 13:45:45.590 18305 18332 I WinlatorXRequest: seq=505 opcode=18 data=0 bytes=28
08-13 13:45:45.590 18305 18332 I WinlatorXRequest: seq=506 opcode=149 data=46 bytes=16
08-13 13:45:45.590 18305 18332 I WinlatorXRequest: seq=507 opcode=43 data=0 bytes=0
08-13 13:45:45.590 18305 18332 I WinlatorXRequest: seq=508 opcode=2 data=0 bytes=16
08-13 13:45:45.590 18305 18332 I WinlatorXRequest: seq=509 opcode=18 data=0 bytes=28
08-13 13:45:45.590 18305 18332 I WinlatorXRequest: seq=510 opcode=25 data=0 bytes=40
08-13 13:45:45.590 18305 18332 I WinlatorXRequest: seq=511 opcode=25 data=0 bytes=40
08-13 13:45:45.590 18305 18332 I WinlatorXRequest: seq=512 opcode=18 data=0 bytes=40
08-13 13:45:45.590 18305 18332 I WinlatorXRequest: seq=513 opcode=20 data=0 bytes=20
08-13 13:45:45.590 18305 18332 I WinlatorXRequest: seq=514 opcode=18 data=0 bytes=56
08-13 13:45:45.590 18305 18332 I WinlatorXRequest: seq=515 opcode=18 data=0 bytes=24
08-13 13:45:45.590 18305 18332 I WinlatorXRequest: seq=516 opcode=18 data=0 bytes=20
08-13 13:45:45.590 18305 18332 I WinlatorXRequest: seq=517 opcode=43 data=80 bytes=0
08-13 13:45:45.591 18305 18332 I WinlatorXRequest: seq=518 opcode=18 data=0 bytes=24
08-13 13:45:45.591 18305 18332 I WinlatorXRequest: seq=519 opcode=18 data=0 bytes=397652
08-13 13:45:45.608 18305 18332 I WinlatorXRequest: seq=520 opcode=18 data=0 bytes=32
08-13 13:45:45.608 18305 18332 I WinlatorXRequest: seq=521 opcode=18 data=0 bytes=32
08-13 13:45:45.608 18305 18332 I WinlatorXRequest: seq=522 opcode=18 data=0 bytes=20
08-13 13:45:45.608 18305 18332 I WinlatorXRequest: seq=523 opcode=18 data=0 bytes=32
08-13 13:45:45.608 18305 18332 I WinlatorXRequest: seq=524 opcode=18 data=0 bytes=32
08-13 13:45:45.608 18305 18332 I WinlatorXRequest: seq=525 opcode=18 data=0 bytes=397652
08-13 13:45:45.623 18305 18332 I WinlatorXRequest: seq=526 opcode=18 data=0 bytes=92
08-13 13:45:45.623 18305 18332 I WinlatorXRequest: seq=527 opcode=12 data=0 bytes=12
08-13 13:45:45.623 18305 18332 I WinlatorXRequest: seq=528 opcode=2 data=0 bytes=12
08-13 13:45:45.623 18305 18332 I WinlatorXRequest: seq=529 opcode=2 data=0 bytes=12
08-13 13:45:45.623 18305 18332 I WinlatorXRequest: seq=530 opcode=18 data=0 bytes=92
08-13 13:45:45.623 18305 18332 I WinlatorXRequest: seq=531 opcode=18 data=0 bytes=24
08-13 13:45:45.623 18305 18332 I WinlatorXRequest: seq=532 opcode=18 data=0 bytes=24
08-13 13:45:45.623 18305 18332 I WinlatorXRequest: seq=533 opcode=20 data=0 bytes=20
08-13 13:45:45.623 18305 18332 I WinlatorXRequest: seq=534 opcode=19 data=0 bytes=8
08-13 13:45:45.623 18305 18332 I WinlatorXRequest: seq=535 opcode=18 data=0 bytes=24
08-13 13:45:45.623 18305 18332 I WinlatorXRequest: seq=536 opcode=8 data=0 bytes=4
08-13 13:45:45.623 18305 18332 I WinlatorXRequest: seq=537 opcode=43 data=0 bytes=0
08-13 13:45:45.628 18305 18332 I WinlatorXRequest: seq=538 opcode=40 data=0 bytes=12
08-13 13:45:45.630 18305 18332 I WinlatorXRequest: seq=539 opcode=15 data=0 bytes=4
08-13 13:45:45.630 18305 18332 I WinlatorXRequest: seq=540 opcode=40 data=0 bytes=12
08-13 13:45:45.630 18305 18332 I WinlatorXRequest: seq=541 opcode=14 data=0 bytes=4
08-13 13:45:45.630 18305 18332 I WinlatorXRequest: seq=542 opcode=155 data=1 bytes=12
08-13 13:45:45.630 18305 18332 I WinlatorXRequest: seq=543 opcode=43 data=0 bytes=0
08-13 13:45:45.631 18305 18332 I WinlatorXRequest: seq=544 opcode=53 data=32 bytes=12
08-13 13:45:45.631 18305 18332 I WinlatorXRequest: seq=545 opcode=38 data=0 bytes=4
08-13 13:45:45.632 18305 18332 I WinlatorXRequest: seq=546 opcode=40 data=0 bytes=12
08-13 13:45:45.633 18305 18332 I WinlatorXRequest: seq=547 opcode=55 data=0 bytes=16
08-13 13:45:45.633 18305 18332 I WinlatorXRequest: seq=548 opcode=59 data=3 bytes=16
08-13 13:45:45.633 18305 18332 I WinlatorXRequest: seq=549 opcode=155 data=3 bytes=36
08-13 13:45:45.633 18305 18332 I WinlatorXRequest: seq=550 opcode=56 data=0 bytes=12
08-13 13:45:45.633 18305 18332 I WinlatorXRequest: seq=551 opcode=59 data=3 bytes=16
08-13 13:45:45.633 18305 18332 I WinlatorXRequest: seq=552 opcode=155 data=3 bytes=36
08-13 13:45:45.633 18305 18332 I WinlatorXRequest: seq=553 opcode=56 data=0 bytes=12
08-13 13:45:45.723  1451  1717 I SDM     : DisplayBase::CommitThread: Received idle timeout, panel: video, timeout: 70000 us
08-13 13:45:45.745  1451  1717 I SDM     : HWDeviceDRM::SetupConcurrentWriteback: Tear down the Concurrent Writeback topology
08-13 13:45:45.780  1442  1625 I ANDR-PWR-OPT: PowerHelper: getNodeData() 196: FPS72.800003 FRAMECOUNT73
08-13 13:45:45.780  1442  1625 I ANDR-PWR-OPT: PowerHelper: getFps() 168: Returned fps value: 72.800003
08-13 13:45:45.816  1451  1717 I SDM     : DisplayBase::CommitThread: Received idle timeout, panel: video, timeout: 70000 us
08-13 13:45:46.027 18227 18227 W HidlServiceManagement: Waited one second for vendor.qti.diaghal@1.0::Idiag/default
08-13 13:45:46.027   829   829 I hwservicemanager: Since vendor.qti.diaghal@1.0::Idiag/default is not registered, trying to start it as a lazy HAL (if it's not configured to be a lazy HAL, it may be stuck starting or still starting).
08-13 13:45:46.028 18227 18227 I HidlServiceManagement: getService: Trying again for vendor.qti.diaghal@1.0::Idiag/default...
08-13 13:45:46.029   829 18440 W libc    : Unable to set property "ctl.interface_start" to "vendor.qti.diaghal@1.0::Idiag/default": error code: 0x20
08-13 13:45:46.030   829 18440 I hwservicemanager: Tried to start vendor.qti.diaghal@1.0::Idiag/default as a lazy service, but was unable to. Usually this happens when a service is not installed, but if the service is intended to be used as a lazy service, then it may be configured incorrectly.
08-13 13:45:46.138 18305 18332 I WinlatorXRequest: seq=554 opcode=43 data=0 bytes=0
08-13 13:45:46.143 18305 18332 I WinlatorXRequest: seq=555 opcode=60 data=0 bytes=4
08-13 13:45:46.143 18305 18332 I WinlatorXRequest: seq=556 opcode=55 data=0 bytes=16
08-13 13:45:46.143 18305 18332 I WinlatorXRequest: seq=557 opcode=59 data=3 bytes=16
08-13 13:45:46.144 18305 18332 I WinlatorXRequest: seq=558 opcode=155 data=3 bytes=36
08-13 13:45:46.144 18305 18332 I WinlatorXRequest: seq=559 opcode=56 data=0 bytes=12
08-13 13:45:46.144 18305 18332 I WinlatorXRequest: seq=560 opcode=60 data=0 bytes=4
08-13 13:45:46.144 18305 18332 I WinlatorXRequest: seq=561 opcode=55 data=0 bytes=16
08-13 13:45:46.144 18305 18332 I WinlatorXRequest: seq=562 opcode=59 data=3 bytes=16
08-13 13:45:46.144 18305 18332 I WinlatorXRequest: seq=563 opcode=155 data=3 bytes=36
08-13 13:45:46.145 18305 18332 I WinlatorXRequest: seq=564 opcode=56 data=0 bytes=12
08-13 13:45:46.204 18442 18442 I top     : type=1400 audit(0.0:2794973): avc:  denied  { read } for  scontext=u:r:system_app:s0 tcontext=u:r:hal_ir_default:s0 tclass=file permissive=1
08-13 13:45:46.204 18442 18442 I top     : type=1400 audit(0.0:2794974): avc:  denied  { read } for  scontext=u:r:system_app:s0 tcontext=u:r:hal_power_default:s0 tclass=file permissive=1
08-13 13:45:46.208 18442 18442 I top     : type=1400 audit(0.0:2794975): avc:  denied  { open } for  path="/proc/1418/stat" dev="proc" ino=5645369 scontext=u:r:system_app:s0 tcontext=u:r:hal_ir_default:s0 tclass=file permissive=1
08-13 13:45:46.208 18442 18442 I top     : type=1400 audit(0.0:2794976): avc:  denied  { open } for  path="/proc/1424/stat" dev="proc" ino=5645373 scontext=u:r:system_app:s0 tcontext=u:r:hal_power_default:s0 tclass=file permissive=1
08-13 13:45:46.208 18442 18442 I top     : type=1400 audit(0.0:2794977): avc:  denied  { getattr } for  path="/proc/1445" dev="proc" ino=5645353 scontext=u:r:system_app:s0 tcontext=u:r:vendor_qesdsect:s0 tclass=dir permissive=1
08-13 13:45:46.240  1451  1717 I SDM     : DisplayBase::CommitThread: Received idle timeout, panel: video, timeout: 70000 us
08-13 13:45:46.261  1451  1717 I SDM     : HWDeviceDRM::SetupConcurrentWriteback: Tear down the Concurrent Writeback topology
08-13 13:45:46.280  1442  1625 I ANDR-PWR-OPT: PowerHelper: getNodeData() 196: FPS24.299999 FRAMECOUNT26
08-13 13:45:46.280  1442  1625 I ANDR-PWR-OPT: PowerHelper: getFps() 168: Returned fps value: 24.299999
08-13 13:45:46.333  1451  1717 I SDM     : DisplayBase::CommitThread: Received idle timeout, panel: video, timeout: 70000 us
08-13 13:45:46.780  1442  1625 I ANDR-PWR-OPT: PowerHelper: getNodeData() 196: FPS5.800000 FRAMECOUNT6
08-13 13:45:46.780  1442  1625 I ANDR-PWR-OPT: PowerHelper: getFps() 168: Returned fps value: 5.800000
08-13 13:45:46.801 18445 18445 I xsu     : sending cmd:echo 76 > /sys/devices/platform/soc/soc:pwm-fan/hwmon/hwmon0/pwm1
08-13 13:45:46.801 18445 18445 I xsu     : sending cmd end:echo 76 > /sys/devices/platform/soc/soc:pwm-fan/hwmon/hwmon0/pwm1
08-13 13:45:46.801 18445 18445 I xsu     : free cmd end
08-13 13:45:46.801 18445 18445 I xsu     : xsu_recv cmd before
08-13 13:45:46.801 18445 18445 I xsu_api : xsu_recv memset enter
08-13 13:45:46.801 18445 18445 I xsu_api : xsu_recv memset end
08-13 13:45:46.801  1604 18446 I xsu_api : xsu_recv memset enter
08-13 13:45:46.801  1604 18446 I xsu_api : xsu_recv memset end
08-13 13:45:46.801  1604 18446 I xsu_api : xsu_recv retry end
08-13 13:45:46.802  1604 18446 I xsu_api : ret=4, version=200, type=0, payload_size=69
08-13 13:45:46.802  1604 18446 I xsu_api : xsu_recv type and len
08-13 13:45:46.802  1604 18446 I xsu_api : header.type=0, header.payload_size=69, xsu_header_t=4
08-13 13:45:46.802  1604 18446 I xsu_api : xsu_recv type and len end
08-13 13:45:46.802  1604 18446 I xsud    : handle comming cmd:echo 76 > /sys/devices/platform/soc/soc:pwm-fan/hwmon/hwmon0/pwm1
08-13 13:45:46.821 18445 18445 I xsu_api : xsu_recv retry end
08-13 13:45:46.821 18445 18445 I xsu_api : ret=4, version=200, type=3, payload_size=0
08-13 13:45:46.821 18445 18445 I xsu_api : xsu_recv type and len
08-13 13:45:46.821 18445 18445 I xsu_api : header.type=3, header.payload_size=0, xsu_header_t=4
08-13 13:45:46.821 18445 18445 I xsu_api : xsu_recv type and len end
08-13 13:45:46.821 18445 18445 I xsu     : xsu_recv cmd end
08-13 13:45:46.821 18445 18445 I xsu     : end session!
08-13 13:45:46.840 18305 18314 W io.taowen.bx: userfaultfd: MOVE ioctl seems unsupported: Connection timed out
08-13 13:45:47.028 18227 18227 W HidlServiceManagement: Waited one second for vendor.qti.diaghal@1.0::Idiag/default
08-13 13:45:47.029   829   829 I hwservicemanager: Since vendor.qti.diaghal@1.0::Idiag/default is not registered, trying to start it as a lazy HAL (if it's not configured to be a lazy HAL, it may be stuck starting or still starting).
08-13 13:45:47.030 18227 18227 I HidlServiceManagement: getService: Trying again for vendor.qti.diaghal@1.0::Idiag/default...
08-13 13:45:47.031   829 18448 W libc    : Unable to set property "ctl.interface_start" to "vendor.qti.diaghal@1.0::Idiag/default": error code: 0x20
08-13 13:45:47.032   829 18448 I hwservicemanager: Tried to start vendor.qti.diaghal@1.0::Idiag/default as a lazy service, but was unable to. Usually this happens when a service is not installed, but if the service is intended to be used as a lazy service, then it may be configured incorrectly.
08-13 13:45:47.208 18449 18449 I top     : type=1400 audit(0.0:2794983): avc:  denied  { read } for  name="pid_max" dev="proc" ino=5645342 scontext=u:r:system_app:s0 tcontext=u:object_r:proc_pid_max:s0 tclass=file permissive=1
08-13 13:45:47.208 18449 18449 I top     : type=1400 audit(0.0:2794984): avc:  denied  { open } for  path="/proc/sys/kernel/pid_max" dev="proc" ino=5645342 scontext=u:r:system_app:s0 tcontext=u:object_r:proc_pid_max:s0 tclass=file permissive=1
08-13 13:45:47.208 18449 18449 I top     : type=1400 audit(0.0:2794985): avc:  denied  { read } for  scontext=u:r:system_app:s0 tcontext=u:r:vendor_hal_keymint_qti:s0 tclass=file permissive=1
08-13 13:45:47.208 18449 18449 I top     : type=1400 audit(0.0:2794986): avc:  denied  { read } for  scontext=u:r:system_app:s0 tcontext=u:r:vendor_hal_qseecom_default:s0 tclass=file permissive=1
08-13 13:45:47.208 18449 18449 I top     : type=1400 audit(0.0:2794987): avc:  denied  { read } for  scontext=u:r:system_app:s0 tcontext=u:r:vendor_hal_identity_qti:s0 tclass=file permissive=1
08-13 13:45:47.280  1442  1625 I ANDR-PWR-OPT: PowerHelper: getNodeData() 196: FPS0.900000 FRAMECOUNT1
08-13 13:45:47.280  1442  1625 I ANDR-PWR-OPT: PowerHelper: getFps() 168: Returned fps value: 0.900000
08-13 13:45:47.780  1442  1625 I ANDR-PWR-OPT: PowerHelper: getNodeData() 196: FPS0.600000 FRAMECOUNT1
08-13 13:45:47.780  1442  1625 I ANDR-PWR-OPT: PowerHelper: getFps() 168: Returned fps value: 0.600000
08-13 13:45:47.791  1451  1717 I SDM     : DisplayBase::CommitThread: Received idle timeout, panel: video, timeout: 69999 us
08-13 13:45:47.810  1451  1717 I SDM     : HWDeviceDRM::SetupConcurrentWriteback: Tear down the Concurrent Writeback topology
08-13 13:45:47.881  1451  1717 I SDM     : DisplayBase::CommitThread: Received idle timeout, panel: video, timeout: 70000 us
08-13 13:45:47.915  1148  1148 I tombstoned: intercept for pid 17860 and type kDebuggerdJavaBacktrace terminated: due to timeout
08-13 13:45:47.916  2312 18224 E system_server: libdebuggerd_client: failed to read status response from tombstoned: timeout reached?
08-13 13:45:47.920  2312 18224 W ActivityManager: Dumping Java threads failed, initiating native stack dump.
08-13 13:45:47.921  2312 18224 E system_server: libdebuggerd_client: failed to get process tids
08-13 13:45:47.921  2312 18224 I system_server: libdebuggerd_client: started dumping process 17860
08-13 13:45:47.923  1148  1148 I tombstoned: registered intercept for pid 17860 and type kDebuggerdNativeBacktrace
08-13 13:45:47.923  2312 18224 E system_server: libdebuggerd_client: failed to send signal to pid 17860: No such process
08-13 13:45:47.923  1148  1148 I tombstoned: intercept for pid 17860 and type kDebuggerdNativeBacktrace terminated: due to input
08-13 13:45:47.924  2312 18224 W ActivityManager: Native stack dump failed!
08-13 13:45:47.924  2312 18224 E ActivityManager: Aborted stack trace dump (current primary pid=17860); deadline exceeded.
08-13 13:45:48.030 18227 18227 W HidlServiceManagement: Waited one second for vendor.qti.diaghal@1.0::Idiag/default
08-13 13:45:48.031   829   829 I hwservicemanager: Since vendor.qti.diaghal@1.0::Idiag/default is not registered, trying to start it as a lazy HAL (if it's not configured to be a lazy HAL, it may be stuck starting or still starting).
08-13 13:45:48.032 18227 18227 I HidlServiceManagement: getService: Trying again for vendor.qti.diaghal@1.0::Idiag/default...
08-13 13:45:48.034   829 18452 W libc    : Unable to set property "ctl.interface_start" to "vendor.qti.diaghal@1.0::Idiag/default": error code: 0x20
08-13 13:45:48.034   829 18452 I hwservicemanager: Tried to start vendor.qti.diaghal@1.0::Idiag/default as a lazy service, but was unable to. Usually this happens when a service is not installed, but if the service is intended to be used as a lazy service, then it may be configured incorrectly.
08-13 13:45:48.280  1442  1625 I ANDR-PWR-OPT: PowerHelper: getNodeData() 196: FPS2.000000 FRAMECOUNT4
08-13 13:45:48.280  1442  1625 I ANDR-PWR-OPT: PowerHelper: getFps() 168: Returned fps value: 2.000000
08-13 13:45:48.780  1442  1625 I ANDR-PWR-OPT: PowerHelper: getNodeData() 196: FPS2.800000 FRAMECOUNT3
08-13 13:45:48.780  1442  1625 I ANDR-PWR-OPT: PowerHelper: getFps() 168: Returned fps value: 2.800000
08-13 13:45:49.032 18227 18227 W HidlServiceManagement: Waited one second for vendor.qti.diaghal@1.0::Idiag/default
08-13 13:45:49.033   829   829 I hwservicemanager: Since vendor.qti.diaghal@1.0::Idiag/default is not registered, trying to start it as a lazy HAL (if it's not configured to be a lazy HAL, it may be stuck starting or still starting).
08-13 13:45:49.034 18227 18227 I HidlServiceManagement: getService: Trying again for vendor.qti.diaghal@1.0::Idiag/default...
08-13 13:45:49.035   829 18454 W libc    : Unable to set property "ctl.interface_start" to "vendor.qti.diaghal@1.0::Idiag/default": error code: 0x20
08-13 13:45:49.035   829 18454 I hwservicemanager: Tried to start vendor.qti.diaghal@1.0::Idiag/default as a lazy service, but was unable to. Usually this happens when a service is not installed, but if the service is intended to be used as a lazy service, then it may be configured incorrectly.
08-13 13:45:49.280  1442  1625 I ANDR-PWR-OPT: PowerHelper: getNodeData() 196: FPS0.000000 FRAMECOUNT0
08-13 13:45:49.280  1442  1625 I ANDR-PWR-OPT: PowerHelper: getFps() 168: Returned fps value: 0.000000
08-13 13:45:49.780  1442  1625 I ANDR-PWR-OPT: PowerHelper: getNodeData() 196: FPS0.000000 FRAMECOUNT0
08-13 13:45:49.780  1442  1625 I ANDR-PWR-OPT: PowerHelper: getFps() 168: Returned fps value: 0.000000
08-13 13:45:49.968  2724 17856 D IpClient/wlan0: interfaceLinkStateChanged: ifindex 15 up
08-13 13:45:50.034 18227 18227 W HidlServiceManagement: Waited one second for vendor.qti.diaghal@1.0::Idiag/default
08-13 13:45:50.035   829   829 I hwservicemanager: Since vendor.qti.diaghal@1.0::Idiag/default is not registered, trying to start it as a lazy HAL (if it's not configured to be a lazy HAL, it may be stuck starting or still starting).
08-13 13:45:50.036 18227 18227 I HidlServiceManagement: getService: Trying again for vendor.qti.diaghal@1.0::Idiag/default...
08-13 13:45:50.037   829 18456 W libc    : Unable to set property "ctl.interface_start" to "vendor.qti.diaghal@1.0::Idiag/default": error code: 0x20
08-13 13:45:50.037   829 18456 I hwservicemanager: Tried to start vendor.qti.diaghal@1.0::Idiag/default as a lazy service, but was unable to. Usually this happens when a service is not installed, but if the service is intended to be used as a lazy service, then it may be configured incorrectly.
08-13 13:45:50.204 18457 18457 I top     : type=1400 audit(0.0:2795011): avc:  denied  { read } for  scontext=u:r:system_app:s0 tcontext=u:r:vendor_qesdsect:s0 tclass=file permissive=1
08-13 13:45:50.204  3855  3855 I DefaultDispatch: type=1400 audit(0.0:2795012): avc:  denied  { getattr } for  path="/dev/ttyHS5" dev="tmpfs" ino=1141 scontext=u:r:system_app:s0 tcontext=u:object_r:device:s0 tclass=chr_file permissive=1
08-13 13:45:50.208 18457 18457 I top     : type=1400 audit(0.0:2795013): avc:  denied  { read } for  scontext=u:r:system_app:s0 tcontext=u:r:vendor_hal_qesdhal_default:s0 tclass=file permissive=1
08-13 13:45:50.208 18457 18457 I top     : type=1400 audit(0.0:2795014): avc:  denied  { open } for  path="/proc/1444/stat" dev="proc" ino=5645401 scontext=u:r:system_app:s0 tcontext=u:r:vendor_hal_qesdhal_default:s0 tclass=file permissive=1
08-13 13:45:50.208 18457 18457 I top     : type=1400 audit(0.0:2795015): avc:  denied  { open } for  path="/proc/1445/stat" dev="proc" ino=5645405 scontext=u:r:system_app:s0 tcontext=u:r:vendor_qesdsect:s0 tclass=file permissive=1
08-13 13:45:50.280  1442  1625 I ANDR-PWR-OPT: PowerHelper: getNodeData() 196: FPS0.000000 FRAMECOUNT0
08-13 13:45:50.280  1442  1625 I ANDR-PWR-OPT: PowerHelper: getFps() 168: Returned fps value: 0.000000
08-13 13:45:50.780  1442  1625 I ANDR-PWR-OPT: PowerHelper: getNodeData() 196: FPS0.000000 FRAMECOUNT0
08-13 13:45:50.780  1442  1625 I ANDR-PWR-OPT: PowerHelper: getFps() 168: Returned fps value: 0.000000
08-13 13:45:51.036 18227 18227 W HidlServiceManagement: Waited one second for vendor.qti.diaghal@1.0::Idiag/default
08-13 13:45:51.037   829   829 I hwservicemanager: Since vendor.qti.diaghal@1.0::Idiag/default is not registered, trying to start it as a lazy HAL (if it's not configured to be a lazy HAL, it may be stuck starting or still starting).
08-13 13:45:51.037 18227 18227 I HidlServiceManagement: getService: Trying again for vendor.qti.diaghal@1.0::Idiag/default...
08-13 13:45:51.039   829 18458 W libc    : Unable to set property "ctl.interface_start" to "vendor.qti.diaghal@1.0::Idiag/default": error code: 0x20
08-13 13:45:51.039   829 18458 I hwservicemanager: Tried to start vendor.qti.diaghal@1.0::Idiag/default as a lazy service, but was unable to. Usually this happens when a service is not installed, but if the service is intended to be used as a lazy service, then it may be configured incorrectly.
08-13 13:45:51.208 18459 18459 I top     : type=1400 audit(0.0:2795017): avc:  denied  { open } for  path="/proc/1442/stat" dev="proc" ino=5645397 scontext=u:r:system_app:s0 tcontext=u:r:vendor_hal_poweroptservice_qti:s0 tclass=file permissive=1
08-13 13:45:51.208 18459 18459 I top     : type=1400 audit(0.0:2795018): avc:  denied  { getattr } for  path="/proc/1903" dev="proc" ino=5640012 scontext=u:r:system_app:s0 tcontext=u:r:vendor_perfservice:s0 tclass=dir permissive=1
08-13 13:45:51.208 18459 18459 I top     : type=1400 audit(0.0:2795019): avc:  denied  { search } for  name="1903" dev="proc" ino=5640012 scontext=u:r:system_app:s0 tcontext=u:r:vendor_perfservice:s0 tclass=dir permissive=1
08-13 13:45:51.208 18459 18459 I top     : type=1400 audit(0.0:2795020): avc:  denied  { read } for  name="stat" dev="proc" ino=4026532011 scontext=u:r:system_app:s0 tcontext=u:object_r:proc_stat:s0 tclass=file permissive=1
08-13 13:45:51.208 18459 18459 I top     : type=1400 audit(0.0:2795021): avc:  denied  { open } for  path="/proc/stat" dev="proc" ino=4026532011 scontext=u:r:system_app:s0 tcontext=u:object_r:proc_stat:s0 tclass=file permissive=1
08-13 13:45:51.225  2312  2368 W ProcessStats: Tracking association SourceState{c50967d com.google.android.gms.persistent/10097 BFgs #43891} whose proc state 4 is better than process ProcessState{76b85c9 com.google.android.gms.unstable/10097 pkg=com.google.android.gms} proc state 14 (16 skipped)
08-13 13:45:51.280  1442  1625 I ANDR-PWR-OPT: PowerHelper: getNodeData() 196: FPS0.000000 FRAMECOUNT0
08-13 13:45:51.280  1442  1625 I ANDR-PWR-OPT: PowerHelper: getFps() 168: Returned fps value: 0.000000
08-13 13:45:51.780  1442  1625 I ANDR-PWR-OPT: PowerHelper: getNodeData() 196: FPS0.000000 FRAMECOUNT0
08-13 13:45:51.780  1442  1625 I ANDR-PWR-OPT: PowerHelper: getFps() 168: Returned fps value: 0.000000
08-13 13:45:51.848 18460 18460 I xsu     : sending cmd:echo 76 > /sys/devices/platform/soc/soc:pwm-fan/hwmon/hwmon0/pwm1
08-13 13:45:51.849 18460 18460 I xsu     : sending cmd end:echo 76 > /sys/devices/platform/soc/soc:pwm-fan/hwmon/hwmon0/pwm1
08-13 13:45:51.849 18460 18460 I xsu     : free cmd end
08-13 13:45:51.849 18460 18460 I xsu     : xsu_recv cmd before
08-13 13:45:51.849 18460 18460 I xsu_api : xsu_recv memset enter
08-13 13:45:51.849 18460 18460 I xsu_api : xsu_recv memset end
08-13 13:45:51.849  1604 18461 I xsu_api : xsu_recv memset enter
08-13 13:45:51.849  1604 18461 I xsu_api : xsu_recv memset end
08-13 13:45:51.849  1604 18461 I xsu_api : xsu_recv retry end
08-13 13:45:51.849  1604 18461 I xsu_api : ret=4, version=200, type=0, payload_size=69
08-13 13:45:51.849  1604 18461 I xsu_api : xsu_recv type and len
08-13 13:45:51.849  1604 18461 I xsu_api : header.type=0, header.payload_size=69, xsu_header_t=4
08-13 13:45:51.849  1604 18461 I xsu_api : xsu_recv type and len end
08-13 13:45:51.849  1604 18461 I xsud    : handle comming cmd:echo 76 > /sys/devices/platform/soc/soc:pwm-fan/hwmon/hwmon0/pwm1
08-13 13:45:51.865 18460 18460 I xsu_api : xsu_recv retry end
08-13 13:45:51.865 18460 18460 I xsu_api : ret=4, version=200, type=3, payload_size=0
08-13 13:45:51.865 18460 18460 I xsu_api : xsu_recv type and len
08-13 13:45:51.865 18460 18460 I xsu_api : header.type=3, header.payload_size=0, xsu_header_t=4
08-13 13:45:51.865 18460 18460 I xsu_api : xsu_recv type and len end
08-13 13:45:51.865 18460 18460 I xsu     : xsu_recv cmd end
08-13 13:45:51.865 18460 18460 I xsu     : end session!
08-13 13:45:52.037 18227 18227 W HidlServiceManagement: Waited one second for vendor.qti.diaghal@1.0::Idiag/default
08-13 13:45:52.039   829   829 I hwservicemanager: Since vendor.qti.diaghal@1.0::Idiag/default is not registered, trying to start it as a lazy HAL (if it's not configured to be a lazy HAL, it may be stuck starting or still starting).
08-13 13:45:52.040 18227 18227 I HidlServiceManagement: getService: Trying again for vendor.qti.diaghal@1.0::Idiag/default...
08-13 13:45:52.041   829 18463 W libc    : Unable to set property "ctl.interface_start" to "vendor.qti.diaghal@1.0::Idiag/default": error code: 0x20
08-13 13:45:52.042   829 18463 I hwservicemanager: Tried to start vendor.qti.diaghal@1.0::Idiag/default as a lazy service, but was unable to. Usually this happens when a service is not installed, but if the service is intended to be used as a lazy service, then it may be configured incorrectly.
08-13 13:45:52.280  1442  1625 I ANDR-PWR-OPT: PowerHelper: getNodeData() 196: FPS0.000000 FRAMECOUNT0
08-13 13:45:52.280  1442  1625 I ANDR-PWR-OPT: PowerHelper: getFps() 168: Returned fps value: 0.000000
08-13 13:45:52.456 18464 18464 I top     : type=1400 audit(0.0:2795025): avc:  denied  { read } for  scontext=u:r:system_app:s0 tcontext=u:r:vendor_hal_spu_qti:s0 tclass=file permissive=1
08-13 13:45:52.460 18464 18464 I top     : type=1400 audit(0.0:2795026): avc:  denied  { open } for  path="/proc/1438/stat" dev="proc" ino=5645385 scontext=u:r:system_app:s0 tcontext=u:r:vendor_hal_spu_qti:s0 tclass=file permissive=1
08-13 13:45:52.780  1442  1625 I ANDR-PWR-OPT: PowerHelper: getNodeData() 196: FPS0.000000 FRAMECOUNT0
08-13 13:45:52.780  1442  1625 I ANDR-PWR-OPT: PowerHelper: getFps() 168: Returned fps value: 0.000000
08-13 13:45:53.040 18227 18227 W HidlServiceManagement: Waited one second for vendor.qti.diaghal@1.0::Idiag/default
08-13 13:45:53.040   829   829 I hwservicemanager: Since vendor.qti.diaghal@1.0::Idiag/default is not registered, trying to start it as a lazy HAL (if it's not configured to be a lazy HAL, it may be stuck starting or still starting).
08-13 13:45:53.041 18227 18227 I HidlServiceManagement: getService: Trying again for vendor.qti.diaghal@1.0::Idiag/default...
08-13 13:45:53.043   829 18465 W libc    : Unable to set property "ctl.interface_start" to "vendor.qti.diaghal@1.0::Idiag/default": error code: 0x20
08-13 13:45:53.043   829 18465 I hwservicemanager: Tried to start vendor.qti.diaghal@1.0::Idiag/default as a lazy service, but was unable to. Usually this happens when a service is not installed, but if the service is intended to be used as a lazy service, then it may be configured incorrectly.
08-13 13:45:53.280  1442  1625 I ANDR-PWR-OPT: PowerHelper: getNodeData() 196: FPS0.000000 FRAMECOUNT0
08-13 13:45:53.280  1442  1625 I ANDR-PWR-OPT: PowerHelper: getFps() 168: Returned fps value: 0.000000
08-13 13:45:53.780  1442  1625 I ANDR-PWR-OPT: PowerHelper: getNodeData() 196: FPS0.000000 FRAMECOUNT0
08-13 13:45:53.780  1442  1625 I ANDR-PWR-OPT: PowerHelper: getFps() 168: Returned fps value: 0.000000
08-13 13:45:53.885  1451  1717 I SDM     : DisplayBase::CommitThread: Received idle timeout, panel: video, timeout: 70000 us
08-13 13:45:53.920  1451  1717 I SDM     : HWDeviceDRM::SetupConcurrentWriteback: Tear down the Concurrent Writeback topology
08-13 13:45:53.991  1451  1717 I SDM     : DisplayBase::CommitThread: Received idle timeout, panel: video, timeout: 70000 us
08-13 13:45:54.041 18227 18227 W HidlServiceManagement: Waited one second for vendor.qti.diaghal@1.0::Idiag/default
08-13 13:45:54.042   829   829 I hwservicemanager: Since vendor.qti.diaghal@1.0::Idiag/default is not registered, trying to start it as a lazy HAL (if it's not configured to be a lazy HAL, it may be stuck starting or still starting).
08-13 13:45:54.043 18227 18227 I HidlServiceManagement: getService: Trying again for vendor.qti.diaghal@1.0::Idiag/default...
08-13 13:45:54.045   829 18469 W libc    : Unable to set property "ctl.interface_start" to "vendor.qti.diaghal@1.0::Idiag/default": error code: 0x20
08-13 13:45:54.045   829 18469 I hwservicemanager: Tried to start vendor.qti.diaghal@1.0::Idiag/default as a lazy service, but was unable to. Usually this happens when a service is not installed, but if the service is intended to be used as a lazy service, then it may be configured incorrectly.
08-13 13:45:54.280  1442  1625 I ANDR-PWR-OPT: PowerHelper: getNodeData() 196: FPS0.600000 FRAMECOUNT4
08-13 13:45:54.280  1442  1625 I ANDR-PWR-OPT: PowerHelper: getFps() 168: Returned fps value: 0.600000
08-13 13:45:54.780  1442  1625 I ANDR-PWR-OPT: PowerHelper: getNodeData() 196: FPS0.500000 FRAMECOUNT4
08-13 13:45:54.780  1442  1625 I ANDR-PWR-OPT: PowerHelper: getFps() 168: Returned fps value: 0.500000
08-13 13:45:55.043 18227 18227 W HidlServiceManagement: Waited one second for vendor.qti.diaghal@1.0::Idiag/default
08-13 13:45:55.043   829   829 I hwservicemanager: Since vendor.qti.diaghal@1.0::Idiag/default is not registered, trying to start it as a lazy HAL (if it's not configured to be a lazy HAL, it may be stuck starting or still starting).
08-13 13:45:55.044 18227 18227 I HidlServiceManagement: getService: Trying again for vendor.qti.diaghal@1.0::Idiag/default...
08-13 13:45:55.046   829 18471 W libc    : Unable to set property "ctl.interface_start" to "vendor.qti.diaghal@1.0::Idiag/default": error code: 0x20
08-13 13:45:55.046   829 18471 I hwservicemanager: Tried to start vendor.qti.diaghal@1.0::Idiag/default as a lazy service, but was unable to. Usually this happens when a service is not installed, but if the service is intended to be used as a lazy service, then it may be configured incorrectly.
08-13 13:45:55.204 18472 18472 I top     : type=1400 audit(0.0:2795027): avc:  denied  { read } for  scontext=u:r:system_app:s0 tcontext=u:r:hal_light_default:s0 tclass=file permissive=1
08-13 13:45:55.208 18472 18472 I top     : type=1400 audit(0.0:2795028): avc:  denied  { open } for  path="/proc/1455/stat" dev="proc" ino=5645417 scontext=u:r:system_app:s0 tcontext=u:r:hal_light_default:s0 tclass=file permissive=1
08-13 13:45:55.208 18472 18472 I top     : type=1400 audit(0.0:2795029): avc:  denied  { getattr } for  path="/proc/1534" dev="proc" ino=5640003 scontext=u:r:system_app:s0 tcontext=u:r:vendor_hal_qspa_default:s0 tclass=dir permissive=1
08-13 13:45:55.208 18472 18472 I top     : type=1400 audit(0.0:2795030): avc:  denied  { search } for  name="1534" dev="proc" ino=5640003 scontext=u:r:system_app:s0 tcontext=u:r:vendor_hal_qspa_default:s0 tclass=dir permissive=1
08-13 13:45:55.208 18472 18472 I top     : type=1400 audit(0.0:2795031): avc:  denied  { getattr } for  path="/proc/1877" dev="proc" ino=5640011 scontext=u:r:system_app:s0 tcontext=u:r:vendor_wcnss_service:s0 tclass=dir permissive=1
08-13 13:45:55.208 18472 18472 I top     : type=1400 audit(0.0:2795032): avc:  denied  { search } for  name="1877" dev="proc" ino=5640011 scontext=u:r:system_app:s0 tcontext=u:r:vendor_wcnss_service:s0 tclass=dir permissive=1
08-13 13:45:55.280  1442  1625 I ANDR-PWR-OPT: PowerHelper: getNodeData() 196: FPS0.000000 FRAMECOUNT0
08-13 13:45:55.280  1442  1625 I ANDR-PWR-OPT: PowerHelper: getFps() 168: Returned fps value: 0.000000
08-13 13:45:55.780  1442  1625 I ANDR-PWR-OPT: PowerHelper: getNodeData() 196: FPS0.000000 FRAMECOUNT0
08-13 13:45:55.780  1442  1625 I ANDR-PWR-OPT: PowerHelper: getFps() 168: Returned fps value: 0.000000
08-13 13:45:56.044 18227 18227 W HidlServiceManagement: Waited one second for vendor.qti.diaghal@1.0::Idiag/default
08-13 13:45:56.045   829   829 I hwservicemanager: Since vendor.qti.diaghal@1.0::Idiag/default is not registered, trying to start it as a lazy HAL (if it's not configured to be a lazy HAL, it may be stuck starting or still starting).
08-13 13:45:56.045 18227 18227 I HidlServiceManagement: getService: Trying again for vendor.qti.diaghal@1.0::Idiag/default...
08-13 13:45:56.047   829 18473 W libc    : Unable to set property "ctl.interface_start" to "vendor.qti.diaghal@1.0::Idiag/default": error code: 0x20
08-13 13:45:56.047   829 18473 I hwservicemanager: Tried to start vendor.qti.diaghal@1.0::Idiag/default as a lazy service, but was unable to. Usually this happens when a service is not installed, but if the service is intended to be used as a lazy service, then it may be configured incorrectly.
08-13 13:45:56.280  1442  1625 I ANDR-PWR-OPT: PowerHelper: getNodeData() 196: FPS0.000000 FRAMECOUNT0
08-13 13:45:56.280  1442  1625 I ANDR-PWR-OPT: PowerHelper: getFps() 168: Returned fps value: 0.000000
08-13 13:45:56.780  1442  1625 I ANDR-PWR-OPT: PowerHelper: getNodeData() 196: FPS0.000000 FRAMECOUNT0
08-13 13:45:56.780  1442  1625 I ANDR-PWR-OPT: PowerHelper: getFps() 168: Returned fps value: 0.000000
08-13 13:45:56.895 18475 18475 I xsu     : sending cmd:echo 76 > /sys/devices/platform/soc/soc:pwm-fan/hwmon/hwmon0/pwm1
08-13 13:45:56.895 18475 18475 I xsu     : sending cmd end:echo 76 > /sys/devices/platform/soc/soc:pwm-fan/hwmon/hwmon0/pwm1
08-13 13:45:56.895 18475 18475 I xsu     : free cmd end
08-13 13:45:56.895 18475 18475 I xsu     : xsu_recv cmd before
08-13 13:45:56.895 18475 18475 I xsu_api : xsu_recv memset enter
08-13 13:45:56.896 18475 18475 I xsu_api : xsu_recv memset end
08-13 13:45:56.896  1604 18476 I xsu_api : xsu_recv memset enter
08-13 13:45:56.896  1604 18476 I xsu_api : xsu_recv memset end
08-13 13:45:56.896  1604 18476 I xsu_api : xsu_recv retry end
08-13 13:45:56.896  1604 18476 I xsu_api : ret=4, version=200, type=0, payload_size=69
08-13 13:45:56.896  1604 18476 I xsu_api : xsu_recv type and len
08-13 13:45:56.896  1604 18476 I xsu_api : header.type=0, header.payload_size=69, xsu_header_t=4
08-13 13:45:56.896  1604 18476 I xsu_api : xsu_recv type and len end
08-13 13:45:56.896  1604 18476 I xsud    : handle comming cmd:echo 76 > /sys/devices/platform/soc/soc:pwm-fan/hwmon/hwmon0/pwm1
08-13 13:45:56.912 18475 18475 I xsu_api : xsu_recv retry end
08-13 13:45:56.912 18475 18475 I xsu_api : ret=4, version=200, type=3, payload_size=0
08-13 13:45:56.912 18475 18475 I xsu_api : xsu_recv type and len
08-13 13:45:56.912 18475 18475 I xsu_api : header.type=3, header.payload_size=0, xsu_header_t=4
08-13 13:45:56.913 18475 18475 I xsu_api : xsu_recv type and len end
08-13 13:45:56.913 18475 18475 I xsu     : xsu_recv cmd end
08-13 13:45:56.913 18475 18475 I xsu     : end session!
08-13 13:45:57.046 18227 18227 W HidlServiceManagement: Waited one second for vendor.qti.diaghal@1.0::Idiag/default
08-13 13:45:57.046   829   829 I hwservicemanager: Since vendor.qti.diaghal@1.0::Idiag/default is not registered, trying to start it as a lazy HAL (if it's not configured to be a lazy HAL, it may be stuck starting or still starting).
08-13 13:45:57.047 18227 18227 I HidlServiceManagement: getService: Trying again for vendor.qti.diaghal@1.0::Idiag/default...
08-13 13:45:57.049   829 18478 W libc    : Unable to set property "ctl.interface_start" to "vendor.qti.diaghal@1.0::Idiag/default": error code: 0x20
08-13 13:45:57.049   829 18478 I hwservicemanager: Tried to start vendor.qti.diaghal@1.0::Idiag/default as a lazy service, but was unable to. Usually this happens when a service is not installed, but if the service is intended to be used as a lazy service, then it may be configured incorrectly.
08-13 13:45:57.280  1442  1625 I ANDR-PWR-OPT: PowerHelper: getNodeData() 196: FPS0.000000 FRAMECOUNT0
08-13 13:45:57.280  1442  1625 I ANDR-PWR-OPT: PowerHelper: getFps() 168: Returned fps value: 0.000000
08-13 13:45:57.780  1442  1625 I ANDR-PWR-OPT: PowerHelper: getNodeData() 196: FPS0.000000 FRAMECOUNT0
08-13 13:45:57.780  1442  1625 I ANDR-PWR-OPT: PowerHelper: getFps() 168: Returned fps value: 0.000000
08-13 13:45:57.992  2312  2369 W ActivityManager: Timeout executing service: ServiceRecord{6de6e55 u0 com.qti.diagservices/.QTIDiagServices}
08-13 13:45:57.994  2312 18480 D ActivityManager: created ANR temporary file:/data/anr/temp_anr_6112381694846236071.txt
08-13 13:45:57.994  2312 18480 I ActivityManager: Collecting stacks for pid 18227 into temporary file temp_anr_6112381694846236071.txt
08-13 13:45:57.995  2312 18481 D ActivityManager: created ANR temporary file:/data/anr/temp_anr_1928477105071741154.txt
08-13 13:45:57.995  2312 18481 I ActivityManager: Collecting stacks for pid 18227 into temporary file temp_anr_1928477105071741154.txt
08-13 13:45:57.997  2312 18481 I system_server: libdebuggerd_client: started dumping process 18227
08-13 13:45:57.998  2312 18480 I system_server: libdebuggerd_client: started dumping process 18227
08-13 13:45:57.998  1148  1148 I tombstoned: registered intercept for pid 18227 and type kDebuggerdJavaBacktrace
08-13 13:45:57.998  1148  1148 W tombstoned: pid 18227 already intercepted, type 2
08-13 13:45:57.999  2312 18480 E system_server: libdebuggerd_client: unexpected registration response: 0
08-13 13:45:57.999 18227 18228 I ti.diagservices: Thread[2,tid=18228,WaitingInMainSignalCatcherLoop,Thread*=0xb4000074cf555f50,peer=0x20b0020,"Signal Catcher"]: reacting to signal 3
08-13 13:45:57.999 18227 18228 I ti.diagservices: 
08-13 13:45:58.002  2312 18480 W ActivityManager: Dumping Java threads failed, initiating native stack dump.
08-13 13:45:58.004  2312 18480 I system_server: libdebuggerd_client: started dumping process 18227
08-13 13:45:58.005  1148  1148 W tombstoned: pid 18227 already intercepted, type 0
08-13 13:45:58.005  2312 18480 E system_server: libdebuggerd_client: unexpected registration response: 0
08-13 13:45:58.006  2312 18480 W ActivityManager: Native stack dump failed!
08-13 13:45:58.008  2312 18482 I ActivityManager: dumpStackTraces pids=null
08-13 13:45:58.008  2312 18482 I ActivityManager: Dumping to /data/anr/anr_2026-08-13-13-45-58-008
08-13 13:45:58.028  2312 18482 I ActivityManager: dumpStackTraces nativepids=null
08-13 13:45:58.029  2312 18482 I ActivityManager: dumpStackTraces extraPids=null
08-13 13:45:58.029  2312 18482 I ActivityManager: Done dumping
08-13 13:45:58.040  2312 18482 E ActivityManager: ANR in com.qti.diagservices
08-13 13:45:58.040  2312 18482 E ActivityManager: PID: 18227
08-13 13:45:58.040  2312 18482 E ActivityManager: Reason: executing service com.qti.diagservices/.QTIDiagServices
08-13 13:45:58.040  2312 18482 E ActivityManager: ErrorId: 05fc0dc1-e898-4aaf-8de9-1b449fa4307a
08-13 13:45:58.040  2312 18482 E ActivityManager: Frozen: false
08-13 13:45:58.040  2312 18482 E ActivityManager: Load: 0.0 / 0.0 / 0.0
08-13 13:45:58.040  2312 18482 E ActivityManager: ----- Output from /proc/pressure/memory -----
08-13 13:45:58.040  2312 18482 E ActivityManager: some avg10=0.00 avg60=0.00 avg300=0.00 total=5066414
08-13 13:45:58.040  2312 18482 E ActivityManager: full avg10=0.00 avg60=0.00 avg300=0.00 total=4067939
08-13 13:45:58.040  2312 18482 E ActivityManager: ----- End output from /proc/pressure/memory -----
08-13 13:45:58.040  2312 18482 E ActivityManager: ----- Output from /proc/pressure/cpu -----
08-13 13:45:58.040  2312 18482 E ActivityManager: some avg10=10.62 avg60=6.84 avg300=6.07 total=3829469630
08-13 13:45:58.040  2312 18482 E ActivityManager: full avg10=0.00 avg60=0.00 avg300=0.00 total=0
08-13 13:45:58.040  2312 18482 E ActivityManager: ----- End output from /proc/pressure/cpu -----
08-13 13:45:58.040  2312 18482 E ActivityManager: ----- Output from /proc/pressure/io -----
08-13 13:45:58.040  2312 18482 E ActivityManager: some avg10=0.05 avg60=0.02 avg300=0.00 total=31473915
08-13 13:45:58.040  2312 18482 E ActivityManager: full avg10=0.00 avg60=0.00 avg300=0.00 total=20314229
08-13 13:45:58.040  2312 18482 E ActivityManager: ----- End output from /proc/pressure/io -----
08-13 13:45:58.040  2312 18482 E ActivityManager: 
08-13 13:45:58.040  2312 18482 E ActivityManager: CPU usage from 20090ms to -2ms ago (2026-08-13 13:45:37.903 to 2026-08-13 13:45:57.996) with 99% awake:
08-13 13:45:58.040  2312 18482 E ActivityManager:   7.5% 3855/com.ayaneo.gamewindow: 2.4% user + 5% kernel / faults: 1735 minor
08-13 13:45:58.040  2312 18482 E ActivityManager:   1.1% 3921/com.ayaneo.home: 0.7% user + 0.3% kernel / faults: 14580 minor
08-13 13:45:58.040  2312 18482 E ActivityManager:   2.1% 2312/system_server: 1% user + 1% kernel / faults: 7136 minor
08-13 13:45:58.040  2312 18482 E ActivityManager:   1% 1583/surfaceflinger: 0.6% user + 0.3% kernel / faults: 39 minor
08-13 13:45:58.040  2312 18482 E ActivityManager:   0.4% 1451/vendor.qti.hardware.display.composer-service: 0.2% user + 0.1% kernel / faults: 49 minor
08-13 13:45:58.040  2312 18482 E ActivityManager:   0.4% 2659/com.android.systemui: 0.2% user + 0.1% kernel / faults: 412 minor
08-13 13:45:58.040  2312 18482 E ActivityManager:   0.4% 15992/kworker/u16:4-memlat_wq: 0% user + 0.4% kernel / faults: 19 minor
08-13 13:45:58.040  2312 18482 E ActivityManager:   0% 969/crtc_commit:198: 0% user + 0% kernel
08-13 13:45:58.040  2312 18482 E ActivityManager:   0.3% 811/logd: 0.1% user + 0.1% kernel / faults: 56 minor
08-13 13:45:58.040  2312 18482 E ActivityManager:   0.3% 1474/vendor.qti.hardware.perf2-hal-service: 0.1% user + 0.1% kernel / faults: 53 minor
08-13 13:45:58.040  2312 18482 E ActivityManager: 7.1% TOTAL: 2.8% user + 2.7% kernel + 0% iowait + 1.2% irq + 0.2% softirq
08-13 13:45:58.040  2312 18482 E ActivityManager: CPU usage from 60945722ms to 60945722ms ago (1970-01-01 08:00:00.000 to 1970-01-01 08:00:00.000) with 0% awake:
08-13 13:45:58.040  2312 18482 E ActivityManager: 0% TOTAL: 0% user + 0% kernel
08-13 13:45:58.041  2312 18482 I ActivityManager: Killing 18227:com.qti.diagservices/1000 (adj -800): bg anr
08-13 13:45:58.042  2312 18482 D ActivityManager: Completed ANR of com.qti.diagservices in 49ms, latency 1ms
08-13 13:45:58.047  2312  2395 I libprocessgroup: Successfully killed process cgroup uid 1000 pid 18227 in 5ms
08-13 13:45:58.058  2312 20932 I ActivityManager: Process com.qti.diagservices (pid 18227) has died: pers PER 
08-13 13:45:58.059  2312 20932 W ActivityManager: Scheduling restart of crashed service com.qti.diagservices/.QTIDiagServices in 0ms for persistent
08-13 13:45:58.059  1514  1514 I vendor.qti.hardware.servicetrackeraidl-service: killProcess is called for pid : 18227
08-13 13:45:58.059  1514  1514 I vendor.qti.hardware.servicetrackeraidl-service: process with pid 18227 is service
08-13 13:45:58.059  1300  1300 I Zygote  : Process 18227 exited due to signal 9 (Killed)
08-13 13:45:58.060  2312 20932 W ActivityManager: Re-adding persistent process ProcessRecord{72f52a1 18227:com.qti.diagservices/1000}
08-13 13:45:58.061  2312 20932 I ActivityManager: com.qti.diagservices is exempt from freezer
08-13 13:45:58.061  2312 20932 D CompatibilityChangeReporter: Compat change id reported: 135634846; UID 1000; state: DISABLED
08-13 13:45:58.061  2312 20932 D CompatibilityChangeReporter: Compat change id reported: 177438394; UID 1000; state: DISABLED
08-13 13:45:58.062  2312 20932 D CompatibilityChangeReporter: Compat change id reported: 135772972; UID 1000; state: DISABLED
08-13 13:45:58.062  2312 20932 D CompatibilityChangeReporter: Compat change id reported: 135754954; UID 1000; state: ENABLED
08-13 13:45:58.066  2312  2395 I libprocessgroup: Successfully killed process cgroup uid 1000 pid 18227 in 0ms
08-13 13:45:58.074  1300  1300 D Zygote  : Forked child process 18484
08-13 13:45:58.074  2312  2370 I ActivityManager: Start proc 18484:com.qti.diagservices/1000 for restart com.qti.diagservices
08-13 13:45:58.086 18484 18484 I ti.diagservices: Using CollectorTypeCMC GC.
08-13 13:45:58.091 18484 18484 D nativeloader: Load libframework-connectivity-tiramisu-jni.so using APEX ns com_android_tethering for caller /apex/com.android.tethering/javalib/framework-connectivity-t.jar: ok
08-13 13:45:58.094  2312 20932 D CompatibilityChangeReporter: Compat change id reported: 168419799; UID 1000; state: DISABLED
08-13 13:45:58.094  2312 20932 D CompatibilityChangeReporter: Compat change id reported: 273564678; UID 1000; state: DISABLED
08-13 13:45:58.094  2312 20932 D CompatibilityInfo: mCompatibilityFlags - 0
08-13 13:45:58.094  2312 20932 D CompatibilityInfo: applicationDensity - 440
08-13 13:45:58.094  2312 20932 D CompatibilityInfo: applicationScale - 1.0
08-13 13:45:58.097 18484 18484 D CompatibilityChangeReporter: Compat change id reported: 171979766; UID 1000; state: ENABLED
08-13 13:45:58.097 18484 18484 D CompatibilityChangeReporter: Compat change id reported: 242716250; UID 1000; state: ENABLED
08-13 13:45:58.101 18484 18484 D nativeloader: Configuring clns-shared-4 for other apk /system_ext/app/QTIDiagServices/QTIDiagServices.apk. target_sdk_version=34, uses_libraries=, library_path=/system_ext/app/QTIDiagServices/lib/arm64:/system_ext/app/QTIDiagServices/QTIDiagServices.apk!/lib/arm64-v8a:/system/lib64:/system_ext/lib64, permitted_path=/data:/mnt/expand:/data/user/0/com.qti.diagservices:/system_ext/app/QTIDiagServices:/system/lib64:/system_ext/lib64
08-13 13:45:58.103 18484 18484 D nativeloader: Load libframework-connectivity-jni.so using APEX ns com_android_tethering for caller /apex/com.android.tethering/javalib/framework-connectivity.jar: ok
08-13 13:45:58.104 18484 18484 I Perf    : Connecting to perf service.
08-13 13:45:58.106 18484 18484 V GraphicsEnvironment: Currently set values for:
08-13 13:45:58.106 18484 18484 V GraphicsEnvironment:   angle_gl_driver_selection_pkgs=[]
08-13 13:45:58.106 18484 18484 V GraphicsEnvironment:   angle_gl_driver_selection_values=[]
08-13 13:45:58.106 18484 18484 V GraphicsEnvironment: ANGLE GameManagerService for com.qti.diagservices: false
08-13 13:45:58.106 18484 18484 V GraphicsEnvironment: com.qti.diagservices is not listed in per-application setting
08-13 13:45:58.109 18484 18484 E ANDR-PERF-CLIENT-SYS: death recipent object is fine
08-13 13:45:58.109  2312 20932 I ActivityManager: Flag disabled. Ignoring finishAttachApplication from uid: 1000. pid: 18484
08-13 13:45:58.109 18484 18484 E DiagJNIInterface: Trying to load libDiagService
08-13 13:45:58.111 18484 18484 D nativeloader: Load /system_ext/lib64/libDiagService.so using class loader ns clns-shared-4 (caller=/system_ext/app/QTIDiagServices/QTIDiagServices.apk): ok
08-13 13:45:58.111 18484 18484 E ti.diagservices: diag: Diag_LSM_Init: invoked for pid: 18484 with init_count: 0
08-13 13:45:58.112   829   829 I hwservicemanager: Since vendor.qti.diaghal@1.0::Idiag/default is not registered, trying to start it as a lazy HAL (if it's not configured to be a lazy HAL, it may be stuck starting or still starting).
08-13 13:45:58.113   829   829 I hwservicemanager: Since vendor.qti.diaghal@1.0::Idiag/default is not registered, trying to start it as a lazy HAL (if it's not configured to be a lazy HAL, it may be stuck starting or still starting).
08-13 13:45:58.114 18484 18484 I HidlServiceManagement: getService: Trying again for vendor.qti.diaghal@1.0::Idiag/default...
08-13 13:45:58.115   829 18496 W libc    : Unable to set property "ctl.interface_start" to "vendor.qti.diaghal@1.0::Idiag/default": error code: 0x20
08-13 13:45:58.115   829 18496 I hwservicemanager: Tried to start vendor.qti.diaghal@1.0::Idiag/default as a lazy service, but was unable to. Usually this happens when a service is not installed, but if the service is intended to be used as a lazy service, then it may be configured incorrectly.
08-13 13:45:58.116   829 18498 W libc    : Unable to set property "ctl.interface_start" to "vendor.qti.diaghal@1.0::Idiag/default": error code: 0x20
08-13 13:45:58.116   829 18498 I hwservicemanager: Tried to start vendor.qti.diaghal@1.0::Idiag/default as a lazy service, but was unable to. Usually this happens when a service is not installed, but if the service is intended to be used as a lazy service, then it may be configured incorrectly.
08-13 13:45:58.184  3855  3855 I Timer-4 : type=1400 audit(0.0:2795033): avc:  denied  { read } for  name="pwm1" dev="sysfs" ino=103506 scontext=u:r:system_app:s0 tcontext=u:object_r:sysfs:s0 tclass=file permissive=1
08-13 13:45:58.184  3855  3855 I Timer-4 : type=1400 audit(0.0:2795034): avc:  denied  { open } for  path="/sys/devices/platform/soc/soc:pwm-fan/hwmon/hwmon0/pwm1" dev="sysfs" ino=103506 scontext=u:r:system_app:s0 tcontext=u:object_r:sysfs:s0 tclass=file permissive=1
08-13 13:45:58.184  3855  3855 I Timer-4 : type=1400 audit(0.0:2795035): avc:  denied  { getattr } for  path="/sys/devices/platform/soc/soc:pwm-fan/hwmon/hwmon0/pwm1" dev="sysfs" ino=103506 scontext=u:r:system_app:s0 tcontext=u:object_r:sysfs:s0 tclass=file permissive=1
08-13 13:45:58.204 18499 18499 I top     : type=1400 audit(0.0:2795036): avc:  denied  { read } for  name="pid_max" dev="proc" ino=5645342 scontext=u:r:system_app:s0 tcontext=u:object_r:proc_pid_max:s0 tclass=file permissive=1
08-13 13:45:58.204 18499 18499 I top     : type=1400 audit(0.0:2795037): avc:  denied  { open } for  path="/proc/sys/kernel/pid_max" dev="proc" ino=5645342 scontext=u:r:system_app:s0 tcontext=u:object_r:proc_pid_max:s0 tclass=file permissive=1
08-13 13:45:58.204 18499 18499 I top     : type=1400 audit(0.0:2795038): avc:  denied  { read } for  scontext=u:r:system_app:s0 tcontext=u:r:servicemanager:s0 tclass=file permissive=1
08-13 13:45:58.204 18499 18499 I top     : type=1400 audit(0.0:2795039): avc:  denied  { read } for  scontext=u:r:system_app:s0 tcontext=u:r:hwservicemanager:s0 tclass=file permissive=1
08-13 13:45:58.280  1442  1625 I ANDR-PWR-OPT: PowerHelper: getNodeData() 196: FPS0.000000 FRAMECOUNT0
08-13 13:45:58.280  1442  1625 I ANDR-PWR-OPT: PowerHelper: getFps() 168: Returned fps value: 0.000000
08-13 13:45:58.780  1442  1625 I ANDR-PWR-OPT: PowerHelper: getNodeData() 196: FPS0.000000 FRAMECOUNT0
08-13 13:45:58.780  1442  1625 I ANDR-PWR-OPT: PowerHelper: getFps() 168: Returned fps value: 0.000000
08-13 13:45:59.115 18484 18484 W HidlServiceManagement: Waited one second for vendor.qti.diaghal@1.0::Idiag/default
08-13 13:45:59.116   829   829 I hwservicemanager: Since vendor.qti.diaghal@1.0::Idiag/default is not registered, trying to start it as a lazy HAL (if it's not configured to be a lazy HAL, it may be stuck starting or still starting).
08-13 13:45:59.116 18484 18484 I HidlServiceManagement: getService: Trying again for vendor.qti.diaghal@1.0::Idiag/default...
08-13 13:45:59.118   829 18500 W libc    : Unable to set property "ctl.interface_start" to "vendor.qti.diaghal@1.0::Idiag/default": error code: 0x20
08-13 13:45:59.118   829 18500 I hwservicemanager: Tried to start vendor.qti.diaghal@1.0::Idiag/default as a lazy service, but was unable to. Usually this happens when a service is not installed, but if the service is intended to be used as a lazy service, then it may be configured incorrectly.
08-13 13:45:59.208 18501 18501 I top     : type=1400 audit(0.0:2795192): avc:  denied  { getattr } for  path="/proc/1661" dev="proc" ino=5640006 scontext=u:r:system_app:s0 tcontext=u:r:vendor_qwesd:s0 tclass=dir permissive=1
08-13 13:45:59.208 18501 18501 I top     : type=1400 audit(0.0:2795193): avc:  denied  { search } for  name="1661" dev="proc" ino=5640006 scontext=u:r:system_app:s0 tcontext=u:r:vendor_qwesd:s0 tclass=dir permissive=1
08-13 13:45:59.280  1442  1625 I ANDR-PWR-OPT: PowerHelper: getNodeData() 196: FPS0.000000 FRAMECOUNT0
08-13 13:45:59.280  1442  1625 I ANDR-PWR-OPT: PowerHelper: getFps() 168: Returned fps value: 0.000000
08-13 13:45:59.780  1442  1625 I ANDR-PWR-OPT: PowerHelper: getNodeData() 196: FPS0.000000 FRAMECOUNT0
08-13 13:45:59.780  1442  1625 I ANDR-PWR-OPT: PowerHelper: getFps() 168: Returned fps value: 0.000000
08-13 13:46:00.000  2312  2512 V AlarmManager: set(android) : type=3 triggerAtTime=2026-08-13 13:47:00 win=0 maxElapsed=63328249 interval=0 flags=0x9 callingUid=1000
08-13 13:46:00.099  1451  1717 I SDM     : DisplayBase::CommitThread: Received idle timeout, panel: video, timeout: 70000 us
08-13 13:46:00.117 18484 18484 W HidlServiceManagement: Waited one second for vendor.qti.diaghal@1.0::Idiag/default
08-13 13:46:00.117   829   829 I hwservicemanager: Since vendor.qti.diaghal@1.0::Idiag/default is not registered, trying to start it as a lazy HAL (if it's not configured to be a lazy HAL, it may be stuck starting or still starting).
08-13 13:46:00.117 18484 18484 I HidlServiceManagement: getService: Trying again for vendor.qti.diaghal@1.0::Idiag/default...
08-13 13:46:00.119   829 18503 W libc    : Unable to set property "ctl.interface_start" to "vendor.qti.diaghal@1.0::Idiag/default": error code: 0x20
08-13 13:46:00.119   829 18503 I hwservicemanager: Tried to start vendor.qti.diaghal@1.0::Idiag/default as a lazy service, but was unable to. Usually this happens when a service is not installed, but if the service is intended to be used as a lazy service, then it may be configured incorrectly.
08-13 13:46:00.119  1451  1717 I SDM     : HWDeviceDRM::SetupConcurrentWriteback: Tear down the Concurrent Writeback topology
08-13 13:46:00.180  3855  3855 I Timer-4 : type=1400 audit(0.0:2795194): avc:  denied  { read } for  name="pwm1" dev="sysfs" ino=103506 scontext=u:r:system_app:s0 tcontext=u:object_r:sysfs:s0 tclass=file permissive=1
08-13 13:46:00.180  3855  3855 I Timer-4 : type=1400 audit(0.0:2795195): avc:  denied  { open } for  path="/sys/devices/platform/soc/soc:pwm-fan/hwmon/hwmon0/pwm1" dev="sysfs" ino=103506 scontext=u:r:system_app:s0 tcontext=u:object_r:sysfs:s0 tclass=file permissive=1
08-13 13:46:00.180  3855  3855 I Timer-4 : type=1400 audit(0.0:2795196): avc:  denied  { getattr } for  path="/sys/devices/platform/soc/soc:pwm-fan/hwmon/hwmon0/pwm1" dev="sysfs" ino=103506 scontext=u:r:system_app:s0 tcontext=u:object_r:sysfs:s0 tclass=file permissive=1
08-13 13:46:00.191  1451  1717 I SDM     : DisplayBase::CommitThread: Received idle timeout, panel: video, timeout: 70000 us
08-13 13:46:00.280  1442  1625 I ANDR-PWR-OPT: PowerHelper: getNodeData() 196: FPS0.600000 FRAMECOUNT4
08-13 13:46:00.280  1442  1625 I ANDR-PWR-OPT: PowerHelper: getFps() 168: Returned fps value: 0.600000
08-13 13:46:00.464 18504 18504 I top     : type=1400 audit(0.0:2795209): avc:  denied  { getattr } for  path="/proc/1438" dev="proc" ino=5645348 scontext=u:r:system_app:s0 tcontext=u:r:vendor_hal_spu_qti:s0 tclass=dir permissive=1
08-13 13:46:00.464 18504 18504 I top     : type=1400 audit(0.0:2795210): avc:  denied  { search } for  name="1438" dev="proc" ino=5645348 scontext=u:r:system_app:s0 tcontext=u:r:vendor_hal_spu_qti:s0 tclass=dir permissive=1
08-13 13:46:00.780  1442  1625 I ANDR-PWR-OPT: PowerHelper: getNodeData() 196: FPS0.500000 FRAMECOUNT4
08-13 13:46:00.780  1442  1625 I ANDR-PWR-OPT: PowerHelper: getFps() 168: Returned fps value: 0.500000
08-13 13:46:01.118 18484 18484 W HidlServiceManagement: Waited one second for vendor.qti.diaghal@1.0::Idiag/default
08-13 13:46:01.119   829   829 I hwservicemanager: Since vendor.qti.diaghal@1.0::Idiag/default is not registered, trying to start it as a lazy HAL (if it's not configured to be a lazy HAL, it may be stuck starting or still starting).
08-13 13:46:01.120 18484 18484 I HidlServiceManagement: getService: Trying again for vendor.qti.diaghal@1.0::Idiag/default...
08-13 13:46:01.122   829 18506 W libc    : Unable to set property "ctl.interface_start" to "vendor.qti.diaghal@1.0::Idiag/default": error code: 0x20
08-13 13:46:01.122   829 18506 I hwservicemanager: Tried to start vendor.qti.diaghal@1.0::Idiag/default as a lazy service, but was unable to. Usually this happens when a service is not installed, but if the service is intended to be used as a lazy service, then it may be configured incorrectly.
08-13 13:46:01.208 18507 18507 I top     : type=1400 audit(0.0:2795211): avc:  denied  { read } for  scontext=u:r:system_app:s0 tcontext=u:r:hal_allocator_default:s0 tclass=file permissive=1
08-13 13:46:01.208 18507 18507 I top     : type=1400 audit(0.0:2795212): avc:  denied  { read } for  scontext=u:r:system_app:s0 tcontext=u:r:vendor_perfservice:s0 tclass=file permissive=1
08-13 13:46:01.208 18507 18507 I top     : type=1400 audit(0.0:2795213): avc:  denied  { open } for  path="/proc/1398/stat" dev="proc" ino=5642567 scontext=u:r:system_app:s0 tcontext=u:r:hal_allocator_default:s0 tclass=file permissive=1
08-13 13:46:01.280  1442  1625 I ANDR-PWR-OPT: PowerHelper: getNodeData() 196: FPS0.000000 FRAMECOUNT0
08-13 13:46:01.280  1442  1625 I ANDR-PWR-OPT: PowerHelper: getFps() 168: Returned fps value: 0.000000
08-13 13:46:01.780  1442  1625 I ANDR-PWR-OPT: PowerHelper: getNodeData() 196: FPS0.000000 FRAMECOUNT0
08-13 13:46:01.780  1442  1625 I ANDR-PWR-OPT: PowerHelper: getFps() 168: Returned fps value: 0.000000
08-13 13:46:01.943 18508 18508 I xsu     : sending cmd:echo 76 > /sys/devices/platform/soc/soc:pwm-fan/hwmon/hwmon0/pwm1
08-13 13:46:01.944 18508 18508 I xsu     : sending cmd end:echo 76 > /sys/devices/platform/soc/soc:pwm-fan/hwmon/hwmon0/pwm1
08-13 13:46:01.944 18508 18508 I xsu     : free cmd end
08-13 13:46:01.944 18508 18508 I xsu     : xsu_recv cmd before
08-13 13:46:01.944 18508 18508 I xsu_api : xsu_recv memset enter
08-13 13:46:01.944 18508 18508 I xsu_api : xsu_recv memset end
08-13 13:46:01.944  1604 18509 I xsu_api : xsu_recv memset enter
08-13 13:46:01.945  1604 18509 I xsu_api : xsu_recv memset end
08-13 13:46:01.945  1604 18509 I xsu_api : xsu_recv retry end
08-13 13:46:01.945  1604 18509 I xsu_api : ret=4, version=200, type=0, payload_size=69
08-13 13:46:01.945  1604 18509 I xsu_api : xsu_recv type and len
08-13 13:46:01.945  1604 18509 I xsu_api : header.type=0, header.payload_size=69, xsu_header_t=4
08-13 13:46:01.945  1604 18509 I xsu_api : xsu_recv type and len end
08-13 13:46:01.945  1604 18509 I xsud    : handle comming cmd:echo 76 > /sys/devices/platform/soc/soc:pwm-fan/hwmon/hwmon0/pwm1
08-13 13:46:01.960 18510 18510 I sh      : type=1400 audit(0.0:2795217): avc:  denied  { write } for  name="pwm1" dev="sysfs" ino=103506 scontext=u:r:xsud:s0 tcontext=u:object_r:sysfs:s0 tclass=file permissive=1
08-13 13:46:01.960 18510 18510 I sh      : type=1400 audit(0.0:2795218): avc:  denied  { open } for  path="/sys/devices/platform/soc/soc:pwm-fan/hwmon/hwmon0/pwm1" dev="sysfs" ino=103506 scontext=u:r:xsud:s0 tcontext=u:object_r:sysfs:s0 tclass=file permissive=1
08-13 13:46:01.964 18508 18508 I xsu_api : xsu_recv retry end
08-13 13:46:01.964 18508 18508 I xsu_api : ret=4, version=200, type=3, payload_size=0
08-13 13:46:01.964 18508 18508 I xsu_api : xsu_recv type and len
08-13 13:46:01.964 18508 18508 I xsu_api : header.type=3, header.payload_size=0, xsu_header_t=4
08-13 13:46:01.964 18508 18508 I xsu_api : xsu_recv type and len end
08-13 13:46:01.964 18508 18508 I xsu     : xsu_recv cmd end
08-13 13:46:01.964 18508 18508 I xsu     : end session!
08-13 13:46:02.121 18484 18484 W HidlServiceManagement: Waited one second for vendor.qti.diaghal@1.0::Idiag/default
08-13 13:46:02.122   829   829 I hwservicemanager: Since vendor.qti.diaghal@1.0::Idiag/default is not registered, trying to start it as a lazy HAL (if it's not configured to be a lazy HAL, it may be stuck starting or still starting).
08-13 13:46:02.123 18484 18484 I HidlServiceManagement: getService: Trying again for vendor.qti.diaghal@1.0::Idiag/default...
08-13 13:46:02.125   829 18511 W libc    : Unable to set property "ctl.interface_start" to "vendor.qti.diaghal@1.0::Idiag/default": error code: 0x20
08-13 13:46:02.125   829 18511 I hwservicemanager: Tried to start vendor.qti.diaghal@1.0::Idiag/default as a lazy service, but was unable to. Usually this happens when a service is not installed, but if the service is intended to be used as a lazy service, then it may be configured incorrectly.
08-13 13:46:02.204 18512 18512 I top     : type=1400 audit(0.0:2795219): avc:  denied  { read } for  scontext=u:r:system_app:s0 tcontext=u:r:vendor_hal_identity_qti:s0 tclass=file permissive=1
08-13 13:46:02.204 18512 18512 I top     : type=1400 audit(0.0:2795220): avc:  denied  { read } for  scontext=u:r:system_app:s0 tcontext=u:r:hal_ir_default:s0 tclass=file permissive=1
08-13 13:46:02.204 18512 18512 I top     : type=1400 audit(0.0:2795221): avc:  denied  { read } for  scontext=u:r:system_app:s0 tcontext=u:r:hal_power_default:s0 tclass=file permissive=1
08-13 13:46:02.280  1442  1625 I ANDR-PWR-OPT: PowerHelper: getNodeData() 196: FPS0.000000 FRAMECOUNT0
08-13 13:46:02.280  1442  1625 I ANDR-PWR-OPT: PowerHelper: getFps() 168: Returned fps value: 0.000000
08-13 13:46:02.780  1442  1625 I ANDR-PWR-OPT: PowerHelper: getNodeData() 196: FPS0.000000 FRAMECOUNT0
08-13 13:46:02.780  1442  1625 I ANDR-PWR-OPT: PowerHelper: getFps() 168: Returned fps value: 0.000000
08-13 13:46:03.123 18484 18484 W HidlServiceManagement: Waited one second for vendor.qti.diaghal@1.0::Idiag/default
08-13 13:46:03.124   829   829 I hwservicemanager: Since vendor.qti.diaghal@1.0::Idiag/default is not registered, trying to start it as a lazy HAL (if it's not configured to be a lazy HAL, it may be stuck starting or still starting).
08-13 13:46:03.125 18484 18484 I HidlServiceManagement: getService: Trying again for vendor.qti.diaghal@1.0::Idiag/default...
08-13 13:46:03.126   829 18513 W libc    : Unable to set property "ctl.interface_start" to "vendor.qti.diaghal@1.0::Idiag/default": error code: 0x20
08-13 13:46:03.127   829 18513 I hwservicemanager: Tried to start vendor.qti.diaghal@1.0::Idiag/default as a lazy service, but was unable to. Usually this happens when a service is not installed, but if the service is intended to be used as a lazy service, then it may be configured incorrectly.
08-13 13:46:03.204 18514 18514 I top     : type=1400 audit(0.0:2795229): avc:  denied  { read } for  scontext=u:r:system_app:s0 tcontext=u:r:vendor_hal_qseecom_default:s0 tclass=file permissive=1
08-13 13:46:03.204 18514 18514 I top     : type=1400 audit(0.0:2795230): avc:  denied  { open } for  path="/proc/945/stat" dev="proc" ino=5642551 scontext=u:r:system_app:s0 tcontext=u:r:vendor_hal_qseecom_default:s0 tclass=file permissive=1
08-13 13:46:03.208 18514 18514 I top     : type=1400 audit(0.0:2795231): avc:  denied  { getattr } for  path="/proc/1934" dev="proc" ino=5640013 scontext=u:r:system_app:s0 tcontext=u:r:vendor_perf_qesdk:s0 tclass=dir permissive=1
08-13 13:46:03.208 18514 18514 I top     : type=1400 audit(0.0:2795232): avc:  denied  { search } for  name="1934" dev="proc" ino=5640013 scontext=u:r:system_app:s0 tcontext=u:r:vendor_perf_qesdk:s0 tclass=dir permissive=1
08-13 13:46:03.280  1442  1625 I ANDR-PWR-OPT: PowerHelper: getNodeData() 196: FPS0.000000 FRAMECOUNT0
08-13 13:46:03.280  1442  1625 I ANDR-PWR-OPT: PowerHelper: getFps() 168: Returned fps value: 0.000000
08-13 13:46:03.780  1442  1625 I ANDR-PWR-OPT: PowerHelper: getNodeData() 196: FPS0.000000 FRAMECOUNT0
08-13 13:46:03.780  1442  1625 I ANDR-PWR-OPT: PowerHelper: getFps() 168: Returned fps value: 0.000000
08-13 13:46:04.125 18484 18484 W HidlServiceManagement: Waited one second for vendor.qti.diaghal@1.0::Idiag/default
08-13 13:46:04.126   829   829 I hwservicemanager: Since vendor.qti.diaghal@1.0::Idiag/default is not registered, trying to start it as a lazy HAL (if it's not configured to be a lazy HAL, it may be stuck starting or still starting).
08-13 13:46:04.127 18484 18484 I HidlServiceManagement: getService: Trying again for vendor.qti.diaghal@1.0::Idiag/default...
08-13 13:46:04.128   829 18515 W libc    : Unable to set property "ctl.interface_start" to "vendor.qti.diaghal@1.0::Idiag/default": error code: 0x20
08-13 13:46:04.128   829 18515 I hwservicemanager: Tried to start vendor.qti.diaghal@1.0::Idiag/default as a lazy service, but was unable to. Usually this happens when a service is not installed, but if the service is intended to be used as a lazy service, then it may be configured incorrectly.
08-13 13:46:04.280  1442  1625 I ANDR-PWR-OPT: PowerHelper: getNodeData() 196: FPS0.000000 FRAMECOUNT0
08-13 13:46:04.280  1442  1625 I ANDR-PWR-OPT: PowerHelper: getFps() 168: Returned fps value: 0.000000
08-13 13:46:04.574 18519 18519 W BpBinder: Linking to death on android.gui.ISurfaceComposer but there are no threads (yet?) listening to incoming transactions. See ProcessState::startThreadPool and ProcessState::setThreadPoolMaxThreadCount. Generally you should setup the binder threadpool before other initialization steps.
08-13 13:46:04.574 18519 18519 W ProcessState: Extra binder thread started, but 0 threads requested. Do not use *startThreadPool when zero threads are requested.
08-13 13:46:04.574  1450  1450 W qdgralloc: Failed to open smmu proxy node = /dev/qti-smmu-proxy, error = No such file or directory
08-13 13:46:04.574  1450  1450 W qdgralloc: Failed to open smmu proxy node = /dev/qti-smmu-proxy, error = No such file or directory
08-13 13:46:04.612 18519 18520 I AdrenoUtils: <ReadGpuID:357>: Reading chip ID through GSL
08-13 13:46:04.608 18519 18519 I screencap: type=1400 audit(0.0:2795233): avc:  denied  { read } for  name="libubwcp.so" dev="dm-12" ino=2672 scontext=u:r:shell:s0 tcontext=u:object_r:vendor_file:s0 tclass=file permissive=1
08-13 13:46:04.608 18519 18519 I screencap: type=1400 audit(0.0:2795234): avc:  denied  { open } for  path="/vendor/lib64/libubwcp.so" dev="dm-12" ino=2672 scontext=u:r:shell:s0 tcontext=u:object_r:vendor_file:s0 tclass=file permissive=1
08-13 13:46:04.608 18519 18519 I screencap: type=1400 audit(0.0:2795235): avc:  denied  { getattr } for  path="/vendor/lib64/libubwcp.so" dev="dm-12" ino=2672 scontext=u:r:shell:s0 tcontext=u:object_r:vendor_file:s0 tclass=file permissive=1
08-13 13:46:04.608 18519 18519 I screencap: type=1400 audit(0.0:2795236): avc:  denied  { map } for  path="/vendor/lib64/libubwcp.so" dev="dm-12" ino=2672 scontext=u:r:shell:s0 tcontext=u:object_r:vendor_file:s0 tclass=file permissive=1
08-13 13:46:04.608 18519 18519 I screencap: type=1400 audit(0.0:2795237): avc:  denied  { execute } for  path="/vendor/lib64/libubwcp.so" dev="dm-12" ino=2672 scontext=u:r:shell:s0 tcontext=u:object_r:vendor_file:s0 tclass=file permissive=1
08-13 13:46:04.736  3855  3855 I DefaultDispatch: type=1400 audit(0.0:2795238): avc:  denied  { getattr } for  path="/dev/ttyHS5" dev="tmpfs" ino=1141 scontext=u:r:system_app:s0 tcontext=u:object_r:device:s0 tclass=chr_file permissive=1
