--------- beginning of system
08-13 13:57:06.157  2312  2796 D CompatibilityChangeReporter: Compat change id reported: 161252188; UID 10194; state: DISABLED
08-13 13:57:06.158  2312  2796 W ActivityTaskManager: callingPackage for (uid=2000, pid=22488) has no WPC
08-13 13:57:06.158  2312  2796 D CompatibilityChangeReporter: Compat change id reported: 265464455; UID 10194; state: DISABLED
08-13 13:57:06.159  2312  2796 D CompatibilityChangeReporter: Compat change id reported: 265452344; UID 10194; state: DISABLED
08-13 13:57:06.159  2312  2796 D CompatibilityChangeReporter: Compat change id reported: 266124927; UID 10194; state: DISABLED
08-13 13:57:06.159  2312  2796 D CompatibilityChangeReporter: Compat change id reported: 265451093; UID 10194; state: DISABLED
08-13 13:57:06.159  2312  2796 D CompatibilityChangeReporter: Compat change id reported: 265456536; UID 10194; state: DISABLED
08-13 13:57:06.159  2312  2796 D CompatibilityChangeReporter: Compat change id reported: 255940284; UID 10194; state: DISABLED
08-13 13:57:06.159  2312  2796 D CompatibilityChangeReporter: Compat change id reported: 236283604; UID 10194; state: DISABLED
08-13 13:57:06.159  2312  2796 D CompatibilityChangeReporter: Compat change id reported: 263959004; UID 10194; state: DISABLED
08-13 13:57:06.159  2312  2796 D CompatibilityChangeReporter: Compat change id reported: 264304459; UID 10194; state: DISABLED
08-13 13:57:06.160  2312  2796 D CompatibilityChangeReporter: Compat change id reported: 264301586; UID 10194; state: DISABLED
08-13 13:57:06.160  2312  2796 D CompatibilityChangeReporter: Compat change id reported: 254631730; UID 10194; state: DISABLED
08-13 13:57:06.160  2312  2796 D CompatibilityChangeReporter: Compat change id reported: 273509367; UID 10194; state: DISABLED
08-13 13:57:06.160  2312  2796 D CompatibilityChangeReporter: Compat change id reported: 263259275; UID 10194; state: DISABLED
08-13 13:57:06.160  2312  2796 D CompatibilityChangeReporter: Compat change id reported: 174042980; UID 10194; state: DISABLED
08-13 13:57:06.160  2312  2796 D CompatibilityChangeReporter: Compat change id reported: 174042936; UID 10194; state: DISABLED
08-13 13:57:06.160  2312  2796 D CompatibilityChangeReporter: Compat change id reported: 181136395; UID 10194; state: DISABLED
--------- beginning of main
08-13 13:57:06.161   829   829 I hwservicemanager: getTransport: Cannot find entry vendor.qti.hardware.servicetracker@1.2::IServicetracker/default in either framework or device VINTF manifest.
08-13 13:57:06.161  2312  2796 W ActivityTaskManager: servicetracker HIDL not available
08-13 13:57:06.161  2312  2796 E ActivityTaskManager: Unable to get servicetracker HAL instance
08-13 13:57:06.161   829   829 I hwservicemanager: getTransport: Cannot find entry vendor.qti.hardware.servicetracker@1.2::IServicetracker/default in either framework or device VINTF manifest.
08-13 13:57:06.162  2312  2796 W ActivityTaskManager: servicetracker HIDL not available
08-13 13:57:06.162  2312  2796 E ActivityTaskManager: Unable to get servicetracker HAL instance
08-13 13:57:06.162  2312  2796 D CompatibilityChangeReporter: Compat change id reported: 194480991; UID 10194; state: ENABLED
08-13 13:57:06.168  2312  2796 D CompatibilityChangeReporter: Compat change id reported: 184838306; UID 10194; state: DISABLED
08-13 13:57:06.168  2312  2796 D CompatibilityChangeReporter: Compat change id reported: 185004937; UID 10194; state: DISABLED
08-13 13:57:06.169  2312  2796 D CompatibilityChangeReporter: Compat change id reported: 197654537; UID 10194; state: DISABLED
08-13 13:57:06.169  2312  2796 D CompatibilityChangeReporter: Compat change id reported: 205907456; UID 10194; state: DISABLED
08-13 13:57:06.169  2312  2796 D ActivityTrigger: ActivityTrigger activityPauseTrigger 
08-13 13:57:06.169   829   829 I hwservicemanager: getTransport: Cannot find entry vendor.qti.hardware.servicetracker@1.2::IServicetracker/default in either framework or device VINTF manifest.
08-13 13:57:06.169  2312  2796 W ActivityTaskManager: servicetracker HIDL not available
08-13 13:57:06.169  2312  2796 E ActivityTaskManager: Unable to get servicetracker HAL instance
08-13 13:57:06.170  2312  2796 I ActivityTaskManager: START u0 {flg=0x10000000 cmp=io.taowen.bx/com.winlator.BionicXActivity} with LAUNCH_MULTIPLE from uid 2000 (BAL_ALLOW_PERMISSION) result code=0
08-13 13:57:06.171  2312  2363 D CompatibilityChangeReporter: Compat change id reported: 135634846; UID 10194; state: DISABLED
08-13 13:57:06.171  2312  2363 D CompatibilityChangeReporter: Compat change id reported: 177438394; UID 10194; state: DISABLED
08-13 13:57:06.171  2312  2363 D CompatibilityChangeReporter: Compat change id reported: 135772972; UID 10194; state: DISABLED
08-13 13:57:06.171  2312  2363 D CompatibilityChangeReporter: Compat change id reported: 135754954; UID 10194; state: DISABLED
08-13 13:57:06.171  2312  2370 D CompatibilityChangeReporter: Compat change id reported: 143937733; UID 10194; state: DISABLED
08-13 13:57:06.171  2659  2692 V WindowManagerShell: Transition requested: android.os.BinderProxy@825fdfb TransitionRequestInfo { type = OPEN, triggerTask = TaskInfo{userId=0 taskId=1063 displayId=0 isRunning=true baseIntent=Intent { flg=0x10000000 cmp=io.taowen.bx/com.winlator.BionicXActivity } baseActivity=ComponentInfo{io.taowen.bx/com.winlator.BionicXActivity} topActivity=ComponentInfo{io.taowen.bx/com.winlator.BionicXActivity} origActivity=null realActivity=ComponentInfo{io.taowen.bx/com.winlator.BionicXActivity} numActivities=1 lastActiveTime=63934419 supportsMultiWindow=true resizeMode=1 isResizeable=true minWidth=-1 minHeight=-1 defaultMinSize=220 token=WCT{android.window.IWindowContainerToken$Stub$Proxy@6b1ce18} topActivityType=1 pictureInPictureParams=null shouldDockBigOverlays=false launchIntoPipHostTaskId=-1 lastParentTaskIdBeforePip=-1 displayCutoutSafeInsets=null topActivityInfo=ActivityInfo{5104071 com.winlator.BionicXActivity} launchCookies=[] positionInParent=Point(0, 0) parentTaskId=-1 isFocused=false isVisible=false isVisibleRequested=false isSleeping=false topActivityInSizeCompat=false topActivityEligibleForLetterboxEducation= false topActivityLetterboxed= false isFromDoubleTap= false topActivityLetterboxVerticalPosition= -1 topActivityLetterboxHorizontalPosition= -1 topActivityLetterboxWidth=-1 topActivityLetterboxHeight=-1 locusId=null displayAreaFeatureId=1 cameraCompatControlState=hidden}, remoteTransition = null, displayChange = null }
08-13 13:57:06.172   829   829 I hwservicemanager: getTransport: Cannot find entry vendor.qti.hardware.servicetracker@1.2::IServicetracker/default in either framework or device VINTF manifest.
08-13 13:57:06.172  3855  4900 W InputReader: pauseServer
08-13 13:57:06.172  2312  2796 W ActivityTaskManager: servicetracker HIDL not available
08-13 13:57:06.172  2312  2796 E ActivityTaskManager: Unable to get servicetracker HAL instance
08-13 13:57:06.173  1442  1525 I ANDR-PWR-OPT: PowerAppClassifier: getAppType() 59: checking app [io.taowen.bx] is type 2
08-13 13:57:06.174  1442  1525 I QLM-Client-Lib: qlm_client_init: Initialized client poweropt-service
08-13 13:57:06.175  1474  1618 E ANDR-PERF-RESOURCEQS: ANDR-PERF-RESOURCEQS: AddAndApply() 131: Resource value ffffffff is not supported
08-13 13:57:06.175  2312  3431 D CompatibilityChangeReporter: Compat change id reported: 168419799; UID 10194; state: DISABLED
08-13 13:57:06.175  2312  3431 D CompatibilityChangeReporter: Compat change id reported: 273564678; UID 10194; state: DISABLED
08-13 13:57:06.175  1442  1525 I ANDR-PWR-OPT: PowerAppClassifier: getAppType() 59: checking app [com.ayaneo.home] is type 3
08-13 13:57:06.176  1442  1525 I ANDR-PWR-OPT: PowerAppClassifier: getAppType() 59: checking app [io.taowen.bx] is type 2
08-13 13:57:06.176  1442  1525 I QLM-Client-Lib: qlm_client_init: Initialized client poweropt-service
08-13 13:57:06.176  2659  2659 I StatusBarHideIconsForBouncerManager: updateHideIconsForBouncer set com.ayaneo.home hide statusbar
08-13 13:57:06.177  2312  2495 D CompatibilityChangeReporter: Compat change id reported: 265195908; UID 10194; state: ENABLED
08-13 13:57:06.179  2312  2796 D CoreBackPreview: Window{1c5e21a u0 Splash Screen io.taowen.bx}: Setting back callback OnBackInvokedCallbackInfo{mCallback=android.window.IOnBackInvokedCallback$Stub$Proxy@7c6ddd4, mPriority=0, mIsAnimationCallback=false}
08-13 13:57:06.179 22493 22493 I xsu     : sending cmd:chmod 750 /storage
08-13 13:57:06.179 22493 22493 I xsu     : sending cmd end:chmod 750 /storage
08-13 13:57:06.179 22493 22493 I xsu     : free cmd end
08-13 13:57:06.179 22493 22493 I xsu     : xsu_recv cmd before
08-13 13:57:06.179 22493 22493 I xsu_api : xsu_recv memset enter
08-13 13:57:06.179 22493 22493 I xsu_api : xsu_recv memset end
08-13 13:57:06.180  1604 22497 I xsu_api : xsu_recv memset enter
08-13 13:57:06.180  1604 22497 I xsu_api : xsu_recv memset end
08-13 13:57:06.180  1604 22497 I xsu_api : xsu_recv retry end
08-13 13:57:06.180  1604 22497 I xsu_api : ret=4, version=200, type=0, payload_size=22
08-13 13:57:06.180  1604 22497 I xsu_api : xsu_recv type and len
08-13 13:57:06.180  1604 22497 I xsu_api : header.type=0, header.payload_size=22, xsu_header_t=4
08-13 13:57:06.180  1604 22497 I xsu_api : xsu_recv type and len end
08-13 13:57:06.180  1604 22497 I xsud    : handle comming cmd:chmod 750 /storage
08-13 13:57:06.180  2659  2659 I StatusBarHideIconsForBouncerManager: updateHideIconsForBouncer set com.ayaneo.home hide statusbar
08-13 13:57:06.180  2659  2659 I StatusBarHideIconsForBouncerManager: updateHideIconsForBouncer set com.ayaneo.home hide statusbar
08-13 13:57:06.180  1300  1300 D Zygote  : Forked child process 22499
08-13 13:57:06.181  2312  2370 I ActivityManager: Start proc 22499:io.taowen.bx/u0a194 for next-top-activity {io.taowen.bx/com.winlator.BionicXActivity}
08-13 13:57:06.181  2312 22500 W ContextImpl: Calling a method in the system process without a qualified user: android.app.ContextImpl.sendBroadcast:1220 com.qualcomm.qti.Performance$SendGameLaunchBroadcast.run:248 java.lang.Thread.run:1564 <bottom of call stack> <bottom of call stack> 
08-13 13:57:06.181  1450  7741 W qdgralloc: Failed to open smmu proxy node = /dev/qti-smmu-proxy, error = No such file or directory
08-13 13:57:06.181  1450  7741 W qdgralloc: Failed to open smmu proxy node = /dev/qti-smmu-proxy, error = No such file or directory
08-13 13:57:06.182  1450  7741 W qdgralloc: Failed to open smmu proxy node = /dev/qti-smmu-proxy, error = No such file or directory
08-13 13:57:06.182  1450  7741 W qdgralloc: Failed to open smmu proxy node = /dev/qti-smmu-proxy, error = No such file or directory
08-13 13:57:06.182  2659  2746 W qdgralloc: getInterlacedFlag: getMetaData returned 3, defaulting to interlaced_flag = 0
08-13 13:57:06.182  1450  7741 W qdgralloc: Failed to open smmu proxy node = /dev/qti-smmu-proxy, error = No such file or directory
08-13 13:57:06.182  1450  7741 W qdgralloc: Failed to open smmu proxy node = /dev/qti-smmu-proxy, error = No such file or directory
08-13 13:57:06.182  1450  7741 W qdgralloc: Failed to open smmu proxy node = /dev/qti-smmu-proxy, error = No such file or directory
08-13 13:57:06.182  1450  7741 W qdgralloc: Failed to open smmu proxy node = /dev/qti-smmu-proxy, error = No such file or directory
08-13 13:57:06.182  3798  4675 W SQLiteLog: (28) double-quoted string literal: "io.taowen.bx"
08-13 13:57:06.183 22499 22499 I libc    : SetHeapTaggingLevel: tag level set to 0
08-13 13:57:06.184  2312  2360 V WindowManager: Sent Transition #361 createdAt=08-13 13:57:06.162 via request=TransitionRequestInfo { type = OPEN, triggerTask = TaskInfo{userId=0 taskId=1063 displayId=0 isRunning=true baseIntent=Intent { flg=0x10000000 cmp=io.taowen.bx/com.winlator.BionicXActivity } baseActivity=ComponentInfo{io.taowen.bx/com.winlator.BionicXActivity} topActivity=ComponentInfo{io.taowen.bx/com.winlator.BionicXActivity} origActivity=null realActivity=ComponentInfo{io.taowen.bx/com.winlator.BionicXActivity} numActivities=1 lastActiveTime=63934419 supportsMultiWindow=true resizeMode=1 isResizeable=true minWidth=-1 minHeight=-1 defaultMinSize=220 token=WCT{RemoteToken{4c51279 Task{e3ea30e #1063 type=standard A=10194:io.taowen.bx}}} topActivityType=1 pictureInPictureParams=null shouldDockBigOverlays=false launchIntoPipHostTaskId=-1 lastParentTaskIdBeforePip=-1 displayCutoutSafeInsets=null topActivityInfo=ActivityInfo{61febbe com.winlator.BionicXActivity} launchCookies=[] positionInParent=Point(0, 0) parentTaskId=-1 isFocused=false isVisible=false isVisibleRequested=false isSleeping=false topActivityInSizeCompat=false topActivityEligibleForLetterboxEducation= false topActivityLetterboxed= false isFromDoubleTap= false topActivityLetterboxVerticalPosition= -1 topActivityLetterboxHorizontalPosition= -1 topActivityLetterboxWidth=-1 topActivityLetterboxHeight=-1 locusId=null displayAreaFeatureId=1 cameraCompatControlState=hidden}, remoteTransition = null, displayChange = null }
08-13 13:57:06.184  2312  2360 V WindowManager:     startWCT=WindowContainerTransaction { changes = {} hops = [] errorCallbackToken=null taskFragmentOrganizer=null }
08-13 13:57:06.184  2312  2360 V WindowManager:     info={id=361 t=OPEN f=0x0 trk=0 r=[0@Point(0, 0)] c=[{WCT{RemoteToken{4c51279 Task{e3ea30e #1063 type=standard A=10194:io.taowen.bx}}} m=OPEN f=NONE leash=Surface(name=Task=1063)/@0x20aaec3 sb=Rect(0, 0 - 1920, 1080) eb=Rect(0, 0 - 1920, 1080) d=0},{WCT{RemoteToken{2a7f21 Task{7ae2566 #1 type=home}}} m=TO_BACK f=NONE leash=Surface(name=Task=1)/@0x5a2c562 sb=Rect(0, 0 - 1920, 1080) eb=Rect(0, 0 - 1920, 1080) d=0}]}
08-13 13:57:06.184  2659  2692 V WindowManagerShell: onTransitionReady android.os.BinderProxy@825fdfb: {id=361 t=OPEN f=0x0 trk=0 r=[0@Point(0, 0)] c=[{WCT{android.window.IWindowContainerToken$Stub$Proxy@e4ab906} m=OPEN f=NONE leash=Surface(name=Task=1063)/@0xc6e5beb sb=Rect(0, 0 - 1920, 1080) eb=Rect(0, 0 - 1920, 1080) d=0},{WCT{android.window.IWindowContainerToken$Stub$Proxy@ad4cbc7} m=TO_BACK f=NONE leash=Surface(name=Task=1)/@0xdc0ed48 sb=Rect(0, 0 - 1920, 1080) eb=Rect(0, 0 - 1920, 1080) d=0}]}
08-13 13:57:06.184  2659  2692 V WindowManagerShell: Playing animation for (#361)android.os.BinderProxy@825fdfb@0
08-13 13:57:06.184  2659  2692 V WindowManagerShell:  try handler com.android.wm.shell.transition.DefaultMixedHandler@34c80d7
08-13 13:57:06.184  2659  2692 V WindowManagerShell:  try handler com.android.wm.shell.keyguard.KeyguardTransitionHandler@b885ee1
08-13 13:57:06.184  2659  2692 V WindowManagerShell:  try handler com.android.wm.shell.activityembedding.ActivityEmbeddingController@8ff2406
08-13 13:57:06.184  2659  2692 V WindowManagerShell:  try handler com.android.wm.shell.recents.RecentsTransitionHandler@4405ac7
08-13 13:57:06.184  2659  2692 V ShellRecents: RecentsTransitionHandler.startAnimation: no controller found
08-13 13:57:06.184  2659  2692 V WindowManagerShell:  try handler com.android.wm.shell.pip.PipTransition@7f978f4
08-13 13:57:06.184  2659  2692 V WindowManagerShell:  try handler com.android.wm.shell.splitscreen.StageCoordinator@8cb081d
08-13 13:57:06.184  2659  2692 V WindowManagerShell:  try handler com.android.wm.shell.transition.RemoteTransitionHandler@e5ddc63
08-13 13:57:06.184  2659  2692 V WindowManagerShell: Transition doesn't have explicit remote, search filters for match for {id=361 t=OPEN f=0x0 trk=0 r=[0@Point(0, 0)] c=[{WCT{android.window.IWindowContainerToken$Stub$Proxy@e4ab906} m=OPEN f=NONE leash=Surface(name=Task=1063)/@0xc6e5beb sb=Rect(0, 0 - 1920, 1080) eb=Rect(0, 0 - 1920, 1080) d=0},{WCT{android.window.IWindowContainerToken$Stub$Proxy@ad4cbc7} m=TO_BACK f=NONE leash=Surface(name=Task=1)/@0xdc0ed48 sb=Rect(0, 0 - 1920, 1080) eb=Rect(0, 0 - 1920, 1080) d=0}]}
08-13 13:57:06.184  2659  2692 V WindowManagerShell:  Delegate animation for #361 to null
08-13 13:57:06.184  2659  2692 V WindowManagerShell:  try handler com.android.wm.shell.transition.DefaultTransitionHandler@eaf3060
08-13 13:57:06.184  2659  2692 V WindowManagerShell: start default transition animation, info = {id=361 t=OPEN f=0x0 trk=0 r=[0@Point(0, 0)] c=[{WCT{android.window.IWindowContainerToken$Stub$Proxy@e4ab906} m=OPEN f=NONE leash=Surface(name=Task=1063)/@0xc6e5beb sb=Rect(0, 0 - 1920, 1080) eb=Rect(0, 0 - 1920, 1080) d=0},{WCT{android.window.IWindowContainerToken$Stub$Proxy@ad4cbc7} m=TO_BACK f=NONE leash=Surface(name=Task=1)/@0xdc0ed48 sb=Rect(0, 0 - 1920, 1080) eb=Rect(0, 0 - 1920, 1080) d=0}]}
08-13 13:57:06.184  2659  2692 V WindowManagerShell: loadAnimation: anim=android.view.animation.AnimationSet@9a7611d animAttr=0x9 type=OPEN isEntrance=false
08-13 13:57:06.184  2659  2692 V WindowManagerShell: loadAnimation: anim=android.view.animation.AnimationSet@d61d60 animAttr=0x8 type=OPEN isEntrance=true
08-13 13:57:06.185  2659  2692 V WindowManagerShell:  animated by com.android.wm.shell.transition.DefaultTransitionHandler@eaf3060
08-13 13:57:06.185  2312  6735 D InputDispatcher: onFocusChangedLocked
08-13 13:57:06.185  2659  2659 I StatusBarHideIconsForBouncerManager: updateHideIconsForBouncer set com.ayaneo.home hide statusbar
08-13 13:57:06.185  2659  2659 I StatusBarHideIconsForBouncerManager: updateHideIconsForBouncer set com.ayaneo.home hide statusbar
08-13 13:57:06.186  2659  2659 I StatusBarHideIconsForBouncerManager: updateHideIconsForBouncer set com.ayaneo.home hide statusbar
08-13 13:57:06.186 22499 22499 I io.taowen.bx: Late-enabling -Xcheck:jni
08-13 13:57:06.188 22493 22493 I xsu_api : xsu_recv retry end
08-13 13:57:06.188 22493 22493 I xsu_api : ret=4, version=200, type=3, payload_size=0
08-13 13:57:06.188 22493 22493 I xsu_api : xsu_recv type and len
08-13 13:57:06.188 22493 22493 I xsu_api : header.type=3, header.payload_size=0, xsu_header_t=4
08-13 13:57:06.188 22493 22493 I xsu_api : xsu_recv type and len end
08-13 13:57:06.188 22493 22493 I xsu     : xsu_recv cmd end
08-13 13:57:06.188 22493 22493 I xsu     : end session!
08-13 13:57:06.193 22502 22502 I xsu     : sending cmd:setenforce 0
08-13 13:57:06.194 22502 22502 I xsu     : sending cmd end:setenforce 0
08-13 13:57:06.194 22502 22502 I xsu     : free cmd end
08-13 13:57:06.194 22502 22502 I xsu     : xsu_recv cmd before
08-13 13:57:06.194 22502 22502 I xsu_api : xsu_recv memset enter
08-13 13:57:06.194 22502 22502 I xsu_api : xsu_recv memset end
08-13 13:57:06.194  1604 22503 I xsu_api : xsu_recv memset enter
08-13 13:57:06.194  1604 22503 I xsu_api : xsu_recv memset end
08-13 13:57:06.194  1604 22503 I xsu_api : xsu_recv retry end
08-13 13:57:06.194  1604 22503 I xsu_api : ret=4, version=200, type=0, payload_size=16
08-13 13:57:06.194  1604 22503 I xsu_api : xsu_recv type and len
08-13 13:57:06.194  1604 22503 I xsu_api : header.type=0, header.payload_size=16, xsu_header_t=4
08-13 13:57:06.194  1604 22503 I xsu_api : xsu_recv type and len end
08-13 13:57:06.194  1604 22503 I xsud    : handle comming cmd:setenforce 0
08-13 13:57:06.199 22499 22499 I io.taowen.bx: Using CollectorTypeCMC GC.
08-13 13:57:06.199 22502 22502 I xsu_api : xsu_recv retry end
08-13 13:57:06.199 22502 22502 I xsu_api : ret=4, version=200, type=3, payload_size=0
08-13 13:57:06.199 22502 22502 I xsu_api : xsu_recv type and len
08-13 13:57:06.199 22502 22502 I xsu_api : header.type=3, header.payload_size=0, xsu_header_t=4
08-13 13:57:06.199 22502 22502 I xsu_api : xsu_recv type and len end
08-13 13:57:06.199 22502 22502 I xsu     : xsu_recv cmd end
08-13 13:57:06.199 22502 22502 I xsu     : end session!
08-13 13:57:06.201  2128  2229 I adbd    : jdwp connection from 22499
08-13 13:57:06.202 22499 22499 D nativeloader: Load libframework-connectivity-tiramisu-jni.so using APEX ns com_android_tethering for caller /apex/com.android.tethering/javalib/framework-connectivity-t.jar: ok
08-13 13:57:06.206  2312  2796 D CompatibilityInfo: mCompatibilityFlags - 0
08-13 13:57:06.206  2312  2796 D CompatibilityInfo: applicationDensity - 440
08-13 13:57:06.206  2312  2796 D CompatibilityInfo: applicationScale - 1.0
08-13 13:57:06.206  2312  2796 I DisplayRotation: rotationForOrientation: orientation=6, preferredRotation=1, sensorRotation=1, lastRotation=1
08-13 13:57:06.206  2312  2796 I DisplayRotation: updateRotation: lastOrientation=6, oldRotation=1, newRotation=1
08-13 13:57:06.207   829   829 I hwservicemanager: getTransport: Cannot find entry vendor.qti.hardware.servicetracker@1.2::IServicetracker/default in either framework or device VINTF manifest.
08-13 13:57:06.207  2312  2796 W ActivityTaskManager: servicetracker HIDL not available
08-13 13:57:06.207  2312  2796 E ActivityTaskManager: Unable to get servicetracker HAL instance
08-13 13:57:06.208 22499 22499 D CompatibilityChangeReporter: Compat change id reported: 171979766; UID 10194; state: DISABLED
08-13 13:57:06.208 22499 22499 D CompatibilityChangeReporter: Compat change id reported: 242716250; UID 10194; state: DISABLED
08-13 13:57:06.210  2312  9637 D CompatibilityChangeReporter: Compat change id reported: 170503758; UID 10194; state: DISABLED
08-13 13:57:06.211 22499 22499 D ApplicationLoaders: Returning zygote-cached class loader: /system/framework/android.test.base.jar
08-13 13:57:06.271 22499 22499 D nativeloader: Configuring clns-4 for other apk /data/app/~~5qP5nsu4Y7Tud7TArj4xHg==/io.taowen.bx-_b84dAfAgoDs1Utws59YIA==/base.apk. target_sdk_version=28, uses_libraries=, library_path=/data/app/~~5qP5nsu4Y7Tud7TArj4xHg==/io.taowen.bx-_b84dAfAgoDs1Utws59YIA==/lib/arm64:/data/app/~~5qP5nsu4Y7Tud7TArj4xHg==/io.taowen.bx-_b84dAfAgoDs1Utws59YIA==/base.apk!/lib/arm64-v8a, permitted_path=/data:/mnt/expand:/data/user/0/io.taowen.bx
08-13 13:57:06.271 22499 22499 D nativeloader: Extending system_exposed_libraries: libbinauralrenderer_wrapper.qti.so:libhoaeffects.qti.so:libQOC.qti.so:libupdateprof.qti.so:libthermalclient.qti.so:libQOC.qti.so:libdiag_system.qti.so:libqape.qti.so:libqesdk_ndk_platform.qti.so:liblistenjni.qti.so
08-13 13:57:06.273 22499 22499 D nativeloader: Load libframework-connectivity-jni.so using APEX ns com_android_tethering for caller /apex/com.android.tethering/javalib/framework-connectivity.jar: ok
08-13 13:57:06.274 22499 22499 I Perf    : Connecting to perf service.
08-13 13:57:06.275 22499 22499 V GraphicsEnvironment: Currently set values for:
08-13 13:57:06.275 22499 22499 V GraphicsEnvironment:   angle_gl_driver_selection_pkgs=[]
08-13 13:57:06.275 22499 22499 V GraphicsEnvironment:   angle_gl_driver_selection_values=[]
08-13 13:57:06.275 22499 22499 V GraphicsEnvironment: ANGLE GameManagerService for io.taowen.bx: false
08-13 13:57:06.275 22499 22499 V GraphicsEnvironment: io.taowen.bx is not listed in per-application setting
08-13 13:57:06.275 22499 22499 V GraphicsEnvironment: Updatable production driver is not supported on the device.
08-13 13:57:06.279  2312  3431 I ActivityManager: Flag disabled. Ignoring finishAttachApplication from uid: 10194. pid: 22499
08-13 13:57:06.280  1442  1625 I ANDR-PWR-OPT: PowerHelper: getNodeData() 196: FPS5.400000 FRAMECOUNT14
08-13 13:57:06.280  1442  1625 I ANDR-PWR-OPT: PowerHelper: getFps() 168: Returned fps value: 5.400000
08-13 13:57:06.281 22499 22518 D vulkan  : searching for layers in '/data/app/~~5qP5nsu4Y7Tud7TArj4xHg==/io.taowen.bx-_b84dAfAgoDs1Utws59YIA==/lib/arm64'
08-13 13:57:06.281 22499 22518 D vulkan  : searching for layers in '/data/app/~~5qP5nsu4Y7Tud7TArj4xHg==/io.taowen.bx-_b84dAfAgoDs1Utws59YIA==/base.apk!/lib/arm64-v8a'
08-13 13:57:06.289  1541  1541 I qspmHal : enter getGpuProf at: -105768847
08-13 13:57:06.289  1541  1541 I qspmHal : PID 22499 from GFX matched.
08-13 13:57:06.290  1541  1541 I qspmHal : gpuProfName:io.taowen.bx-gpu - gpu prof_info.path:/data/vendor/gaming/io.taowen.bx-gpu
08-13 13:57:06.290  1541  1541 E qspmHal : GPU profile file NOT found !!
08-13 13:57:06.290 22499 22518 I AdrenoVK-0: ===== BEGIN DUMP OF OVERRIDDEN SETTINGS =====
08-13 13:57:06.290 22499 22518 I AdrenoVK-0: ===== END DUMP OF OVERRIDDEN SETTINGS =====
08-13 13:57:06.292 22499 22518 I AdrenoVK-0: QUALCOMM build          : 43c70540de, Ibee7afe120
08-13 13:57:06.292 22499 22518 I AdrenoVK-0: Build Date              : 07/17/24
08-13 13:57:06.292 22499 22518 I AdrenoVK-0: Shader Compiler Version : E031.45.02.16
08-13 13:57:06.292 22499 22518 I AdrenoVK-0: Local Branch            : 
08-13 13:57:06.292 22499 22518 I AdrenoVK-0: Remote Branch           : refs/tags/AU_LINUX_ANDROID_LA.VENDOR.14.3.0.11.00.00.973.576
08-13 13:57:06.292 22499 22518 I AdrenoVK-0: Remote Branch           : NONE
08-13 13:57:06.292 22499 22518 I AdrenoVK-0: Reconstruct Branch      : NOTHING
08-13 13:57:06.292 22499 22518 I AdrenoVK-0: Build Config            : S P 16.1.2 AArch64
08-13 13:57:06.292 22499 22518 I AdrenoVK-0: Driver Path             : /vendor/lib64/hw/vulkan.adreno.so
08-13 13:57:06.292 22499 22518 I AdrenoVK-0: Driver Version          : 0762.24
08-13 13:57:06.292 22499 22518 I AdrenoVK-0: PFP                     : 0x01520175
08-13 13:57:06.292 22499 22518 I AdrenoVK-0: ME                      : 0x01520023
08-13 13:57:06.292 22499 22518 I AdrenoVK-0: Application Name    : android framework
08-13 13:57:06.292 22499 22518 I AdrenoVK-0: Application Version : 0x00000000
08-13 13:57:06.292 22499 22518 I AdrenoVK-0: Engine Name         : android framework
08-13 13:57:06.292 22499 22518 I AdrenoVK-0: Engine Version      : 0x00000000
08-13 13:57:06.292 22499 22518 I AdrenoVK-0: Api Version         : 0x00401000
08-13 13:57:06.297 22499 22499 I BionicX : profile=wps-office display=1920x1080@144 socket=filesystem
08-13 13:57:06.299 22499 22520 D CompatibilityChangeReporter: Compat change id reported: 351566728; UID 10194; state: DISABLED
08-13 13:57:06.299 22499 22499 D nativeloader: Load /data/app/~~5qP5nsu4Y7Tud7TArj4xHg==/io.taowen.bx-_b84dAfAgoDs1Utws59YIA==/lib/arm64/libwinlator.so using class loader ns clns-4 (caller=/data/app/~~5qP5nsu4Y7Tud7TArj4xHg==/io.taowen.bx-_b84dAfAgoDs1Utws59YIA==/base.apk!classes11.dex): ok
08-13 13:57:06.302 22499 22499 D nativeloader: Load /data/app/~~5qP5nsu4Y7Tud7TArj4xHg==/io.taowen.bx-_b84dAfAgoDs1Utws59YIA==/lib/arm64/libgladiorenderer.so using class loader ns clns-4 (caller=/data/app/~~5qP5nsu4Y7Tud7TArj4xHg==/io.taowen.bx-_b84dAfAgoDs1Utws59YIA==/base.apk!classes8.dex): ok
08-13 13:57:06.308 22499 22524 I BionicX : runtime DNS servers=1
08-13 13:57:06.308 22499 22499 D CompatibilityChangeReporter: Compat change id reported: 237531167; UID 10194; state: DISABLED
08-13 13:57:06.309 22499 22499 W OpenGLRenderer: Unknown dataspace 0
08-13 13:57:06.309 22499 22524 I BionicX : launching WPS Office Writer (AArch64): [/data/user/0/io.taowen.bx/files/bin/bionicx-exec, --cwd, /data/user/0/io.taowen.bx/files/rootfs/opt/kingsoft/wps-office/office6, --argv0, wps, --env, DISPLAY=:0, --env, HOME=/data/user/0/io.taowen.bx/files/homes/wps-office, --env, TMPDIR=/data/user/0/io.taowen.bx/files/run/wps-office, --env, XDG_RUNTIME_DIR=/data/user/0/io.taowen.bx/files/run/wps-office/runtime, --env, GCONV_PATH=/data/user/0/io.taowen.bx/files/rootfs/usr/lib/aarch64-linux-gnu/gconv, --env, LANG=C, --env, QT_QPA_PLATFORM=xcb, --env, QT_X11_NO_MITSHM=1, --env, PATH=/data/user/0/io.taowen.bx/files/rootfs/usr/bin:/data/user/0/io.taowen.bx/files/rootfs/bin:/product/bin:/system/bin, --env, BIONICX_OPEN_PDF=/data/user/0/io.taowen.bx/files/rootfs/opt/kingsoft/wps-office/office6/wpspdf, --env, BIONICX_DNS_SERVERS=10.21.198.26, --env, BIONICX_ROOTFS=/data/user/0/io.taowen.bx/files/rootfs, --env, BIONICX_TMPDIR=/data/user/0/io.taowen.bx/cache, --env, FONTCONFIG_PATH=/data/user/0/io.taowen.bx/files/rootfs/etc/fonts, --env, FONTCONFIG_FILE=fonts.conf, --env, FONTCONFIG_SYSROOT=/data/user/0/io.taowen.bx/files/rootfs, --env, LD_PRELOAD=/data/user/0/io.taowen.bx/files/lib/libbionicx-runtime.so, --, /data/user/0/io.taowen.bx/files/rootfs/opt/kingsoft/wps-office/office6/wps]
08-13 13:57:06.310  2312  6735 W WindowManager: Failed looking up window session=Session{4528be9 22499:u0a10194} callers=com.android.server.wm.WindowManagerService.windowForClientLocked:6067 com.android.server.wm.Session.updateRequestedVisibleTypes:690 android.view.IWindowSession$Stub.onTransact:1034 
08-13 13:57:06.313  2312  2796 D CoreBackPreview: Window{d38757a u0 io.taowen.bx/com.winlator.BionicXActivity}: Setting back callback OnBackInvokedCallbackInfo{mCallback=android.window.IOnBackInvokedCallback$Stub$Proxy@f203c5d, mPriority=0, mIsAnimationCallback=false}
08-13 13:57:06.314 22499 22529 I BionicX : bionicx-exec: running untraced pid=22531
08-13 13:57:06.315  2659  2659 D CentralSurfaces: Received new disable state: enaihbcrso.qingr (unchanged)
08-13 13:57:06.321 22499 22521 D libEGL  : loaded /vendor/lib64/egl/libEGL_adreno.so
08-13 13:57:06.323 22499 22521 D libEGL  : loaded /vendor/lib64/egl/libGLESv1_CM_adreno.so
08-13 13:57:06.325 22499 22521 D libEGL  : loaded /vendor/lib64/egl/libGLESv2_adreno.so
08-13 13:57:06.341 22499 22521 I AdrenoGLES-0: QUALCOMM build                   : 43c70540de, Ibee7afe120
08-13 13:57:06.341 22499 22521 I AdrenoGLES-0: Build Date                       : 07/17/24
08-13 13:57:06.341 22499 22521 I AdrenoGLES-0: OpenGL ES Shader Compiler Version: E031.45.02.16
08-13 13:57:06.341 22499 22521 I AdrenoGLES-0: Local Branch                     : 
08-13 13:57:06.341 22499 22521 I AdrenoGLES-0: Remote Branch                    : refs/tags/AU_LINUX_ANDROID_LA.VENDOR.14.3.0.11.00.00.973.576
08-13 13:57:06.341 22499 22521 I AdrenoGLES-0: Remote Branch                    : NONE
08-13 13:57:06.341 22499 22521 I AdrenoGLES-0: Reconstruct Branch               : NOTHING
08-13 13:57:06.341 22499 22521 I AdrenoGLES-0: Build Config                     : S P 16.1.2 AArch64
08-13 13:57:06.341 22499 22521 I AdrenoGLES-0: Driver Path                      : /vendor/lib64/egl/libGLESv2_adreno.so
08-13 13:57:06.341 22499 22521 I AdrenoGLES-0: Driver Version                   : 0762.24
08-13 13:57:06.341 22499 22521 I AdrenoGLES-0: Process Name                     : io.taowen.bx
08-13 13:57:06.342 22499 22521 I AdrenoGLES-0: PFP: 0x01520175, ME: 0x01520023
08-13 13:57:06.344  1541  1541 I qspmHal : enter getGpuProf at: -105768792
08-13 13:57:06.344  1541  1541 I qspmHal : PID 22499 from GFX matched.
08-13 13:57:06.344  1541  1541 I qspmHal : gpuProfName:io.taowen.bx-gpu - gpu prof_info.path:/data/vendor/gaming/io.taowen.bx-gpu
08-13 13:57:06.344  1541  1541 E qspmHal : GPU profile file NOT found !!
08-13 13:57:06.345 22499 22521 I AdrenoUtils: <ReadGpuID:357>: Reading chip ID through GSL
08-13 13:57:06.348   829   829 I hwservicemanager: getTransport: Cannot find entry android.hardware.graphics.allocator@4.0::IAllocator/default in either framework or device VINTF manifest.
08-13 13:57:06.348  1450  7741 W qdgralloc: Failed to open smmu proxy node = /dev/qti-smmu-proxy, error = No such file or directory
08-13 13:57:06.348  1450  7741 W qdgralloc: Failed to open smmu proxy node = /dev/qti-smmu-proxy, error = No such file or directory
08-13 13:57:06.349  1450  1450 W qdgralloc: Failed to open smmu proxy node = /dev/qti-smmu-proxy, error = No such file or directory
08-13 13:57:06.349  1450  1450 W qdgralloc: Failed to open smmu proxy node = /dev/qti-smmu-proxy, error = No such file or directory
08-13 13:57:06.349 22499 22518 W qdgralloc: getInterlacedFlag: getMetaData returned 3, defaulting to interlaced_flag = 0
08-13 13:57:06.357  2312  2360 I ActivityTaskManager: Displayed io.taowen.bx/com.winlator.BionicXActivity for user 0: +199ms
08-13 13:57:06.359  1450  1450 W qdgralloc: Failed to open smmu proxy node = /dev/qti-smmu-proxy, error = No such file or directory
08-13 13:57:06.359  1450  1450 W qdgralloc: Failed to open smmu proxy node = /dev/qti-smmu-proxy, error = No such file or directory
08-13 13:57:06.362  1450  1450 W qdgralloc: Failed to open smmu proxy node = /dev/qti-smmu-proxy, error = No such file or directory
08-13 13:57:06.363  1450  1450 W qdgralloc: Failed to open smmu proxy node = /dev/qti-smmu-proxy, error = No such file or directory
08-13 13:57:06.363 22499 22518 W qdgralloc: getInterlacedFlag: getMetaData returned 3, defaulting to interlaced_flag = 0
08-13 13:57:06.365  2659  2746 W qdgralloc: getInterlacedFlag: getMetaData returned 3, defaulting to interlaced_flag = 0
08-13 13:57:06.368  2312  6735 D InputDispatcher: onFocusChangedLocked
08-13 13:57:06.369  2312  6735 D CompatibilityChangeReporter: Compat change id reported: 214016041; UID 10194; state: DISABLED
08-13 13:57:06.369  2312  6735 I ImeTracker: io.taowen.bx:25950168: onRequestHide at ORIGIN_SERVER_HIDE_INPUT reason HIDE_UNSPECIFIED_WINDOW
08-13 13:57:06.370  2312  6735 I ImeTracker: io.taowen.bx:25950168: onCancelled at PHASE_SERVER_SHOULD_HIDE
08-13 13:57:06.371  2659  2746 W qdgralloc: getInterlacedFlag: getMetaData returned 3, defaulting to interlaced_flag = 0
08-13 13:57:06.371  5422  5422 I GoogleInputMethodService: GoogleInputMethodService.onFinishInput():2259 
08-13 13:57:06.371  5422  5422 I Module  : DeviceLockedStatusModuleProvider$Module.updateDeviceLockedStatus():103 repeatCheckTimes = 0, locked = false
08-13 13:57:06.372  5422  5422 I GoogleInputMethodService: GoogleInputMethodService.onStartInput():1446 onStartInput(EditorInfo{EditorInfo{packageName=io.taowen.bx, inputType=0, inputTypeString=NULL, enableLearning=false, autoCorrection=false, autoComplete=false, imeOptions=0, privateImeOptions=null, actionName=UNSPECIFIED, actionLabel=null, initialSelStart=-1, initialSelEnd=-1, initialCapsMode=0, label=null, fieldId=0, fieldName=null, extras=null, hintText=null, hintLocales=[]}}, false)
08-13 13:57:06.372  5422  5422 W AndroidIME: LatinIMEBase.updateInputViewCoverNavigation():327 Null input view, cannot update padding!
08-13 13:57:06.372  5422  5422 I Module  : DeviceLockedStatusModuleProvider$Module.updateDeviceLockedStatus():103 repeatCheckTimes = 1, locked = false
08-13 13:57:06.372  2312  9637 W PackageConfigPersister: App-specific configuration not found for packageName: io.taowen.bx and userId: 0
08-13 13:57:06.379  2659  2746 W qdgralloc: getInterlacedFlag: getMetaData returned 3, defaulting to interlaced_flag = 0
08-13 13:57:06.409 22499 22523 I WinlatorXRequest: seq=1 opcode=98 data=0 bytes=16
08-13 13:57:06.409 22499 22523 I WinlatorXRequest: seq=2 opcode=156 data=0 bytes=0
08-13 13:57:06.410 22499 22523 I WinlatorXRequest: seq=3 opcode=55 data=0 bytes=16
08-13 13:57:06.410 22499 22523 I WinlatorXRequest: seq=4 opcode=20 data=0 bytes=20
08-13 13:57:06.410 22499 22523 I WinlatorXRequest: seq=5 opcode=98 data=0 bytes=16
08-13 13:57:06.410 22499 22523 I WinlatorXRequest: seq=6 opcode=148 data=0 bytes=4
08-13 13:57:06.410 22499 22523 I WinlatorXRequest: seq=7 opcode=16 data=0 bytes=16
08-13 13:57:06.410 22499 22523 I WinlatorXRequest: seq=8 opcode=16 data=0 bytes=20
08-13 13:57:06.411 22499 22523 I WinlatorXRequest: seq=9 opcode=16 data=0 bytes=20
08-13 13:57:06.411 22499 22523 I WinlatorXRequest: seq=10 opcode=16 data=0 bytes=16
08-13 13:57:06.411 22499 22523 I WinlatorXRequest: seq=11 opcode=16 data=0 bytes=24
08-13 13:57:06.411 22499 22523 I WinlatorXRequest: seq=12 opcode=16 data=0 bytes=24
08-13 13:57:06.411 22499 22523 I WinlatorXRequest: seq=13 opcode=16 data=0 bytes=32
08-13 13:57:06.411 22499 22523 I WinlatorXRequest: seq=14 opcode=16 data=0 bytes=12
08-13 13:57:06.411 22499 22523 I WinlatorXRequest: seq=15 opcode=16 data=0 bytes=28
08-13 13:57:06.411 22499 22523 I WinlatorXRequest: seq=16 opcode=16 data=0 bytes=12
08-13 13:57:06.411 22499 22523 I WinlatorXRequest: seq=17 opcode=16 data=0 bytes=20
08-13 13:57:06.411 22499 22523 I WinlatorXRequest: seq=18 opcode=16 data=0 bytes=12
08-13 13:57:06.411 22499 22523 I WinlatorXRequest: seq=19 opcode=16 data=0 bytes=12
08-13 13:57:06.411 22499 22523 I WinlatorXRequest: seq=20 opcode=16 data=0 bytes=20
08-13 13:57:06.411 22499 22523 I WinlatorXRequest: seq=21 opcode=16 data=0 bytes=20
08-13 13:57:06.411 22499 22523 I WinlatorXRequest: seq=22 opcode=16 data=0 bytes=16
08-13 13:57:06.411 22499 22523 I WinlatorXRequest: seq=23 opcode=16 data=0 bytes=24
08-13 13:57:06.411 22499 22523 I WinlatorXRequest: seq=24 opcode=16 data=0 bytes=16
08-13 13:57:06.411 22499 22523 I WinlatorXRequest: seq=25 opcode=16 data=0 bytes=8
08-13 13:57:06.411 22499 22523 I WinlatorXRequest: seq=26 opcode=16 data=0 bytes=12
08-13 13:57:06.412 22499 22523 I WinlatorXRequest: seq=27 opcode=16 data=0 bytes=12
08-13 13:57:06.412 22499 22523 I WinlatorXRequest: seq=28 opcode=16 data=0 bytes=16
08-13 13:57:06.412 22499 22523 I WinlatorXRequest: seq=29 opcode=16 data=0 bytes=16
08-13 13:57:06.412 22499 22523 I WinlatorXRequest: seq=30 opcode=16 data=0 bytes=20
08-13 13:57:06.412 22499 22523 I WinlatorXRequest: seq=31 opcode=16 data=0 bytes=20
08-13 13:57:06.412 22499 22523 I WinlatorXRequest: seq=32 opcode=16 data=0 bytes=28
08-13 13:57:06.412 22499 22523 I WinlatorXRequest: seq=33 opcode=16 data=0 bytes=28
08-13 13:57:06.412 22499 22523 I WinlatorXRequest: seq=34 opcode=16 data=0 bytes=24
08-13 13:57:06.412 22499 22523 I WinlatorXRequest: seq=35 opcode=16 data=0 bytes=20
08-13 13:57:06.412 22499 22523 I WinlatorXRequest: seq=36 opcode=16 data=0 bytes=16
08-13 13:57:06.412 22499 22523 I WinlatorXRequest: seq=37 opcode=16 data=0 bytes=20
08-13 13:57:06.412 22499 22523 I WinlatorXRequest: seq=38 opcode=16 data=0 bytes=24
08-13 13:57:06.412 22499 22523 I WinlatorXRequest: seq=39 opcode=16 data=0 bytes=24
08-13 13:57:06.412 22499 22523 I WinlatorXRequest: seq=40 opcode=16 data=0 bytes=20
08-13 13:57:06.412 22499 22523 I WinlatorXRequest: seq=41 opcode=16 data=0 bytes=20
08-13 13:57:06.413 22499 22523 I WinlatorXRequest: seq=42 opcode=16 data=0 bytes=28
08-13 13:57:06.413 22499 22523 I WinlatorXRequest: seq=43 opcode=16 data=0 bytes=20
08-13 13:57:06.413 22499 22523 I WinlatorXRequest: seq=44 opcode=16 data=0 bytes=24
08-13 13:57:06.413 22499 22523 I WinlatorXRequest: seq=45 opcode=16 data=0 bytes=20
08-13 13:57:06.413 22499 22523 I WinlatorXRequest: seq=46 opcode=16 data=0 bytes=24
08-13 13:57:06.413 22499 22523 I WinlatorXRequest: seq=47 opcode=16 data=0 bytes=20
08-13 13:57:06.413 22499 22523 I WinlatorXRequest: seq=48 opcode=16 data=0 bytes=28
08-13 13:57:06.413 22499 22523 I WinlatorXRequest: seq=49 opcode=16 data=0 bytes=24
08-13 13:57:06.413 22499 22523 I WinlatorXRequest: seq=50 opcode=16 data=0 bytes=16
08-13 13:57:06.413 22499 22523 I WinlatorXRequest: seq=51 opcode=16 data=0 bytes=24
08-13 13:57:06.413 22499 22523 I WinlatorXRequest: seq=52 opcode=16 data=0 bytes=16
08-13 13:57:06.413 22499 22523 I WinlatorXRequest: seq=53 opcode=16 data=0 bytes=16
08-13 13:57:06.413 22499 22523 I WinlatorXRequest: seq=54 opcode=16 data=0 bytes=28
08-13 13:57:06.413 22499 22523 I WinlatorXRequest: seq=55 opcode=16 data=0 bytes=20
08-13 13:57:06.413 22499 22523 I WinlatorXRequest: seq=56 opcode=16 data=0 bytes=24
08-13 13:57:06.414 22499 22523 I WinlatorXRequest: seq=57 opcode=16 data=0 bytes=24
08-13 13:57:06.414 22499 22523 I WinlatorXRequest: seq=58 opcode=16 data=0 bytes=28
08-13 13:57:06.414 22499 22523 I WinlatorXRequest: seq=59 opcode=16 data=0 bytes=32
08-13 13:57:06.414 22499 22523 I WinlatorXRequest: seq=60 opcode=16 data=0 bytes=32
08-13 13:57:06.414 22499 22523 I WinlatorXRequest: seq=61 opcode=16 data=0 bytes=24
08-13 13:57:06.414 22499 22523 I WinlatorXRequest: seq=62 opcode=16 data=0 bytes=32
08-13 13:57:06.414 22499 22523 I WinlatorXRequest: seq=63 opcode=16 data=0 bytes=36
08-13 13:57:06.414 22499 22523 I WinlatorXRequest: seq=64 opcode=16 data=0 bytes=24
08-13 13:57:06.414 22499 22523 I WinlatorXRequest: seq=65 opcode=16 data=0 bytes=24
08-13 13:57:06.414 22499 22523 I WinlatorXRequest: seq=66 opcode=16 data=0 bytes=28
08-13 13:57:06.414 22499 22523 I WinlatorXRequest: seq=67 opcode=16 data=0 bytes=28
08-13 13:57:06.414 22499 22523 I WinlatorXRequest: seq=68 opcode=16 data=0 bytes=24
08-13 13:57:06.414 22499 22523 I WinlatorXRequest: seq=69 opcode=16 data=0 bytes=32
08-13 13:57:06.414 22499 22523 I WinlatorXRequest: seq=70 opcode=16 data=0 bytes=28
08-13 13:57:06.414 22499 22523 I WinlatorXRequest: seq=71 opcode=16 data=0 bytes=32
08-13 13:57:06.415 22499 22523 I WinlatorXRequest: seq=72 opcode=16 data=0 bytes=28
08-13 13:57:06.415 22499 22523 I WinlatorXRequest: seq=73 opcode=16 data=0 bytes=32
08-13 13:57:06.415 22499 22523 I WinlatorXRequest: seq=74 opcode=16 data=0 bytes=32
08-13 13:57:06.415 22499 22523 I WinlatorXRequest: seq=75 opcode=16 data=0 bytes=32
08-13 13:57:06.415 22499 22523 I WinlatorXRequest: seq=76 opcode=16 data=0 bytes=40
08-13 13:57:06.415 22499 22523 I WinlatorXRequest: seq=77 opcode=16 data=0 bytes=36
08-13 13:57:06.415 22499 22523 I WinlatorXRequest: seq=78 opcode=16 data=0 bytes=32
08-13 13:57:06.415 22499 22523 I WinlatorXRequest: seq=79 opcode=16 data=0 bytes=36
08-13 13:57:06.415 22499 22523 I WinlatorXRequest: seq=80 opcode=16 data=0 bytes=32
08-13 13:57:06.415 22499 22523 I WinlatorXRequest: seq=81 opcode=16 data=0 bytes=28
08-13 13:57:06.415 22499 22523 I WinlatorXRequest: seq=82 opcode=16 data=0 bytes=32
08-13 13:57:06.415 22499 22523 I WinlatorXRequest: seq=83 opcode=16 data=0 bytes=36
08-13 13:57:06.416 22499 22523 I WinlatorXRequest: seq=84 opcode=16 data=0 bytes=28
08-13 13:57:06.416 22499 22523 I WinlatorXRequest: seq=85 opcode=16 data=0 bytes=24
08-13 13:57:06.416 22499 22523 I WinlatorXRequest: seq=86 opcode=16 data=0 bytes=24
08-13 13:57:06.416 22499 22523 I WinlatorXRequest: seq=87 opcode=16 data=0 bytes=28
08-13 13:57:06.416 22499 22523 I WinlatorXRequest: seq=88 opcode=16 data=0 bytes=28
08-13 13:57:06.416 22499 22523 I WinlatorXRequest: seq=89 opcode=16 data=0 bytes=20
08-13 13:57:06.416 22499 22523 I WinlatorXRequest: seq=90 opcode=16 data=0 bytes=28
08-13 13:57:06.416 22499 22523 I WinlatorXRequest: seq=91 opcode=16 data=0 bytes=24
08-13 13:57:06.416 22499 22523 I WinlatorXRequest: seq=92 opcode=16 data=0 bytes=8
08-13 13:57:06.416 22499 22523 I WinlatorXRequest: seq=93 opcode=16 data=0 bytes=16
08-13 13:57:06.416 22499 22523 I WinlatorXRequest: seq=94 opcode=16 data=0 bytes=12
08-13 13:57:06.416 22499 22523 I WinlatorXRequest: seq=95 opcode=16 data=0 bytes=16
08-13 13:57:06.416 22499 22523 I WinlatorXRequest: seq=96 opcode=16 data=0 bytes=16
08-13 13:57:06.417 22499 22523 I WinlatorXRequest: seq=97 opcode=16 data=0 bytes=16
08-13 13:57:06.417 22499 22523 I WinlatorXRequest: seq=98 opcode=16 data=0 bytes=16
08-13 13:57:06.417 22499 22523 I WinlatorXRequest: seq=99 opcode=16 data=0 bytes=12
08-13 13:57:06.417 22499 22523 I WinlatorXRequest: seq=100 opcode=16 data=0 bytes=16
08-13 13:57:06.417 22499 22523 I WinlatorXRequest: seq=101 opcode=16 data=0 bytes=16
08-13 13:57:06.417 22499 22523 I WinlatorXRequest: seq=102 opcode=16 data=0 bytes=20
08-13 13:57:06.417 22499 22523 I WinlatorXRequest: seq=103 opcode=16 data=0 bytes=20
08-13 13:57:06.417 22499 22523 I WinlatorXRequest: seq=104 opcode=16 data=0 bytes=16
08-13 13:57:06.417 22499 22523 I WinlatorXRequest: seq=105 opcode=16 data=0 bytes=16
08-13 13:57:06.417 22499 22523 I WinlatorXRequest: seq=106 opcode=16 data=0 bytes=20
08-13 13:57:06.417 22499 22523 I WinlatorXRequest: seq=107 opcode=16 data=0 bytes=20
08-13 13:57:06.417 22499 22523 I WinlatorXRequest: seq=108 opcode=16 data=0 bytes=20
08-13 13:57:06.417 22499 22523 I WinlatorXRequest: seq=109 opcode=16 data=0 bytes=20
08-13 13:57:06.418 22499 22523 I WinlatorXRequest: seq=110 opcode=16 data=0 bytes=24
08-13 13:57:06.418 22499 22523 I WinlatorXRequest: seq=111 opcode=16 data=0 bytes=20
08-13 13:57:06.418 22499 22523 I WinlatorXRequest: seq=112 opcode=16 data=0 bytes=12
08-13 13:57:06.418 22499 22523 I WinlatorXRequest: seq=113 opcode=16 data=0 bytes=16
08-13 13:57:06.418 22499 22523 I WinlatorXRequest: seq=114 opcode=16 data=0 bytes=16
08-13 13:57:06.418 22499 22523 I WinlatorXRequest: seq=115 opcode=16 data=0 bytes=20
08-13 13:57:06.418 22499 22523 I WinlatorXRequest: seq=116 opcode=16 data=0 bytes=16
08-13 13:57:06.418 22499 22523 I WinlatorXRequest: seq=117 opcode=16 data=0 bytes=20
08-13 13:57:06.418 22499 22523 I WinlatorXRequest: seq=118 opcode=16 data=0 bytes=24
08-13 13:57:06.418 22499 22523 I WinlatorXRequest: seq=119 opcode=16 data=0 bytes=28
08-13 13:57:06.418 22499 22523 I WinlatorXRequest: seq=120 opcode=16 data=0 bytes=28
08-13 13:57:06.418 22499 22523 I WinlatorXRequest: seq=121 opcode=16 data=0 bytes=24
08-13 13:57:06.419 22499 22523 I WinlatorXRequest: seq=122 opcode=16 data=0 bytes=24
08-13 13:57:06.419 22499 22523 I WinlatorXRequest: seq=123 opcode=16 data=0 bytes=24
08-13 13:57:06.419 22499 22523 I WinlatorXRequest: seq=124 opcode=16 data=0 bytes=24
08-13 13:57:06.419 22499 22523 I WinlatorXRequest: seq=125 opcode=16 data=0 bytes=24
08-13 13:57:06.419 22499 22523 I WinlatorXRequest: seq=126 opcode=16 data=0 bytes=20
08-13 13:57:06.419 22499 22523 I WinlatorXRequest: seq=127 opcode=16 data=0 bytes=24
08-13 13:57:06.419 22499 22523 I WinlatorXRequest: seq=128 opcode=16 data=0 bytes=16
08-13 13:57:06.419 22499 22523 I WinlatorXRequest: seq=129 opcode=16 data=0 bytes=12
08-13 13:57:06.419 22499 22523 I WinlatorXRequest: seq=130 opcode=16 data=0 bytes=12
08-13 13:57:06.419 22499 22523 I WinlatorXRequest: seq=131 opcode=16 data=0 bytes=12
08-13 13:57:06.419 22499 22523 I WinlatorXRequest: seq=132 opcode=16 data=0 bytes=12
08-13 13:57:06.420 22499 22523 I WinlatorXRequest: seq=133 opcode=16 data=0 bytes=16
08-13 13:57:06.420 22499 22523 I WinlatorXRequest: seq=134 opcode=16 data=0 bytes=16
08-13 13:57:06.420 22499 22523 I WinlatorXRequest: seq=135 opcode=16 data=0 bytes=16
08-13 13:57:06.420 22499 22523 I WinlatorXRequest: seq=136 opcode=16 data=0 bytes=16
08-13 13:57:06.420 22499 22523 I WinlatorXRequest: seq=137 opcode=16 data=0 bytes=16
08-13 13:57:06.420 22499 22523 I WinlatorXRequest: seq=138 opcode=16 data=0 bytes=20
08-13 13:57:06.420 22499 22523 I WinlatorXRequest: seq=139 opcode=16 data=0 bytes=12
08-13 13:57:06.420 22499 22523 I WinlatorXRequest: seq=140 opcode=16 data=0 bytes=20
08-13 13:57:06.420 22499 22523 I WinlatorXRequest: seq=141 opcode=16 data=0 bytes=20
08-13 13:57:06.420 22499 22523 I WinlatorXRequest: seq=142 opcode=16 data=0 bytes=20
08-13 13:57:06.420 22499 22523 I WinlatorXRequest: seq=143 opcode=16 data=0 bytes=20
08-13 13:57:06.420 22499 22523 I WinlatorXRequest: seq=144 opcode=16 data=0 bytes=24
08-13 13:57:06.421 22499 22523 I WinlatorXRequest: seq=145 opcode=16 data=0 bytes=28
08-13 13:57:06.421 22499 22523 I WinlatorXRequest: seq=146 opcode=16 data=0 bytes=28
08-13 13:57:06.421 22499 22523 I WinlatorXRequest: seq=147 opcode=16 data=0 bytes=32
08-13 13:57:06.421 22499 22523 I WinlatorXRequest: seq=148 opcode=16 data=0 bytes=28
08-13 13:57:06.421 22499 22523 I WinlatorXRequest: seq=149 opcode=16 data=0 bytes=24
08-13 13:57:06.421 22499 22523 I WinlatorXRequest: seq=150 opcode=16 data=0 bytes=16
08-13 13:57:06.421 22499 22523 I WinlatorXRequest: seq=151 opcode=16 data=0 bytes=8
08-13 13:57:06.421 22499 22523 I WinlatorXRequest: seq=152 opcode=16 data=0 bytes=16
08-13 13:57:06.421 22499 22523 I WinlatorXRequest: seq=153 opcode=16 data=0 bytes=32
08-13 13:57:06.421 22499 22523 I WinlatorXRequest: seq=154 opcode=98 data=0 bytes=12
08-13 13:57:06.422 22499 22523 I WinlatorXRequest: seq=155 opcode=98 data=0 bytes=12
08-13 13:57:06.422 22499 22523 I WinlatorXRequest: seq=156 opcode=98 data=0 bytes=12
08-13 13:57:06.422 22499 22523 I WinlatorXRequest: seq=157 opcode=98 data=0 bytes=12
08-13 13:57:06.422 22499 22523 I WinlatorXRequest: seq=158 opcode=98 data=0 bytes=8
08-13 13:57:06.422 22499 22523 I WinlatorXRequest: seq=159 opcode=98 data=0 bytes=12
08-13 13:57:06.422 22499 22523 I WinlatorXRequest: seq=160 opcode=98 data=0 bytes=16
08-13 13:57:06.422 22499 22523 I WinlatorXRequest: seq=161 opcode=98 data=0 bytes=20
08-13 13:57:06.422 22499 22523 I WinlatorXRequest: seq=162 opcode=155 data=0 bytes=0
08-13 13:57:06.422 22499 22523 I WinlatorXRequest: seq=163 opcode=155 data=1 bytes=12
08-13 13:57:06.422 22499 22523 I WinlatorXRequest: seq=164 opcode=43 data=0 bytes=0
08-13 13:57:06.422 22499 22523 I WinlatorXRequest: seq=165 opcode=155 data=2 bytes=4
08-13 13:57:06.423 22499 22523 I WinlatorXRequest: seq=166 opcode=150 data=0 bytes=8
08-13 13:57:06.423 22499 22523 I WinlatorXRequest: seq=167 opcode=151 data=0 bytes=8
08-13 13:57:06.423 22499 22523 I WinlatorXRequest: seq=168 opcode=152 data=0 bytes=8
08-13 13:57:06.423 22499 22523 I WinlatorXRequest: seq=169 opcode=149 data=47 bytes=4
08-13 13:57:06.423 22499 22523 I WinlatorXRequest: seq=170 opcode=148 data=0 bytes=4
08-13 13:57:06.423 22499 22523 I WinlatorXRequest: seq=171 opcode=150 data=4 bytes=8
08-13 13:57:06.423 22499 22523 I WinlatorXRequest: seq=172 opcode=16 data=0 bytes=20
08-13 13:57:06.423 22499 22523 I WinlatorXRequest: seq=173 opcode=23 data=0 bytes=4
08-13 13:57:06.423 22499 22523 I WinlatorXRequest: seq=174 opcode=20 data=0 bytes=20
08-13 13:57:06.423 22499 22523 I WinlatorXRequest: seq=175 opcode=20 data=0 bytes=20
08-13 13:57:06.423 22499 22523 I WinlatorXRequest: seq=176 opcode=3 data=0 bytes=4
08-13 13:57:06.424 22499 22523 I WinlatorXRequest: seq=177 opcode=2 data=0 bytes=12
08-13 13:57:06.424 22499 22523 I WinlatorXRequest: seq=178 opcode=20 data=0 bytes=20
08-13 13:57:06.424 22499 22523 I WinlatorXRequest: seq=179 opcode=150 data=25 bytes=4
08-13 13:57:06.424 22499 22523 I WinlatorXRequest: seq=180 opcode=150 data=31 bytes=4
08-13 13:57:06.424 22499 22523 I WinlatorXRequest: seq=181 opcode=150 data=9 bytes=8
08-13 13:57:06.424 22499 22523 I WinlatorXRequest: seq=182 opcode=150 data=4 bytes=8
08-13 13:57:06.424 22499 22523 I WinlatorXRequest: seq=183 opcode=150 data=20 bytes=8
08-13 13:57:06.424 22499 22523 I WinlatorXRequest: seq=184 opcode=150 data=25 bytes=4
08-13 13:57:06.424 22499 22523 I WinlatorXRequest: seq=185 opcode=45 data=0 bytes=16
08-13 13:57:06.425 22499 22523 I WinlatorXRequest: seq=186 opcode=150 data=15 bytes=24
08-13 13:57:06.425 22499 22523 I WinlatorXRequest: seq=187 opcode=150 data=15 bytes=24
08-13 13:57:06.425 22499 22523 I WinlatorXRequest: seq=188 opcode=150 data=15 bytes=24
08-13 13:57:06.425 22499 22523 I WinlatorXRequest: seq=189 opcode=1 data=0 bytes=28
08-13 13:57:06.425 22499 22523 I WinlatorXRequest: seq=190 opcode=18 data=0 bytes=48
08-13 13:57:06.426 22499 22523 I WinlatorXRequest: seq=191 opcode=18 data=0 bytes=48
08-13 13:57:06.426 22499 22523 I WinlatorXRequest: seq=192 opcode=151 data=2 bytes=12
08-13 13:57:06.426 22499 22523 I WinlatorXRequest: seq=193 opcode=149 data=48 bytes=4
08-13 13:57:06.426 22499 22523 I WinlatorXRequest: seq=194 opcode=149 data=46 bytes=16
08-13 13:57:06.426 22499 22523 I WinlatorXRequest: seq=195 opcode=20 data=0 bytes=20
08-13 13:57:06.426 22499 22523 I WinlatorXRequest: seq=196 opcode=148 data=1 bytes=12
08-13 13:57:06.426 22499 22523 I WinlatorXRequest: seq=197 opcode=43 data=0 bytes=0
08-13 13:57:06.426 22499 22523 I WinlatorXRequest: seq=198 opcode=98 data=0 bytes=16
08-13 13:57:06.426 22499 22523 I WinlatorXRequest: seq=199 opcode=148 data=24 bytes=12
08-13 13:57:06.426 22499 22523 I WinlatorXRequest: seq=200 opcode=148 data=17 bytes=8
08-13 13:57:06.426 22499 22523 I WinlatorXRequest: seq=201 opcode=148 data=8 bytes=24
08-13 13:57:06.427 22499 22523 I WinlatorXRequest: seq=202 opcode=148 data=8 bytes=24
08-13 13:57:06.427 22499 22523 I WinlatorXRequest: seq=203 opcode=148 data=13 bytes=8
08-13 13:57:06.428 22499 22523 I WinlatorXRequest: seq=204 opcode=148 data=10 bytes=8
08-13 13:57:06.428 22499 22523 I WinlatorXRequest: seq=205 opcode=148 data=17 bytes=8
08-13 13:57:06.439 22499 22523 I WinlatorXRequest: seq=206 opcode=148 data=6 bytes=4
08-13 13:57:06.439 22499 22523 I WinlatorXRequest: seq=207 opcode=17 data=0 bytes=4
08-13 13:57:06.439 22499 22523 I WinlatorXRequest: seq=208 opcode=17 data=0 bytes=4
08-13 13:57:06.439 22499 22523 I WinlatorXRequest: seq=209 opcode=17 data=0 bytes=4
08-13 13:57:06.439 22499 22523 I WinlatorXRequest: seq=210 opcode=17 data=0 bytes=4
08-13 13:57:06.439 22499 22523 I WinlatorXRequest: seq=211 opcode=17 data=0 bytes=4
08-13 13:57:06.439 22499 22523 I WinlatorXRequest: seq=212 opcode=17 data=0 bytes=4
08-13 13:57:06.439 22499 22523 I WinlatorXRequest: seq=213 opcode=17 data=0 bytes=4
08-13 13:57:06.439 22499 22523 I WinlatorXRequest: seq=214 opcode=17 data=0 bytes=4
08-13 13:57:06.439 22499 22523 I WinlatorXRequest: seq=215 opcode=17 data=0 bytes=4
08-13 13:57:06.439 22499 22523 I WinlatorXRequest: seq=216 opcode=17 data=0 bytes=4
08-13 13:57:06.439 22499 22523 I WinlatorXRequest: seq=217 opcode=148 data=4 bytes=4
08-13 13:57:06.440 22499 22523 I WinlatorXRequest: seq=218 opcode=151 data=2 bytes=12
08-13 13:57:06.440 22499 22523 I WinlatorXRequest: seq=219 opcode=151 data=2 bytes=12
08-13 13:57:06.440 22499 22523 I WinlatorXRequest: seq=220 opcode=38 data=0 bytes=4
08-13 13:57:06.440 22499 22523 I WinlatorXRequest: seq=221 opcode=43 data=0 bytes=0
08-13 13:57:06.487 22499 22508 I io.taowen.bx: Compiler allocated 4390KB to compile void android.view.ViewRootImpl.performTraversals()
08-13 13:57:06.491 22499 22523 I WinlatorXRequest: seq=222 opcode=101 data=0 bytes=4
08-13 13:57:06.491 22499 22523 I WinlatorXRequest: seq=223 opcode=119 data=0 bytes=0
08-13 13:57:06.514 22499 22523 I WinlatorXRequest: seq=224 opcode=78 data=0 bytes=12
08-13 13:57:06.515 22499 22523 I WinlatorXRequest: seq=225 opcode=1 data=32 bytes=56
08-13 13:57:06.515 22499 22523 I WinlatorXRequest: seq=226 opcode=18 data=0 bytes=92
08-13 13:57:06.515 22499 22523 I WinlatorXRequest: seq=227 opcode=18 data=0 bytes=28
08-13 13:57:06.515 22499 22523 I WinlatorXRequest: seq=228 opcode=18 data=0 bytes=28
08-13 13:57:06.515 22499 22523 I WinlatorXRequest: seq=229 opcode=18 data=0 bytes=24
08-13 13:57:06.515 22499 22523 I WinlatorXRequest: seq=230 opcode=18 data=0 bytes=32
08-13 13:57:06.515 22499 22523 I WinlatorXRequest: seq=231 opcode=1 data=0 bytes=28
08-13 13:57:06.515 22499 22523 I WinlatorXRequest: seq=232 opcode=18 data=0 bytes=24
08-13 13:57:06.515 22499 22523 I WinlatorXRequest: seq=233 opcode=18 data=0 bytes=24
08-13 13:57:06.515 22499 22523 I WinlatorXRequest: seq=234 opcode=18 data=0 bytes=24
08-13 13:57:06.515 22499 22523 I WinlatorXRequest: seq=235 opcode=18 data=0 bytes=56
08-13 13:57:06.515 22499 22523 I WinlatorXRequest: seq=236 opcode=18 data=0 bytes=24
08-13 13:57:06.515 22499 22523 I WinlatorXRequest: seq=237 opcode=18 data=0 bytes=28
08-13 13:57:06.515 22499 22523 I WinlatorXRequest: seq=238 opcode=149 data=46 bytes=16
08-13 13:57:06.515 22499 22523 I WinlatorXRequest: seq=239 opcode=43 data=0 bytes=0
08-13 13:57:06.515 22499 22523 I WinlatorXRequest: seq=240 opcode=2 data=0 bytes=16
08-13 13:57:06.515 22499 22523 I WinlatorXRequest: seq=241 opcode=18 data=0 bytes=32
08-13 13:57:06.516 22499 22523 I WinlatorXRequest: seq=242 opcode=25 data=0 bytes=40
08-13 13:57:06.516 22499 22523 I WinlatorXRequest: seq=243 opcode=25 data=0 bytes=40
08-13 13:57:06.516 22499 22523 I WinlatorXRequest: seq=244 opcode=19 data=0 bytes=8
08-13 13:57:06.516 22499 22523 I WinlatorXRequest: seq=245 opcode=20 data=0 bytes=20
08-13 13:57:06.516 22499 22523 I WinlatorXRequest: seq=246 opcode=18 data=0 bytes=56
08-13 13:57:06.516 22499 22523 I WinlatorXRequest: seq=247 opcode=18 data=0 bytes=24
08-13 13:57:06.516 22499 22523 I WinlatorXRequest: seq=248 opcode=18 data=0 bytes=20
08-13 13:57:06.516 22499 22523 I WinlatorXRequest: seq=249 opcode=43 data=112 bytes=0
08-13 13:57:06.518 22499 22523 I WinlatorXRequest: seq=250 opcode=18 data=0 bytes=24
08-13 13:57:06.519 22499 22523 I WinlatorXRequest: seq=251 opcode=18 data=0 bytes=397652
08-13 13:57:06.564 22499 22523 I WinlatorXRequest: seq=252 opcode=18 data=0 bytes=24
08-13 13:57:06.564 22499 22523 I WinlatorXRequest: seq=253 opcode=18 data=0 bytes=20
08-13 13:57:06.564 22499 22523 I WinlatorXRequest: seq=254 opcode=18 data=0 bytes=20
08-13 13:57:06.564 22499 22523 I WinlatorXRequest: seq=255 opcode=18 data=0 bytes=397652
08-13 13:57:06.576 22499 22523 I WinlatorXRequest: seq=256 opcode=16 data=1 bytes=20
08-13 13:57:06.576 22499 22523 I WinlatorXRequest: seq=257 opcode=23 data=0 bytes=4
08-13 13:57:06.576 22499 22523 W WinlatorXRequest: request error seq=257 major=23 minor=0 code=5 data=0
08-13 13:57:06.577 22499 22523 I WinlatorXRequest: seq=258 opcode=45 data=0 bytes=16
08-13 13:57:06.577 22499 22523 I WinlatorXRequest: seq=259 opcode=94 data=0 bytes=28
08-13 13:57:06.578 22499 22523 I WinlatorXRequest: seq=260 opcode=2 data=0 bytes=12
08-13 13:57:06.578 22499 22523 I WinlatorXRequest: seq=261 opcode=2 data=0 bytes=12
08-13 13:57:06.578 22499 22523 I WinlatorXRequest: seq=262 opcode=18 data=0 bytes=92
08-13 13:57:06.578 22499 22523 I WinlatorXRequest: seq=263 opcode=18 data=0 bytes=24
08-13 13:57:06.578 22499 22523 I WinlatorXRequest: seq=264 opcode=18 data=0 bytes=24
08-13 13:57:06.578 22499 22523 I WinlatorXRequest: seq=265 opcode=20 data=0 bytes=20
08-13 13:57:06.578 22499 22523 I WinlatorXRequest: seq=266 opcode=19 data=0 bytes=8
08-13 13:57:06.578  1583  1927 I ComposerExtn: SmoMoImpl::FrameIsLate: no valid present time for layer 7594
08-13 13:57:06.578  1450  1450 W qdgralloc: Failed to open smmu proxy node = /dev/qti-smmu-proxy, error = No such file or directory
08-13 13:57:06.579  1450  1450 W qdgralloc: Failed to open smmu proxy node = /dev/qti-smmu-proxy, error = No such file or directory
08-13 13:57:06.579 22499 22523 I WinlatorXRequest: seq=267 opcode=8 data=0 bytes=4
08-13 13:57:06.580 22499 22523 I WinlatorXRequest: seq=268 opcode=53 data=32 bytes=12
08-13 13:57:06.580 22499 22523 I WinlatorXRequest: seq=269 opcode=55 data=0 bytes=12
08-13 13:57:06.580  1583  1776 I ComposerExtn: SmoMoImpl::FrameIsLate: no valid present time for layer 7594
08-13 13:57:06.580  1450  1450 W qdgralloc: Failed to open smmu proxy node = /dev/qti-smmu-proxy, error = No such file or directory
08-13 13:57:06.581  1450  1450 W qdgralloc: Failed to open smmu proxy node = /dev/qti-smmu-proxy, error = No such file or directory
08-13 13:57:06.582 22499 22523 I WinlatorXRequest: seq=270 opcode=72 data=2 bytes=3255124
08-13 13:57:06.584  1583  1583 I ComposerExtn: SmoMoImpl::FrameIsEarly: no valid present time for layer 7594
08-13 13:57:06.584 22499 22523 I WinlatorXRequest: seq=271 opcode=2 data=0 bytes=12
08-13 13:57:06.584 22499 22523 I WinlatorXRequest: seq=272 opcode=60 data=0 bytes=4
08-13 13:57:06.584 22499 22523 I WinlatorXRequest: seq=273 opcode=54 data=0 bytes=4
08-13 13:57:06.585 22499 22523 I WinlatorXRequest: seq=274 opcode=43 data=0 bytes=0
08-13 13:57:06.589 22499 22523 I WinlatorXRequest: seq=275 opcode=155 data=1 bytes=12
08-13 13:57:06.589 22499 22523 I WinlatorXRequest: seq=276 opcode=43 data=0 bytes=0
08-13 13:57:06.591 22499 22523 I WinlatorXRequest: seq=277 opcode=53 data=32 bytes=12
08-13 13:57:06.591 22499 22523 I WinlatorXRequest: seq=278 opcode=55 data=0 bytes=16
08-13 13:57:06.591 22499 22523 I WinlatorXRequest: seq=279 opcode=59 data=3 bytes=16
08-13 13:57:06.591 22499 22523 I WinlatorXRequest: seq=280 opcode=155 data=3 bytes=36
08-13 13:57:06.592 22499 22523 I WinlatorXRequest: seq=281 opcode=56 data=0 bytes=12
08-13 13:57:06.592 22499 22523 I WinlatorXRequest: seq=282 opcode=59 data=3 bytes=16
08-13 13:57:06.592 22499 22523 I WinlatorXRequest: seq=283 opcode=155 data=3 bytes=36
08-13 13:57:06.592 22499 22523 I WinlatorXRequest: seq=284 opcode=56 data=0 bytes=12
08-13 13:57:06.599 22499 22523 I WinlatorXRequest: seq=285 opcode=1 data=32 bytes=52
08-13 13:57:06.599 22499 22523 I WinlatorXRequest: seq=286 opcode=18 data=0 bytes=92
08-13 13:57:06.599 22499 22523 I WinlatorXRequest: seq=287 opcode=18 data=0 bytes=28
08-13 13:57:06.599 22499 22523 I WinlatorXRequest: seq=288 opcode=18 data=0 bytes=28
08-13 13:57:06.599 22499 22523 I WinlatorXRequest: seq=289 opcode=18 data=0 bytes=24
08-13 13:57:06.599 22499 22523 I WinlatorXRequest: seq=290 opcode=18 data=0 bytes=32
08-13 13:57:06.599 22499 22523 I WinlatorXRequest: seq=291 opcode=18 data=0 bytes=56
08-13 13:57:06.600 22499 22523 I WinlatorXRequest: seq=292 opcode=18 data=0 bytes=24
08-13 13:57:06.600 22499 22523 I WinlatorXRequest: seq=293 opcode=18 data=0 bytes=28
08-13 13:57:06.600 22499 22523 I WinlatorXRequest: seq=294 opcode=149 data=46 bytes=16
08-13 13:57:06.600 22499 22523 I WinlatorXRequest: seq=295 opcode=43 data=0 bytes=0
08-13 13:57:06.600 22499 22523 I WinlatorXRequest: seq=296 opcode=2 data=0 bytes=16
08-13 13:57:06.600 22499 22523 I WinlatorXRequest: seq=297 opcode=18 data=0 bytes=28
08-13 13:57:06.600 22499 22523 I WinlatorXRequest: seq=298 opcode=25 data=0 bytes=40
08-13 13:57:06.600 22499 22523 I WinlatorXRequest: seq=299 opcode=25 data=0 bytes=40
08-13 13:57:06.600 22499 22523 I WinlatorXRequest: seq=300 opcode=18 data=0 bytes=40
08-13 13:57:06.600 22499 22523 I WinlatorXRequest: seq=301 opcode=20 data=0 bytes=20
08-13 13:57:06.600 22499 22523 I WinlatorXRequest: seq=302 opcode=18 data=0 bytes=56
08-13 13:57:06.600 22499 22523 I WinlatorXRequest: seq=303 opcode=18 data=0 bytes=24
08-13 13:57:06.600 22499 22523 I WinlatorXRequest: seq=304 opcode=18 data=0 bytes=20
08-13 13:57:06.600 22499 22523 I WinlatorXRequest: seq=305 opcode=43 data=0 bytes=0
08-13 13:57:06.600 22499 22523 I WinlatorXRequest: seq=306 opcode=18 data=0 bytes=24
08-13 13:57:06.601 22499 22523 I WinlatorXRequest: seq=307 opcode=18 data=0 bytes=397652
08-13 13:57:06.616 22499 22523 I WinlatorXRequest: seq=308 opcode=18 data=0 bytes=24
08-13 13:57:06.616 22499 22523 I WinlatorXRequest: seq=309 opcode=18 data=0 bytes=20
08-13 13:57:06.616 22499 22523 I WinlatorXRequest: seq=310 opcode=18 data=0 bytes=20
08-13 13:57:06.616 22499 22523 I WinlatorXRequest: seq=311 opcode=1 data=32 bytes=52
08-13 13:57:06.616 22499 22523 I WinlatorXRequest: seq=312 opcode=18 data=0 bytes=92
08-13 13:57:06.617 22499 22523 I WinlatorXRequest: seq=313 opcode=18 data=0 bytes=28
08-13 13:57:06.617 22499 22523 I WinlatorXRequest: seq=314 opcode=18 data=0 bytes=28
08-13 13:57:06.617 22499 22523 I WinlatorXRequest: seq=315 opcode=18 data=0 bytes=24
08-13 13:57:06.617 22499 22523 I WinlatorXRequest: seq=316 opcode=18 data=0 bytes=32
08-13 13:57:06.617 22499 22523 I WinlatorXRequest: seq=317 opcode=18 data=0 bytes=56
08-13 13:57:06.617 22499 22523 I WinlatorXRequest: seq=318 opcode=18 data=0 bytes=24
08-13 13:57:06.617 22499 22523 I WinlatorXRequest: seq=319 opcode=18 data=0 bytes=28
08-13 13:57:06.617 22499 22523 I WinlatorXRequest: seq=320 opcode=149 data=46 bytes=16
08-13 13:57:06.617 22499 22523 I WinlatorXRequest: seq=321 opcode=43 data=0 bytes=0
08-13 13:57:06.617 22499 22523 I WinlatorXRequest: seq=322 opcode=2 data=0 bytes=16
08-13 13:57:06.617 22499 22523 I WinlatorXRequest: seq=323 opcode=18 data=0 bytes=24
08-13 13:57:06.617 22499 22523 I WinlatorXRequest: seq=324 opcode=25 data=0 bytes=40
08-13 13:57:06.617 22499 22523 I WinlatorXRequest: seq=325 opcode=25 data=0 bytes=40
08-13 13:57:06.617 22499 22523 I WinlatorXRequest: seq=326 opcode=18 data=0 bytes=40
08-13 13:57:06.617 22499 22523 I WinlatorXRequest: seq=327 opcode=20 data=0 bytes=20
08-13 13:57:06.617 22499 22523 I WinlatorXRequest: seq=328 opcode=18 data=0 bytes=56
08-13 13:57:06.617 22499 22523 I WinlatorXRequest: seq=329 opcode=18 data=0 bytes=24
08-13 13:57:06.617 22499 22523 I WinlatorXRequest: seq=330 opcode=18 data=0 bytes=20
08-13 13:57:06.617 22499 22523 I WinlatorXRequest: seq=331 opcode=43 data=0 bytes=0
08-13 13:57:06.617 22499 22523 I WinlatorXRequest: seq=332 opcode=18 data=0 bytes=24
08-13 13:57:06.617 22499 22523 I WinlatorXRequest: seq=333 opcode=18 data=0 bytes=20
08-13 13:57:06.617 22499 22523 I WinlatorXRequest: seq=334 opcode=18 data=0 bytes=397652
08-13 13:57:06.630 22499 22523 I WinlatorXRequest: seq=335 opcode=18 data=0 bytes=92
08-13 13:57:06.630 22499 22523 I WinlatorXRequest: seq=336 opcode=12 data=0 bytes=16
08-13 13:57:06.631 22499 22523 I WinlatorXRequest: seq=337 opcode=18 data=0 bytes=20
08-13 13:57:06.631 22499 22523 I WinlatorXRequest: seq=338 opcode=18 data=0 bytes=32
08-13 13:57:06.637 22499 22523 I WinlatorXRequest: seq=339 opcode=18 data=0 bytes=32
08-13 13:57:06.637 22499 22523 I WinlatorXRequest: seq=340 opcode=25 data=0 bytes=40
08-13 13:57:06.637 22499 22523 I WinlatorXRequest: seq=341 opcode=20 data=0 bytes=20
08-13 13:57:06.637 22499 22523 I WinlatorXRequest: seq=342 opcode=18 data=0 bytes=56
08-13 13:57:06.637 22499 22523 I WinlatorXRequest: seq=343 opcode=43 data=0 bytes=0
08-13 13:57:06.645 22499 22523 I WinlatorXRequest: seq=344 opcode=38 data=0 bytes=4
08-13 13:57:06.645 22499 22523 I WinlatorXRequest: seq=345 opcode=38 data=0 bytes=4
08-13 13:57:06.646 22499 22523 I WinlatorXRequest: seq=346 opcode=38 data=0 bytes=4
08-13 13:57:06.646 22499 22523 I WinlatorXRequest: seq=347 opcode=38 data=0 bytes=4
08-13 13:57:06.646 22499 22523 I WinlatorXRequest: seq=348 opcode=38 data=0 bytes=4
08-13 13:57:06.688  2659  2692 V WindowManagerShell: Transition animation finished (aborted=false), notifying core (#361)android.os.BinderProxy@825fdfb@0
08-13 13:57:06.689  2312  2360 V WindowManager: Finish Transition #361: created at 08-13 13:57:06.162 collect-started=0.1ms request-sent=7.586ms started=13.11ms ready=20.287ms sent=21.101ms finished=526.013ms
08-13 13:57:06.690  2659  2692 V WindowManagerShell: Track 0 became idle
08-13 13:57:06.690  2659  2692 V WindowManagerShell: All active transition animations finished
08-13 13:57:06.690   829   829 I hwservicemanager: getTransport: Cannot find entry vendor.qti.hardware.servicetracker@1.2::IServicetracker/default in either framework or device VINTF manifest.
08-13 13:57:06.691  2312  2363 W ActivityTaskManager: servicetracker HIDL not available
08-13 13:57:06.691  2312  2363 E ActivityTaskManager: Unable to get servicetracker HAL instance
08-13 13:57:06.691   829   829 I hwservicemanager: getTransport: Cannot find entry vendor.qti.hardware.servicetracker@1.2::IServicetracker/default in either framework or device VINTF manifest.
08-13 13:57:06.691  2312  2363 W ActivityTaskManager: servicetracker HIDL not available
08-13 13:57:06.691  2312  2363 E ActivityTaskManager: Unable to get servicetracker HAL instance
08-13 13:57:06.691  2754  2764 W DynamicDDSService: appName is not found in cache: com.ayaneo.home
08-13 13:57:06.713 22499 22523 I WinlatorXRequest: seq=1 opcode=98 data=0 bytes=16
08-13 13:57:06.713 22499 22523 I WinlatorXRequest: seq=2 opcode=156 data=0 bytes=0
08-13 13:57:06.713 22499 22523 I WinlatorXRequest: seq=3 opcode=55 data=0 bytes=16
08-13 13:57:06.714 22499 22523 I WinlatorXRequest: seq=4 opcode=20 data=0 bytes=20
08-13 13:57:06.714 22499 22523 I WinlatorXRequest: seq=5 opcode=98 data=0 bytes=16
08-13 13:57:06.714 22499 22523 I WinlatorXRequest: seq=6 opcode=148 data=0 bytes=4
08-13 13:57:06.714 22499 22523 I WinlatorXRequest: seq=7 opcode=16 data=0 bytes=16
08-13 13:57:06.714 22499 22523 I WinlatorXRequest: seq=8 opcode=16 data=0 bytes=20
08-13 13:57:06.714 22499 22523 I WinlatorXRequest: seq=9 opcode=16 data=0 bytes=20
08-13 13:57:06.714 22499 22523 I WinlatorXRequest: seq=10 opcode=16 data=0 bytes=16
08-13 13:57:06.714 22499 22523 I WinlatorXRequest: seq=11 opcode=16 data=0 bytes=24
08-13 13:57:06.714 22499 22523 I WinlatorXRequest: seq=12 opcode=16 data=0 bytes=24
08-13 13:57:06.714 22499 22523 I WinlatorXRequest: seq=13 opcode=16 data=0 bytes=32
08-13 13:57:06.714 22499 22523 I WinlatorXRequest: seq=14 opcode=16 data=0 bytes=12
08-13 13:57:06.714 22499 22523 I WinlatorXRequest: seq=15 opcode=16 data=0 bytes=28
08-13 13:57:06.714 22499 22523 I WinlatorXRequest: seq=16 opcode=16 data=0 bytes=12
08-13 13:57:06.714 22499 22523 I WinlatorXRequest: seq=17 opcode=16 data=0 bytes=20
08-13 13:57:06.714 22499 22523 I WinlatorXRequest: seq=18 opcode=16 data=0 bytes=12
08-13 13:57:06.715 22499 22523 I WinlatorXRequest: seq=19 opcode=16 data=0 bytes=12
08-13 13:57:06.715 22499 22523 I WinlatorXRequest: seq=20 opcode=16 data=0 bytes=20
08-13 13:57:06.715 22499 22523 I WinlatorXRequest: seq=21 opcode=16 data=0 bytes=20
08-13 13:57:06.715 22499 22523 I WinlatorXRequest: seq=22 opcode=16 data=0 bytes=16
08-13 13:57:06.715 22499 22523 I WinlatorXRequest: seq=23 opcode=16 data=0 bytes=24
08-13 13:57:06.715 22499 22523 I WinlatorXRequest: seq=24 opcode=16 data=0 bytes=16
08-13 13:57:06.715 22499 22523 I WinlatorXRequest: seq=25 opcode=16 data=0 bytes=8
08-13 13:57:06.715 22499 22523 I WinlatorXRequest: seq=26 opcode=16 data=0 bytes=12
08-13 13:57:06.715 22499 22523 I WinlatorXRequest: seq=27 opcode=16 data=0 bytes=12
08-13 13:57:06.715 22499 22523 I WinlatorXRequest: seq=28 opcode=16 data=0 bytes=16
08-13 13:57:06.715 22499 22523 I WinlatorXRequest: seq=29 opcode=16 data=0 bytes=16
08-13 13:57:06.715 22499 22523 I WinlatorXRequest: seq=30 opcode=16 data=0 bytes=20
08-13 13:57:06.715 22499 22523 I WinlatorXRequest: seq=31 opcode=16 data=0 bytes=20
08-13 13:57:06.715 22499 22523 I WinlatorXRequest: seq=32 opcode=16 data=0 bytes=28
08-13 13:57:06.715  2659  2726 W WindowOnBackDispatcher: sendCancelIfRunning: isInProgress=falsecallback=android.view.ViewRootImpl$$ExternalSyntheticLambda17@8f03173
08-13 13:57:06.715 22499 22523 I WinlatorXRequest: seq=33 opcode=16 data=0 bytes=28
08-13 13:57:06.715 22499 22523 I WinlatorXRequest: seq=34 opcode=16 data=0 bytes=24
08-13 13:57:06.715 22499 22523 I WinlatorXRequest: seq=35 opcode=16 data=0 bytes=20
08-13 13:57:06.715 22499 22523 I WinlatorXRequest: seq=36 opcode=16 data=0 bytes=16
08-13 13:57:06.716 22499 22523 I WinlatorXRequest: seq=37 opcode=16 data=0 bytes=20
08-13 13:57:06.716 22499 22523 I WinlatorXRequest: seq=38 opcode=16 data=0 bytes=24
08-13 13:57:06.716 22499 22523 I WinlatorXRequest: seq=39 opcode=16 data=0 bytes=24
08-13 13:57:06.716 22499 22523 I WinlatorXRequest: seq=40 opcode=16 data=0 bytes=20
08-13 13:57:06.716 22499 22523 I WinlatorXRequest: seq=41 opcode=16 data=0 bytes=20
08-13 13:57:06.716 22499 22523 I WinlatorXRequest: seq=42 opcode=16 data=0 bytes=28
08-13 13:57:06.716 22499 22523 I WinlatorXRequest: seq=43 opcode=16 data=0 bytes=20
08-13 13:57:06.716 22499 22523 I WinlatorXRequest: seq=44 opcode=16 data=0 bytes=24
08-13 13:57:06.716 22499 22523 I WinlatorXRequest: seq=45 opcode=16 data=0 bytes=20
08-13 13:57:06.716 22499 22523 I WinlatorXRequest: seq=46 opcode=16 data=0 bytes=24
08-13 13:57:06.716 22499 22523 I WinlatorXRequest: seq=47 opcode=16 data=0 bytes=20
08-13 13:57:06.716 22499 22523 I WinlatorXRequest: seq=48 opcode=16 data=0 bytes=28
08-13 13:57:06.716 22499 22523 I WinlatorXRequest: seq=49 opcode=16 data=0 bytes=24
08-13 13:57:06.716 22499 22523 I WinlatorXRequest: seq=50 opcode=16 data=0 bytes=16
08-13 13:57:06.716 22499 22523 I WinlatorXRequest: seq=51 opcode=16 data=0 bytes=24
08-13 13:57:06.716 22499 22523 I WinlatorXRequest: seq=52 opcode=16 data=0 bytes=16
08-13 13:57:06.716  2312  9637 W InputManager-JNI: Input channel object '1c5e21a Splash Screen io.taowen.bx (client)' was disposed without first being removed with the input manager!
08-13 13:57:06.716 22499 22523 I WinlatorXRequest: seq=53 opcode=16 data=0 bytes=16
08-13 13:57:06.716 22499 22523 I WinlatorXRequest: seq=54 opcode=16 data=0 bytes=28
08-13 13:57:06.716 22499 22523 I WinlatorXRequest: seq=55 opcode=16 data=0 bytes=20
08-13 13:57:06.716 22499 22523 I WinlatorXRequest: seq=56 opcode=16 data=0 bytes=24
08-13 13:57:06.716 22499 22523 I WinlatorXRequest: seq=57 opcode=16 data=0 bytes=24
08-13 13:57:06.716 22499 22523 I WinlatorXRequest: seq=58 opcode=16 data=0 bytes=28
08-13 13:57:06.716 22499 22523 I WinlatorXRequest: seq=59 opcode=16 data=0 bytes=32
08-13 13:57:06.716 22499 22523 I WinlatorXRequest: seq=60 opcode=16 data=0 bytes=32
08-13 13:57:06.716 22499 22523 I WinlatorXRequest: seq=61 opcode=16 data=0 bytes=24
08-13 13:57:06.716 22499 22523 I WinlatorXRequest: seq=62 opcode=16 data=0 bytes=32
08-13 13:57:06.716 22499 22523 I WinlatorXRequest: seq=63 opcode=16 data=0 bytes=36
08-13 13:57:06.716 22499 22523 I WinlatorXRequest: seq=64 opcode=16 data=0 bytes=24
08-13 13:57:06.716 22499 22523 I WinlatorXRequest: seq=65 opcode=16 data=0 bytes=24
08-13 13:57:06.716 22499 22523 I WinlatorXRequest: seq=66 opcode=16 data=0 bytes=28
08-13 13:57:06.716 22499 22523 I WinlatorXRequest: seq=67 opcode=16 data=0 bytes=28
08-13 13:57:06.716 22499 22523 I WinlatorXRequest: seq=68 opcode=16 data=0 bytes=24
08-13 13:57:06.716 22499 22523 I WinlatorXRequest: seq=69 opcode=16 data=0 bytes=32
08-13 13:57:06.716 22499 22523 I WinlatorXRequest: seq=70 opcode=16 data=0 bytes=28
08-13 13:57:06.716 22499 22523 I WinlatorXRequest: seq=71 opcode=16 data=0 bytes=32
08-13 13:57:06.716 22499 22523 I WinlatorXRequest: seq=72 opcode=16 data=0 bytes=28
08-13 13:57:06.716 22499 22523 I WinlatorXRequest: seq=73 opcode=16 data=0 bytes=32
08-13 13:57:06.716 22499 22523 I WinlatorXRequest: seq=74 opcode=16 data=0 bytes=32
08-13 13:57:06.716 22499 22523 I WinlatorXRequest: seq=75 opcode=16 data=0 bytes=32
08-13 13:57:06.716 22499 22523 I WinlatorXRequest: seq=76 opcode=16 data=0 bytes=40
08-13 13:57:06.716 22499 22523 I WinlatorXRequest: seq=77 opcode=16 data=0 bytes=36
08-13 13:57:06.716 22499 22523 I WinlatorXRequest: seq=78 opcode=16 data=0 bytes=32
08-13 13:57:06.716 22499 22523 I WinlatorXRequest: seq=79 opcode=16 data=0 bytes=36
08-13 13:57:06.717 22499 22523 I WinlatorXRequest: seq=80 opcode=16 data=0 bytes=32
08-13 13:57:06.717 22499 22523 I WinlatorXRequest: seq=81 opcode=16 data=0 bytes=28
08-13 13:57:06.717 22499 22523 I WinlatorXRequest: seq=82 opcode=16 data=0 bytes=32
08-13 13:57:06.717 22499 22523 I WinlatorXRequest: seq=83 opcode=16 data=0 bytes=36
08-13 13:57:06.717 22499 22523 I WinlatorXRequest: seq=84 opcode=16 data=0 bytes=28
08-13 13:57:06.717 22499 22523 I WinlatorXRequest: seq=85 opcode=16 data=0 bytes=24
08-13 13:57:06.717 22499 22523 I WinlatorXRequest: seq=86 opcode=16 data=0 bytes=24
08-13 13:57:06.717 22499 22523 I WinlatorXRequest: seq=87 opcode=16 data=0 bytes=28
08-13 13:57:06.717 22499 22523 I WinlatorXRequest: seq=88 opcode=16 data=0 bytes=28
08-13 13:57:06.717 22499 22523 I WinlatorXRequest: seq=89 opcode=16 data=0 bytes=20
08-13 13:57:06.717 22499 22523 I WinlatorXRequest: seq=90 opcode=16 data=0 bytes=28
08-13 13:57:06.717 22499 22523 I WinlatorXRequest: seq=91 opcode=16 data=0 bytes=24
08-13 13:57:06.717 22499 22523 I WinlatorXRequest: seq=92 opcode=16 data=0 bytes=8
08-13 13:57:06.717 22499 22523 I WinlatorXRequest: seq=93 opcode=16 data=0 bytes=16
08-13 13:57:06.717 22499 22523 I WinlatorXRequest: seq=94 opcode=16 data=0 bytes=12
08-13 13:57:06.717 22499 22523 I WinlatorXRequest: seq=95 opcode=16 data=0 bytes=16
08-13 13:57:06.717 22499 22523 I WinlatorXRequest: seq=96 opcode=16 data=0 bytes=16
08-13 13:57:06.717 22499 22523 I WinlatorXRequest: seq=97 opcode=16 data=0 bytes=16
08-13 13:57:06.717 22499 22523 I WinlatorXRequest: seq=98 opcode=16 data=0 bytes=16
08-13 13:57:06.717 22499 22523 I WinlatorXRequest: seq=99 opcode=16 data=0 bytes=12
08-13 13:57:06.717 22499 22523 I WinlatorXRequest: seq=100 opcode=16 data=0 bytes=16
08-13 13:57:06.717 22499 22523 I WinlatorXRequest: seq=101 opcode=16 data=0 bytes=16
08-13 13:57:06.717 22499 22523 I WinlatorXRequest: seq=102 opcode=16 data=0 bytes=20
08-13 13:57:06.717 22499 22523 I WinlatorXRequest: seq=103 opcode=16 data=0 bytes=20
08-13 13:57:06.717 22499 22523 I WinlatorXRequest: seq=104 opcode=16 data=0 bytes=16
08-13 13:57:06.717 22499 22523 I WinlatorXRequest: seq=105 opcode=16 data=0 bytes=16
08-13 13:57:06.717 22499 22523 I WinlatorXRequest: seq=106 opcode=16 data=0 bytes=20
08-13 13:57:06.717 22499 22523 I WinlatorXRequest: seq=107 opcode=16 data=0 bytes=20
08-13 13:57:06.717 22499 22523 I WinlatorXRequest: seq=108 opcode=16 data=0 bytes=20
08-13 13:57:06.717 22499 22523 I WinlatorXRequest: seq=109 opcode=16 data=0 bytes=20
08-13 13:57:06.717 22499 22523 I WinlatorXRequest: seq=110 opcode=16 data=0 bytes=24
08-13 13:57:06.717 22499 22523 I WinlatorXRequest: seq=111 opcode=16 data=0 bytes=20
08-13 13:57:06.717 22499 22523 I WinlatorXRequest: seq=112 opcode=16 data=0 bytes=12
08-13 13:57:06.717 22499 22523 I WinlatorXRequest: seq=113 opcode=16 data=0 bytes=16
08-13 13:57:06.717 22499 22523 I WinlatorXRequest: seq=114 opcode=16 data=0 bytes=16
08-13 13:57:06.717 22499 22523 I WinlatorXRequest: seq=115 opcode=16 data=0 bytes=20
08-13 13:57:06.717 22499 22523 I WinlatorXRequest: seq=116 opcode=16 data=0 bytes=16
08-13 13:57:06.717 22499 22523 I WinlatorXRequest: seq=117 opcode=16 data=0 bytes=20
08-13 13:57:06.717 22499 22523 I WinlatorXRequest: seq=118 opcode=16 data=0 bytes=24
08-13 13:57:06.717 22499 22523 I WinlatorXRequest: seq=119 opcode=16 data=0 bytes=28
08-13 13:57:06.718 22499 22523 I WinlatorXRequest: seq=120 opcode=16 data=0 bytes=28
08-13 13:57:06.718 22499 22523 I WinlatorXRequest: seq=121 opcode=16 data=0 bytes=24
08-13 13:57:06.718 22499 22523 I WinlatorXRequest: seq=122 opcode=16 data=0 bytes=24
08-13 13:57:06.718 22499 22523 I WinlatorXRequest: seq=123 opcode=16 data=0 bytes=24
08-13 13:57:06.718 22499 22523 I WinlatorXRequest: seq=124 opcode=16 data=0 bytes=24
08-13 13:57:06.718 22499 22523 I WinlatorXRequest: seq=125 opcode=16 data=0 bytes=24
08-13 13:57:06.718 22499 22523 I WinlatorXRequest: seq=126 opcode=16 data=0 bytes=20
08-13 13:57:06.718 22499 22523 I WinlatorXRequest: seq=127 opcode=16 data=0 bytes=24
08-13 13:57:06.718 22499 22523 I WinlatorXRequest: seq=128 opcode=16 data=0 bytes=16
08-13 13:57:06.718 22499 22523 I WinlatorXRequest: seq=129 opcode=16 data=0 bytes=12
08-13 13:57:06.718  2312  2796 D CoreBackPreview: Window{1c5e21a u0 Splash Screen io.taowen.bx EXITING}: Setting back callback null
08-13 13:57:06.718 22499 22523 I WinlatorXRequest: seq=130 opcode=16 data=0 bytes=12
08-13 13:57:06.718 22499 22523 I WinlatorXRequest: seq=131 opcode=16 data=0 bytes=12
08-13 13:57:06.718 22499 22523 I WinlatorXRequest: seq=132 opcode=16 data=0 bytes=12
08-13 13:57:06.718 22499 22523 I WinlatorXRequest: seq=133 opcode=16 data=0 bytes=16
08-13 13:57:06.718 22499 22523 I WinlatorXRequest: seq=134 opcode=16 data=0 bytes=16
08-13 13:57:06.718 22499 22523 I WinlatorXRequest: seq=135 opcode=16 data=0 bytes=16
08-13 13:57:06.718 22499 22523 I WinlatorXRequest: seq=136 opcode=16 data=0 bytes=16
08-13 13:57:06.718 22499 22523 I WinlatorXRequest: seq=137 opcode=16 data=0 bytes=16
08-13 13:57:06.718 22499 22523 I WinlatorXRequest: seq=138 opcode=16 data=0 bytes=20
08-13 13:57:06.718 22499 22523 I WinlatorXRequest: seq=139 opcode=16 data=0 bytes=12
08-13 13:57:06.718 22499 22523 I WinlatorXRequest: seq=140 opcode=16 data=0 bytes=20
08-13 13:57:06.718 22499 22523 I WinlatorXRequest: seq=141 opcode=16 data=0 bytes=20
08-13 13:57:06.718 22499 22523 I WinlatorXRequest: seq=142 opcode=16 data=0 bytes=20
08-13 13:57:06.718 22499 22523 I WinlatorXRequest: seq=143 opcode=16 data=0 bytes=20
08-13 13:57:06.718 22499 22523 I WinlatorXRequest: seq=144 opcode=16 data=0 bytes=24
08-13 13:57:06.718 22499 22523 I WinlatorXRequest: seq=145 opcode=16 data=0 bytes=28
08-13 13:57:06.718 22499 22523 I WinlatorXRequest: seq=146 opcode=16 data=0 bytes=28
08-13 13:57:06.718 22499 22523 I WinlatorXRequest: seq=147 opcode=16 data=0 bytes=32
08-13 13:57:06.718 22499 22523 I WinlatorXRequest: seq=148 opcode=16 data=0 bytes=28
08-13 13:57:06.718 22499 22523 I WinlatorXRequest: seq=149 opcode=16 data=0 bytes=24
08-13 13:57:06.718 22499 22523 I WinlatorXRequest: seq=150 opcode=16 data=0 bytes=16
08-13 13:57:06.718 22499 22523 I WinlatorXRequest: seq=151 opcode=16 data=0 bytes=8
08-13 13:57:06.718 22499 22523 I WinlatorXRequest: seq=152 opcode=16 data=0 bytes=16
08-13 13:57:06.718 22499 22523 I WinlatorXRequest: seq=153 opcode=16 data=0 bytes=32
08-13 13:57:06.718 22499 22523 I WinlatorXRequest: seq=154 opcode=98 data=0 bytes=12
08-13 13:57:06.719 22499 22523 I WinlatorXRequest: seq=155 opcode=98 data=0 bytes=12
08-13 13:57:06.719 22499 22523 I WinlatorXRequest: seq=156 opcode=98 data=0 bytes=12
08-13 13:57:06.719 22499 22523 I WinlatorXRequest: seq=157 opcode=98 data=0 bytes=12
08-13 13:57:06.719 22499 22523 I WinlatorXRequest: seq=158 opcode=98 data=0 bytes=8
08-13 13:57:06.719 22499 22523 I WinlatorXRequest: seq=159 opcode=98 data=0 bytes=12
08-13 13:57:06.719 22499 22523 I WinlatorXRequest: seq=160 opcode=98 data=0 bytes=16
08-13 13:57:06.719 22499 22523 I WinlatorXRequest: seq=161 opcode=98 data=0 bytes=20
08-13 13:57:06.719 22499 22523 I WinlatorXRequest: seq=162 opcode=155 data=0 bytes=0
08-13 13:57:06.719 22499 22523 I WinlatorXRequest: seq=163 opcode=155 data=1 bytes=12
08-13 13:57:06.719 22499 22523 I WinlatorXRequest: seq=164 opcode=43 data=0 bytes=0
08-13 13:57:06.719 22499 22523 I WinlatorXRequest: seq=165 opcode=155 data=2 bytes=4
08-13 13:57:06.720 22499 22523 I WinlatorXRequest: seq=166 opcode=150 data=0 bytes=8
08-13 13:57:06.720 22499 22523 I WinlatorXRequest: seq=167 opcode=151 data=0 bytes=8
08-13 13:57:06.720 22499 22523 I WinlatorXRequest: seq=168 opcode=152 data=0 bytes=8
08-13 13:57:06.720 22499 22523 I WinlatorXRequest: seq=169 opcode=149 data=47 bytes=4
08-13 13:57:06.720 22499 22523 I WinlatorXRequest: seq=170 opcode=148 data=0 bytes=4
08-13 13:57:06.720 22499 22523 I WinlatorXRequest: seq=171 opcode=150 data=4 bytes=8
08-13 13:57:06.720 22499 22523 I WinlatorXRequest: seq=172 opcode=16 data=0 bytes=20
08-13 13:57:06.720 22499 22523 I WinlatorXRequest: seq=173 opcode=23 data=0 bytes=4
08-13 13:57:06.720 22499 22523 I WinlatorXRequest: seq=174 opcode=20 data=0 bytes=20
08-13 13:57:06.720 22499 22523 I WinlatorXRequest: seq=175 opcode=20 data=0 bytes=20
08-13 13:57:06.720 22499 22523 I WinlatorXRequest: seq=176 opcode=3 data=0 bytes=4
08-13 13:57:06.721 22499 22523 I WinlatorXRequest: seq=177 opcode=2 data=0 bytes=12
08-13 13:57:06.721 22499 22523 I WinlatorXRequest: seq=178 opcode=20 data=0 bytes=20
08-13 13:57:06.721 22499 22523 I WinlatorXRequest: seq=179 opcode=150 data=25 bytes=4
08-13 13:57:06.721 22499 22523 I WinlatorXRequest: seq=180 opcode=150 data=31 bytes=4
08-13 13:57:06.721 22499 22523 I WinlatorXRequest: seq=181 opcode=150 data=9 bytes=8
08-13 13:57:06.721 22499 22523 I WinlatorXRequest: seq=182 opcode=150 data=4 bytes=8
08-13 13:57:06.721 22499 22523 I WinlatorXRequest: seq=183 opcode=150 data=20 bytes=8
08-13 13:57:06.721 22499 22523 I WinlatorXRequest: seq=184 opcode=150 data=25 bytes=4
08-13 13:57:06.721 22499 22523 I WinlatorXRequest: seq=185 opcode=45 data=0 bytes=16
08-13 13:57:06.721 22499 22523 I WinlatorXRequest: seq=186 opcode=150 data=15 bytes=24
08-13 13:57:06.721 22499 22523 I WinlatorXRequest: seq=187 opcode=150 data=15 bytes=24
08-13 13:57:06.722 22499 22523 I WinlatorXRequest: seq=188 opcode=150 data=15 bytes=24
08-13 13:57:06.722 22499 22523 I WinlatorXRequest: seq=189 opcode=1 data=0 bytes=28
08-13 13:57:06.722 22499 22523 I WinlatorXRequest: seq=190 opcode=18 data=0 bytes=56
08-13 13:57:06.722 22499 22523 I WinlatorXRequest: seq=191 opcode=18 data=0 bytes=56
08-13 13:57:06.722 22499 22523 I WinlatorXRequest: seq=192 opcode=151 data=2 bytes=12
08-13 13:57:06.722 22499 22523 I WinlatorXRequest: seq=193 opcode=149 data=48 bytes=4
08-13 13:57:06.722 22499 22523 I WinlatorXRequest: seq=194 opcode=149 data=46 bytes=16
08-13 13:57:06.722 22499 22523 I WinlatorXRequest: seq=195 opcode=20 data=0 bytes=20
08-13 13:57:06.723 22499 22523 I WinlatorXRequest: seq=196 opcode=148 data=1 bytes=12
08-13 13:57:06.723 22499 22523 I WinlatorXRequest: seq=197 opcode=43 data=0 bytes=0
08-13 13:57:06.723 22499 22523 I WinlatorXRequest: seq=198 opcode=98 data=0 bytes=16
08-13 13:57:06.723 22499 22523 I WinlatorXRequest: seq=199 opcode=148 data=24 bytes=12
08-13 13:57:06.723 22499 22523 I WinlatorXRequest: seq=200 opcode=148 data=17 bytes=8
08-13 13:57:06.723 22499 22523 I WinlatorXRequest: seq=201 opcode=148 data=8 bytes=24
08-13 13:57:06.723 22499 22523 I WinlatorXRequest: seq=202 opcode=148 data=8 bytes=24
08-13 13:57:06.724 22499 22523 I WinlatorXRequest: seq=203 opcode=148 data=13 bytes=8
08-13 13:57:06.724 22499 22523 I WinlatorXRequest: seq=204 opcode=148 data=10 bytes=8
08-13 13:57:06.724 22499 22523 I WinlatorXRequest: seq=205 opcode=148 data=17 bytes=8
08-13 13:57:06.725 22499 22523 I WinlatorXRequest: seq=206 opcode=148 data=6 bytes=4
08-13 13:57:06.725 22499 22523 I WinlatorXRequest: seq=207 opcode=17 data=0 bytes=4
08-13 13:57:06.725 22499 22523 I WinlatorXRequest: seq=208 opcode=17 data=0 bytes=4
08-13 13:57:06.725 22499 22523 I WinlatorXRequest: seq=209 opcode=17 data=0 bytes=4
08-13 13:57:06.725 22499 22523 I WinlatorXRequest: seq=210 opcode=17 data=0 bytes=4
08-13 13:57:06.726 22499 22523 I WinlatorXRequest: seq=211 opcode=17 data=0 bytes=4
08-13 13:57:06.726 22499 22523 I WinlatorXRequest: seq=212 opcode=17 data=0 bytes=4
08-13 13:57:06.726 22499 22523 I WinlatorXRequest: seq=213 opcode=17 data=0 bytes=4
08-13 13:57:06.726 22499 22523 I WinlatorXRequest: seq=214 opcode=17 data=0 bytes=4
08-13 13:57:06.726 22499 22523 I WinlatorXRequest: seq=215 opcode=17 data=0 bytes=4
08-13 13:57:06.726 22499 22523 I WinlatorXRequest: seq=216 opcode=17 data=0 bytes=4
08-13 13:57:06.726 22499 22523 I WinlatorXRequest: seq=217 opcode=148 data=4 bytes=4
08-13 13:57:06.726 22499 22523 I WinlatorXRequest: seq=218 opcode=151 data=2 bytes=12
08-13 13:57:06.726 22499 22523 I WinlatorXRequest: seq=219 opcode=151 data=2 bytes=12
08-13 13:57:06.726 22499 22523 I WinlatorXRequest: seq=220 opcode=38 data=0 bytes=4
08-13 13:57:06.726 22499 22523 I WinlatorXRequest: seq=221 opcode=43 data=0 bytes=0
08-13 13:57:06.726  3921  3921 D AutofillManager: view not autofillable - not passing ime action check
08-13 13:57:06.727 22499 22508 I io.taowen.bx: Compiler allocated 5135KB to compile boolean com.winlator.xserver.XClientRequestHandler.handleNormalRequest(com.winlator.xserver.XClient, com.winlator.xconnector.XInputStream, com.winlator.xconnector.XOutputStream)
08-13 13:57:06.727  3921  3921 D AutofillManager: view not autofillable - not passing ime action check
08-13 13:57:06.729 22499 22523 I WinlatorXRequest: seq=222 opcode=101 data=0 bytes=4
08-13 13:57:06.730 22499 22523 I WinlatorXRequest: seq=223 opcode=119 data=0 bytes=0
08-13 13:57:06.746 22499 22523 I WinlatorXRequest: seq=349 opcode=18 data=0 bytes=92
08-13 13:57:06.746 22499 22523 I WinlatorXRequest: seq=350 opcode=18 data=0 bytes=92
08-13 13:57:06.746 22499 22523 I WinlatorXRequest: seq=351 opcode=12 data=0 bytes=24
08-13 13:57:06.746 22499 22523 I WinlatorXRequest: seq=352 opcode=43 data=0 bytes=0
08-13 13:57:06.747 22499 22523 I WinlatorXRequest: seq=353 opcode=18 data=0 bytes=24
08-13 13:57:06.747 22499 22523 I WinlatorXRequest: seq=354 opcode=8 data=0 bytes=4
08-13 13:57:06.747 22499 22523 I WinlatorXRequest: seq=355 opcode=43 data=0 bytes=0
08-13 13:57:06.747 22499 22523 I WinlatorXRequest: seq=356 opcode=18 data=0 bytes=92
08-13 13:57:06.747 22499 22523 I WinlatorXRequest: seq=357 opcode=12 data=0 bytes=24
08-13 13:57:06.747 22499 22523 I WinlatorXRequest: seq=358 opcode=2 data=0 bytes=12
08-13 13:57:06.747 22499 22523 I WinlatorXRequest: seq=359 opcode=2 data=0 bytes=12
08-13 13:57:06.747 22499 22523 I WinlatorXRequest: seq=360 opcode=18 data=0 bytes=92
08-13 13:57:06.747 22499 22523 I WinlatorXRequest: seq=361 opcode=19 data=0 bytes=8
08-13 13:57:06.747 22499 22523 I WinlatorXRequest: seq=362 opcode=20 data=0 bytes=20
08-13 13:57:06.749 22499 22523 I WinlatorXRequest: seq=363 opcode=18 data=0 bytes=28
08-13 13:57:06.749 22499 22523 I WinlatorXRequest: seq=364 opcode=18 data=0 bytes=24
08-13 13:57:06.749 22499 22523 I WinlatorXRequest: seq=365 opcode=8 data=0 bytes=4
08-13 13:57:06.749 22499 22523 I WinlatorXRequest: seq=366 opcode=43 data=0 bytes=0
08-13 13:57:06.750 22499 22523 I WinlatorXRequest: seq=367 opcode=43 data=0 bytes=0
08-13 13:57:06.760 22499 22523 I WinlatorXRequest: seq=368 opcode=18 data=0 bytes=92
08-13 13:57:06.760 22499 22523 I WinlatorXRequest: seq=369 opcode=43 data=0 bytes=0
08-13 13:57:06.762 22499 22523 I WinlatorXRequest: seq=370 opcode=43 data=0 bytes=0
08-13 13:57:06.763 22499 22523 I WinlatorXRequest: seq=371 opcode=59 data=3 bytes=16
08-13 13:57:06.763 22499 22523 I WinlatorXRequest: seq=372 opcode=155 data=3 bytes=36
08-13 13:57:06.763 22499 22523 I WinlatorXRequest: seq=373 opcode=56 data=0 bytes=12
08-13 13:57:06.763 22499 22523 I WinlatorXRequest: seq=374 opcode=40 data=0 bytes=12
08-13 13:57:06.763 22499 22523 I WinlatorXRequest: seq=375 opcode=20 data=0 bytes=20
08-13 13:57:06.764 22499 22523 I WinlatorXRequest: seq=376 opcode=18 data=0 bytes=24
08-13 13:57:06.764 22499 22523 I WinlatorXRequest: seq=377 opcode=42 data=2 bytes=8
08-13 13:57:06.764 22499 22523 I WinlatorXRequest: seq=378 opcode=43 data=0 bytes=0
08-13 13:57:06.764 22499 22523 I WinlatorXRequest: seq=379 opcode=43 data=0 bytes=0
08-13 13:57:06.764 22499 22523 I WinlatorXRequest: seq=380 opcode=59 data=3 bytes=16
08-13 13:57:06.764 22499 22523 I WinlatorXRequest: seq=381 opcode=155 data=3 bytes=36
08-13 13:57:06.766 22499 22523 I WinlatorXRequest: seq=382 opcode=56 data=0 bytes=12
08-13 13:57:06.766 22499 22523 I WinlatorXRequest: seq=383 opcode=15 data=0 bytes=4
08-13 13:57:06.766 22499 22523 I WinlatorXRequest: seq=384 opcode=15 data=0 bytes=4
08-13 13:57:06.767 22499 22523 I WinlatorXRequest: seq=385 opcode=40 data=0 bytes=12
08-13 13:57:06.767 22499 22523 I WinlatorXRequest: seq=386 opcode=14 data=0 bytes=4
08-13 13:57:06.769 22499 22523 I WinlatorXRequest: seq=387 opcode=155 data=1 bytes=12
08-13 13:57:06.769 22499 22523 I WinlatorXRequest: seq=388 opcode=43 data=0 bytes=0
08-13 13:57:06.775 22499 22523 I WinlatorXRequest: seq=389 opcode=53 data=32 bytes=12
08-13 13:57:06.775 22499 22523 I WinlatorXRequest: seq=390 opcode=38 data=0 bytes=4
08-13 13:57:06.776 22499 22523 I WinlatorXRequest: seq=391 opcode=40 data=0 bytes=12
08-13 13:57:06.780  1442  1625 I ANDR-PWR-OPT: PowerHelper: getNodeData() 196: FPS24.200001 FRAMECOUNT74
08-13 13:57:06.780  1442  1625 I ANDR-PWR-OPT: PowerHelper: getFps() 168: Returned fps value: 24.200001
08-13 13:57:06.782 22499 22523 I WinlatorXRequest: seq=392 opcode=55 data=0 bytes=16
08-13 13:57:06.782 22499 22523 I WinlatorXRequest: seq=393 opcode=59 data=3 bytes=16
08-13 13:57:06.782 22499 22523 I WinlatorXRequest: seq=394 opcode=155 data=3 bytes=36
08-13 13:57:06.786 22499 22523 I WinlatorXRequest: seq=395 opcode=56 data=0 bytes=12
08-13 13:57:06.786 22499 22523 I WinlatorXRequest: seq=396 opcode=60 data=0 bytes=4
08-13 13:57:06.786 22499 22523 I WinlatorXRequest: seq=397 opcode=55 data=0 bytes=16
08-13 13:57:06.786 22499 22523 I WinlatorXRequest: seq=398 opcode=59 data=3 bytes=16
08-13 13:57:06.786 22499 22523 I WinlatorXRequest: seq=399 opcode=155 data=3 bytes=36
08-13 13:57:06.790 22499 22523 I WinlatorXRequest: seq=400 opcode=56 data=0 bytes=12
08-13 13:57:06.790 22499 22523 I WinlatorXRequest: seq=401 opcode=15 data=0 bytes=4
08-13 13:57:06.790 22499 22523 I WinlatorXRequest: seq=402 opcode=40 data=0 bytes=12
08-13 13:57:06.790 22499 22523 I WinlatorXRequest: seq=403 opcode=14 data=0 bytes=4
08-13 13:57:06.790 22499 22523 I WinlatorXRequest: seq=404 opcode=60 data=0 bytes=4
08-13 13:57:06.790 22499 22523 I WinlatorXRequest: seq=405 opcode=55 data=0 bytes=16
08-13 13:57:06.790 22499 22523 I WinlatorXRequest: seq=406 opcode=59 data=3 bytes=16
08-13 13:57:06.790 22499 22523 I WinlatorXRequest: seq=407 opcode=155 data=3 bytes=36
08-13 13:57:06.791 22499 22523 I WinlatorXRequest: seq=408 opcode=56 data=0 bytes=12
08-13 13:57:06.795 22499 22523 I WinlatorXRequest: seq=409 opcode=60 data=0 bytes=4
08-13 13:57:06.795 22499 22523 I WinlatorXRequest: seq=410 opcode=55 data=0 bytes=16
08-13 13:57:06.795 22499 22523 I WinlatorXRequest: seq=411 opcode=59 data=3 bytes=16
08-13 13:57:06.795 22499 22523 I WinlatorXRequest: seq=412 opcode=155 data=3 bytes=36
08-13 13:57:06.796 22499 22523 I WinlatorXRequest: seq=413 opcode=56 data=0 bytes=12
08-13 13:57:06.796 22499 22523 I WinlatorXRequest: seq=414 opcode=10 data=0 bytes=4
08-13 13:57:06.796 22499 22523 I WinlatorXRequest: seq=415 opcode=25 data=0 bytes=40
08-13 13:57:06.799 22499 22523 I WinlatorXRequest: seq=416 opcode=60 data=0 bytes=4
08-13 13:57:06.799 22499 22523 I WinlatorXRequest: seq=417 opcode=55 data=0 bytes=16
08-13 13:57:06.799 22499 22523 I WinlatorXRequest: seq=418 opcode=59 data=3 bytes=16
08-13 13:57:06.799 22499 22523 I WinlatorXRequest: seq=419 opcode=155 data=3 bytes=36
08-13 13:57:06.800 22499 22523 I WinlatorXRequest: seq=420 opcode=56 data=0 bytes=12
08-13 13:57:06.808 22499 22523 I WinlatorXRequest: seq=421 opcode=1 data=32 bytes=52
08-13 13:57:06.808 22499 22523 I WinlatorXRequest: seq=422 opcode=18 data=0 bytes=92
08-13 13:57:06.809 22499 22523 I WinlatorXRequest: seq=423 opcode=18 data=0 bytes=28
08-13 13:57:06.809 22499 22523 I WinlatorXRequest: seq=424 opcode=18 data=0 bytes=28
08-13 13:57:06.809 22499 22523 I WinlatorXRequest: seq=425 opcode=18 data=0 bytes=24
08-13 13:57:06.809 22499 22523 I WinlatorXRequest: seq=426 opcode=18 data=0 bytes=32
08-13 13:57:06.809 22499 22523 I WinlatorXRequest: seq=427 opcode=18 data=0 bytes=56
08-13 13:57:06.809 22499 22523 I WinlatorXRequest: seq=428 opcode=18 data=0 bytes=24
08-13 13:57:06.809 22499 22523 I WinlatorXRequest: seq=429 opcode=18 data=0 bytes=28
08-13 13:57:06.809 22499 22523 I WinlatorXRequest: seq=430 opcode=149 data=46 bytes=16
08-13 13:57:06.809 22499 22523 I WinlatorXRequest: seq=431 opcode=43 data=0 bytes=0
08-13 13:57:06.809 22499 22523 I WinlatorXRequest: seq=432 opcode=2 data=0 bytes=16
08-13 13:57:06.809 22499 22523 I WinlatorXRequest: seq=433 opcode=18 data=0 bytes=28
08-13 13:57:06.809 22499 22523 I WinlatorXRequest: seq=434 opcode=25 data=0 bytes=40
08-13 13:57:06.809 22499 22523 I WinlatorXRequest: seq=435 opcode=25 data=0 bytes=40
08-13 13:57:06.809 22499 22523 I WinlatorXRequest: seq=436 opcode=18 data=0 bytes=40
08-13 13:57:06.809 22499 22523 I WinlatorXRequest: seq=437 opcode=20 data=0 bytes=20
08-13 13:57:06.809 22499 22523 I WinlatorXRequest: seq=438 opcode=18 data=0 bytes=56
08-13 13:57:06.809 22499 22523 I WinlatorXRequest: seq=439 opcode=18 data=0 bytes=24
08-13 13:57:06.809 22499 22523 I WinlatorXRequest: seq=440 opcode=18 data=0 bytes=20
08-13 13:57:06.809 22499 22523 I WinlatorXRequest: seq=441 opcode=43 data=80 bytes=0
08-13 13:57:06.810  2312  6735 W ProcessStats: Tracking association SourceState{b0f7462 io.taowen.bx/10194 BTop #44074} whose proc state 2 is better than process ProcessState{e8aaefb com.google.android.gms.persistent/10097 pkg=com.google.android.gms} proc state 4 (6 skipped)
08-13 13:57:06.810 22499 22523 I WinlatorXRequest: seq=442 opcode=18 data=0 bytes=24
08-13 13:57:06.810 22499 22523 I WinlatorXRequest: seq=443 opcode=18 data=0 bytes=397652
08-13 13:57:06.811  3416 13804 I FontLog : (REDACTED) Received query %s, URI %s
08-13 13:57:06.811  3416 13804 I FontLog : (REDACTED) Query [%s] resolved to %s
08-13 13:57:06.812  3416 13804 I FontLog : (REDACTED) Fetch %s end status %s
08-13 13:57:06.814  3416 13804 I FontLog : (REDACTED) Pulling font file for id = %d, cache size = %d
08-13 13:57:06.816  3416 13804 I FontLog : (REDACTED) Pulling font file for id = %d, cache size = %d
08-13 13:57:06.826 22499 22523 I WinlatorXRequest: seq=444 opcode=18 data=0 bytes=24
08-13 13:57:06.826 22499 22523 I WinlatorXRequest: seq=445 opcode=18 data=0 bytes=20
08-13 13:57:06.826 22499 22523 I WinlatorXRequest: seq=446 opcode=18 data=0 bytes=20
08-13 13:57:06.827 22499 22523 I WinlatorXRequest: seq=447 opcode=18 data=0 bytes=397652
08-13 13:57:06.840 22499 22523 I WinlatorXRequest: seq=448 opcode=40 data=0 bytes=12
08-13 13:57:06.840 22499 22523 I WinlatorXRequest: seq=1 opcode=98 data=0 bytes=16
08-13 13:57:06.840 22499 22523 I WinlatorXRequest: seq=2 opcode=156 data=0 bytes=0
08-13 13:57:06.840 22499 22523 I WinlatorXRequest: seq=3 opcode=55 data=0 bytes=16
08-13 13:57:06.840 22499 22523 I WinlatorXRequest: seq=4 opcode=20 data=0 bytes=20
08-13 13:57:06.840 22499 22523 I WinlatorXRequest: seq=5 opcode=98 data=0 bytes=16
08-13 13:57:06.840 22499 22523 I WinlatorXRequest: seq=6 opcode=148 data=0 bytes=4
08-13 13:57:06.841 22499 22523 I WinlatorXRequest: seq=7 opcode=16 data=0 bytes=16
08-13 13:57:06.841 22499 22523 I WinlatorXRequest: seq=8 opcode=16 data=0 bytes=20
08-13 13:57:06.841 22499 22523 I WinlatorXRequest: seq=9 opcode=16 data=0 bytes=20
08-13 13:57:06.841 22499 22523 I WinlatorXRequest: seq=10 opcode=16 data=0 bytes=16
08-13 13:57:06.841 22499 22523 I WinlatorXRequest: seq=11 opcode=16 data=0 bytes=24
08-13 13:57:06.841 22499 22523 I WinlatorXRequest: seq=12 opcode=16 data=0 bytes=24
08-13 13:57:06.841 22499 22523 I WinlatorXRequest: seq=13 opcode=16 data=0 bytes=32
08-13 13:57:06.841 22499 22523 I WinlatorXRequest: seq=14 opcode=16 data=0 bytes=12
08-13 13:57:06.841 22499 22523 I WinlatorXRequest: seq=15 opcode=16 data=0 bytes=28
08-13 13:57:06.841 22499 22523 I WinlatorXRequest: seq=16 opcode=16 data=0 bytes=12
08-13 13:57:06.841 22499 22523 I WinlatorXRequest: seq=17 opcode=16 data=0 bytes=20
08-13 13:57:06.841 22499 22523 I WinlatorXRequest: seq=18 opcode=16 data=0 bytes=12
08-13 13:57:06.841 22499 22523 I WinlatorXRequest: seq=19 opcode=16 data=0 bytes=12
08-13 13:57:06.841 22499 22523 I WinlatorXRequest: seq=20 opcode=16 data=0 bytes=20
08-13 13:57:06.841 22499 22523 I WinlatorXRequest: seq=21 opcode=16 data=0 bytes=20
08-13 13:57:06.841 22499 22523 I WinlatorXRequest: seq=22 opcode=16 data=0 bytes=16
08-13 13:57:06.841 22499 22523 I WinlatorXRequest: seq=23 opcode=16 data=0 bytes=24
08-13 13:57:06.841 22499 22523 I WinlatorXRequest: seq=24 opcode=16 data=0 bytes=16
08-13 13:57:06.841 22499 22523 I WinlatorXRequest: seq=25 opcode=16 data=0 bytes=8
08-13 13:57:06.841 22499 22523 I WinlatorXRequest: seq=26 opcode=16 data=0 bytes=12
08-13 13:57:06.841 22499 22523 I WinlatorXRequest: seq=27 opcode=16 data=0 bytes=12
08-13 13:57:06.841 22499 22523 I WinlatorXRequest: seq=28 opcode=16 data=0 bytes=16
08-13 13:57:06.841 22499 22523 I WinlatorXRequest: seq=29 opcode=16 data=0 bytes=16
08-13 13:57:06.841 22499 22523 I WinlatorXRequest: seq=30 opcode=16 data=0 bytes=20
08-13 13:57:06.841 22499 22523 I WinlatorXRequest: seq=31 opcode=16 data=0 bytes=20
08-13 13:57:06.841 22499 22523 I WinlatorXRequest: seq=32 opcode=16 data=0 bytes=28
08-13 13:57:06.841 22499 22523 I WinlatorXRequest: seq=33 opcode=16 data=0 bytes=28
08-13 13:57:06.841 22499 22523 I WinlatorXRequest: seq=34 opcode=16 data=0 bytes=24
08-13 13:57:06.841 22499 22523 I WinlatorXRequest: seq=35 opcode=16 data=0 bytes=20
08-13 13:57:06.841 22499 22523 I WinlatorXRequest: seq=36 opcode=16 data=0 bytes=16
08-13 13:57:06.841 22499 22523 I WinlatorXRequest: seq=37 opcode=16 data=0 bytes=20
08-13 13:57:06.841 22499 22523 I WinlatorXRequest: seq=38 opcode=16 data=0 bytes=24
08-13 13:57:06.841 22499 22523 I WinlatorXRequest: seq=39 opcode=16 data=0 bytes=24
08-13 13:57:06.841 22499 22523 I WinlatorXRequest: seq=40 opcode=16 data=0 bytes=20
08-13 13:57:06.841 22499 22523 I WinlatorXRequest: seq=41 opcode=16 data=0 bytes=20
08-13 13:57:06.841 22499 22523 I WinlatorXRequest: seq=42 opcode=16 data=0 bytes=28
08-13 13:57:06.841 22499 22523 I WinlatorXRequest: seq=43 opcode=16 data=0 bytes=20
08-13 13:57:06.841 22499 22523 I WinlatorXRequest: seq=44 opcode=16 data=0 bytes=24
08-13 13:57:06.841 22499 22523 I WinlatorXRequest: seq=45 opcode=16 data=0 bytes=20
08-13 13:57:06.841 22499 22523 I WinlatorXRequest: seq=46 opcode=16 data=0 bytes=24
08-13 13:57:06.841 22499 22523 I WinlatorXRequest: seq=47 opcode=16 data=0 bytes=20
08-13 13:57:06.841 22499 22523 I WinlatorXRequest: seq=48 opcode=16 data=0 bytes=28
08-13 13:57:06.841 22499 22523 I WinlatorXRequest: seq=49 opcode=16 data=0 bytes=24
08-13 13:57:06.841 22499 22523 I WinlatorXRequest: seq=50 opcode=16 data=0 bytes=16
08-13 13:57:06.841 22499 22523 I WinlatorXRequest: seq=51 opcode=16 data=0 bytes=24
08-13 13:57:06.841 22499 22523 I WinlatorXRequest: seq=52 opcode=16 data=0 bytes=16
08-13 13:57:06.841 22499 22523 I WinlatorXRequest: seq=53 opcode=16 data=0 bytes=16
08-13 13:57:06.841 22499 22523 I WinlatorXRequest: seq=54 opcode=16 data=0 bytes=28
08-13 13:57:06.841 22499 22523 I WinlatorXRequest: seq=55 opcode=16 data=0 bytes=20
08-13 13:57:06.841 22499 22523 I WinlatorXRequest: seq=56 opcode=16 data=0 bytes=24
08-13 13:57:06.841 22499 22523 I WinlatorXRequest: seq=57 opcode=16 data=0 bytes=24
08-13 13:57:06.841 22499 22523 I WinlatorXRequest: seq=58 opcode=16 data=0 bytes=28
08-13 13:57:06.841 22499 22523 I WinlatorXRequest: seq=59 opcode=16 data=0 bytes=32
08-13 13:57:06.841 22499 22523 I WinlatorXRequest: seq=60 opcode=16 data=0 bytes=32
08-13 13:57:06.841 22499 22523 I WinlatorXRequest: seq=61 opcode=16 data=0 bytes=24
08-13 13:57:06.841 22499 22523 I WinlatorXRequest: seq=62 opcode=16 data=0 bytes=32
08-13 13:57:06.841 22499 22523 I WinlatorXRequest: seq=63 opcode=16 data=0 bytes=36
08-13 13:57:06.841 22499 22523 I WinlatorXRequest: seq=64 opcode=16 data=0 bytes=24
08-13 13:57:06.841 22499 22523 I WinlatorXRequest: seq=65 opcode=16 data=0 bytes=24
08-13 13:57:06.841 22499 22523 I WinlatorXRequest: seq=66 opcode=16 data=0 bytes=28
08-13 13:57:06.842 22499 22523 I WinlatorXRequest: seq=67 opcode=16 data=0 bytes=28
08-13 13:57:06.842 22499 22523 I WinlatorXRequest: seq=68 opcode=16 data=0 bytes=24
08-13 13:57:06.842 22499 22523 I WinlatorXRequest: seq=69 opcode=16 data=0 bytes=32
08-13 13:57:06.842 22499 22523 I WinlatorXRequest: seq=70 opcode=16 data=0 bytes=28
08-13 13:57:06.842 22499 22523 I WinlatorXRequest: seq=71 opcode=16 data=0 bytes=32
08-13 13:57:06.842 22499 22523 I WinlatorXRequest: seq=72 opcode=16 data=0 bytes=28
08-13 13:57:06.842 22499 22523 I WinlatorXRequest: seq=73 opcode=16 data=0 bytes=32
08-13 13:57:06.842 22499 22523 I WinlatorXRequest: seq=74 opcode=16 data=0 bytes=32
08-13 13:57:06.842 22499 22523 I WinlatorXRequest: seq=75 opcode=16 data=0 bytes=32
08-13 13:57:06.842 22499 22523 I WinlatorXRequest: seq=76 opcode=16 data=0 bytes=40
08-13 13:57:06.842 22499 22523 I WinlatorXRequest: seq=77 opcode=16 data=0 bytes=36
08-13 13:57:06.842 22499 22523 I WinlatorXRequest: seq=78 opcode=16 data=0 bytes=32
08-13 13:57:06.842 22499 22523 I WinlatorXRequest: seq=79 opcode=16 data=0 bytes=36
08-13 13:57:06.842 22499 22523 I WinlatorXRequest: seq=80 opcode=16 data=0 bytes=32
08-13 13:57:06.842 22499 22523 I WinlatorXRequest: seq=81 opcode=16 data=0 bytes=28
08-13 13:57:06.842 22499 22523 I WinlatorXRequest: seq=82 opcode=16 data=0 bytes=32
08-13 13:57:06.842 22499 22523 I WinlatorXRequest: seq=83 opcode=16 data=0 bytes=36
08-13 13:57:06.842 22499 22523 I WinlatorXRequest: seq=84 opcode=16 data=0 bytes=28
08-13 13:57:06.842 22499 22523 I WinlatorXRequest: seq=85 opcode=16 data=0 bytes=24
08-13 13:57:06.842 22499 22523 I WinlatorXRequest: seq=86 opcode=16 data=0 bytes=24
08-13 13:57:06.842 22499 22523 I WinlatorXRequest: seq=87 opcode=16 data=0 bytes=28
08-13 13:57:06.842 22499 22523 I WinlatorXRequest: seq=88 opcode=16 data=0 bytes=28
08-13 13:57:06.842 22499 22523 I WinlatorXRequest: seq=89 opcode=16 data=0 bytes=20
08-13 13:57:06.842 22499 22523 I WinlatorXRequest: seq=90 opcode=16 data=0 bytes=28
08-13 13:57:06.842 22499 22523 I WinlatorXRequest: seq=91 opcode=16 data=0 bytes=24
08-13 13:57:06.842 22499 22523 I WinlatorXRequest: seq=92 opcode=16 data=0 bytes=8
08-13 13:57:06.842 22499 22523 I WinlatorXRequest: seq=93 opcode=16 data=0 bytes=16
08-13 13:57:06.842 22499 22523 I WinlatorXRequest: seq=94 opcode=16 data=0 bytes=12
08-13 13:57:06.842 22499 22523 I WinlatorXRequest: seq=95 opcode=16 data=0 bytes=16
08-13 13:57:06.842 22499 22523 I WinlatorXRequest: seq=96 opcode=16 data=0 bytes=16
08-13 13:57:06.842 22499 22523 I WinlatorXRequest: seq=97 opcode=16 data=0 bytes=16
08-13 13:57:06.842 22499 22523 I WinlatorXRequest: seq=98 opcode=16 data=0 bytes=16
08-13 13:57:06.842 22499 22523 I WinlatorXRequest: seq=99 opcode=16 data=0 bytes=12
08-13 13:57:06.842 22499 22523 I WinlatorXRequest: seq=100 opcode=16 data=0 bytes=16
08-13 13:57:06.842 22499 22523 I WinlatorXRequest: seq=101 opcode=16 data=0 bytes=16
08-13 13:57:06.842 22499 22523 I WinlatorXRequest: seq=102 opcode=16 data=0 bytes=20
08-13 13:57:06.842 22499 22523 I WinlatorXRequest: seq=103 opcode=16 data=0 bytes=20
08-13 13:57:06.842 22499 22523 I WinlatorXRequest: seq=104 opcode=16 data=0 bytes=16
08-13 13:57:06.842 22499 22523 I WinlatorXRequest: seq=105 opcode=16 data=0 bytes=16
08-13 13:57:06.842 22499 22523 I WinlatorXRequest: seq=106 opcode=16 data=0 bytes=20
08-13 13:57:06.842 22499 22523 I WinlatorXRequest: seq=107 opcode=16 data=0 bytes=20
08-13 13:57:06.842 22499 22523 I WinlatorXRequest: seq=108 opcode=16 data=0 bytes=20
08-13 13:57:06.842 22499 22523 I WinlatorXRequest: seq=109 opcode=16 data=0 bytes=20
08-13 13:57:06.842 22499 22523 I WinlatorXRequest: seq=110 opcode=16 data=0 bytes=24
08-13 13:57:06.842 22499 22523 I WinlatorXRequest: seq=111 opcode=16 data=0 bytes=20
08-13 13:57:06.842 22499 22523 I WinlatorXRequest: seq=112 opcode=16 data=0 bytes=12
08-13 13:57:06.842 22499 22523 I WinlatorXRequest: seq=113 opcode=16 data=0 bytes=16
08-13 13:57:06.842 22499 22523 I WinlatorXRequest: seq=114 opcode=16 data=0 bytes=16
08-13 13:57:06.842 22499 22523 I WinlatorXRequest: seq=115 opcode=16 data=0 bytes=20
08-13 13:57:06.842 22499 22523 I WinlatorXRequest: seq=116 opcode=16 data=0 bytes=16
08-13 13:57:06.842 22499 22523 I WinlatorXRequest: seq=117 opcode=16 data=0 bytes=20
08-13 13:57:06.842 22499 22523 I WinlatorXRequest: seq=118 opcode=16 data=0 bytes=24
08-13 13:57:06.842 22499 22523 I WinlatorXRequest: seq=119 opcode=16 data=0 bytes=28
08-13 13:57:06.842 22499 22523 I WinlatorXRequest: seq=120 opcode=16 data=0 bytes=28
08-13 13:57:06.842 22499 22523 I WinlatorXRequest: seq=121 opcode=16 data=0 bytes=24
08-13 13:57:06.842 22499 22523 I WinlatorXRequest: seq=122 opcode=16 data=0 bytes=24
08-13 13:57:06.842 22499 22523 I WinlatorXRequest: seq=123 opcode=16 data=0 bytes=24
08-13 13:57:06.842 22499 22523 I WinlatorXRequest: seq=124 opcode=16 data=0 bytes=24
08-13 13:57:06.842 22499 22523 I WinlatorXRequest: seq=125 opcode=16 data=0 bytes=24
08-13 13:57:06.843 22499 22523 I WinlatorXRequest: seq=126 opcode=16 data=0 bytes=20
08-13 13:57:06.843 22499 22523 I WinlatorXRequest: seq=127 opcode=16 data=0 bytes=24
08-13 13:57:06.843 22499 22523 I WinlatorXRequest: seq=128 opcode=16 data=0 bytes=16
08-13 13:57:06.843 22499 22523 I WinlatorXRequest: seq=129 opcode=16 data=0 bytes=12
08-13 13:57:06.843 22499 22523 I WinlatorXRequest: seq=130 opcode=16 data=0 bytes=12
08-13 13:57:06.843 22499 22523 I WinlatorXRequest: seq=131 opcode=16 data=0 bytes=12
08-13 13:57:06.843 22499 22523 I WinlatorXRequest: seq=132 opcode=16 data=0 bytes=12
08-13 13:57:06.843 22499 22523 I WinlatorXRequest: seq=133 opcode=16 data=0 bytes=16
08-13 13:57:06.843 22499 22523 I WinlatorXRequest: seq=134 opcode=16 data=0 bytes=16
08-13 13:57:06.843 22499 22523 I WinlatorXRequest: seq=135 opcode=16 data=0 bytes=16
08-13 13:57:06.843 22499 22523 I WinlatorXRequest: seq=136 opcode=16 data=0 bytes=16
08-13 13:57:06.843 22499 22523 I WinlatorXRequest: seq=137 opcode=16 data=0 bytes=16
08-13 13:57:06.843 22499 22523 I WinlatorXRequest: seq=138 opcode=16 data=0 bytes=20
08-13 13:57:06.843 22499 22523 I WinlatorXRequest: seq=139 opcode=16 data=0 bytes=12
08-13 13:57:06.843 22499 22523 I WinlatorXRequest: seq=140 opcode=16 data=0 bytes=20
08-13 13:57:06.843 22499 22523 I WinlatorXRequest: seq=141 opcode=16 data=0 bytes=20
08-13 13:57:06.843 22499 22523 I WinlatorXRequest: seq=142 opcode=16 data=0 bytes=20
08-13 13:57:06.843 22499 22523 I WinlatorXRequest: seq=143 opcode=16 data=0 bytes=20
08-13 13:57:06.843 22499 22523 I WinlatorXRequest: seq=144 opcode=16 data=0 bytes=24
08-13 13:57:06.843 22499 22523 I WinlatorXRequest: seq=145 opcode=16 data=0 bytes=28
08-13 13:57:06.843 22499 22523 I WinlatorXRequest: seq=146 opcode=16 data=0 bytes=28
08-13 13:57:06.843 22499 22523 I WinlatorXRequest: seq=147 opcode=16 data=0 bytes=32
08-13 13:57:06.843 22499 22523 I WinlatorXRequest: seq=148 opcode=16 data=0 bytes=28
08-13 13:57:06.843 22499 22523 I WinlatorXRequest: seq=149 opcode=16 data=0 bytes=24
08-13 13:57:06.843 22499 22523 I WinlatorXRequest: seq=150 opcode=16 data=0 bytes=16
08-13 13:57:06.843 22499 22523 I WinlatorXRequest: seq=151 opcode=16 data=0 bytes=8
08-13 13:57:06.843 22499 22523 I WinlatorXRequest: seq=152 opcode=16 data=0 bytes=16
08-13 13:57:06.843 22499 22523 I WinlatorXRequest: seq=153 opcode=16 data=0 bytes=32
08-13 13:57:06.843 22499 22523 I WinlatorXRequest: seq=154 opcode=98 data=0 bytes=12
08-13 13:57:06.843 22499 22523 I WinlatorXRequest: seq=155 opcode=98 data=0 bytes=12
08-13 13:57:06.843 22499 22523 I WinlatorXRequest: seq=156 opcode=98 data=0 bytes=12
08-13 13:57:06.843 22499 22523 I WinlatorXRequest: seq=157 opcode=98 data=0 bytes=12
08-13 13:57:06.843 22499 22523 I WinlatorXRequest: seq=158 opcode=98 data=0 bytes=8
08-13 13:57:06.843 22499 22523 I WinlatorXRequest: seq=159 opcode=98 data=0 bytes=12
08-13 13:57:06.843 22499 22523 I WinlatorXRequest: seq=160 opcode=98 data=0 bytes=16
08-13 13:57:06.843 22499 22523 I WinlatorXRequest: seq=161 opcode=98 data=0 bytes=20
08-13 13:57:06.843 22499 22523 I WinlatorXRequest: seq=449 opcode=40 data=0 bytes=12
08-13 13:57:06.843 22499 22523 I WinlatorXRequest: seq=162 opcode=155 data=0 bytes=0
08-13 13:57:06.843 22499 22523 I WinlatorXRequest: seq=163 opcode=155 data=1 bytes=12
08-13 13:57:06.844 22499 22523 I WinlatorXRequest: seq=164 opcode=43 data=0 bytes=0
08-13 13:57:06.844 22499 22523 I WinlatorXRequest: seq=450 opcode=40 data=0 bytes=12
08-13 13:57:06.844 22499 22523 I WinlatorXRequest: seq=165 opcode=155 data=2 bytes=4
08-13 13:57:06.844 22499 22523 I WinlatorXRequest: seq=166 opcode=150 data=0 bytes=8
08-13 13:57:06.844 22499 22523 I WinlatorXRequest: seq=167 opcode=151 data=0 bytes=8
08-13 13:57:06.844 22499 22523 I WinlatorXRequest: seq=451 opcode=40 data=0 bytes=12
08-13 13:57:06.844 22499 22523 I WinlatorXRequest: seq=168 opcode=152 data=0 bytes=8
08-13 13:57:06.844 22499 22523 I WinlatorXRequest: seq=169 opcode=149 data=47 bytes=4
08-13 13:57:06.844 22499 22523 I WinlatorXRequest: seq=452 opcode=40 data=0 bytes=12
08-13 13:57:06.844 22499 22523 I WinlatorXRequest: seq=170 opcode=148 data=0 bytes=4
08-13 13:57:06.844 22499 22523 I WinlatorXRequest: seq=171 opcode=150 data=4 bytes=8
08-13 13:57:06.844 22499 22523 I WinlatorXRequest: seq=172 opcode=16 data=0 bytes=20
08-13 13:57:06.844 22499 22523 I WinlatorXRequest: seq=173 opcode=23 data=0 bytes=4
08-13 13:57:06.844 22499 22523 I WinlatorXRequest: seq=453 opcode=40 data=0 bytes=12
08-13 13:57:06.844 22499 22523 I WinlatorXRequest: seq=174 opcode=20 data=0 bytes=20
08-13 13:57:06.844 22499 22523 I WinlatorXRequest: seq=175 opcode=20 data=0 bytes=20
08-13 13:57:06.845 22499 22523 I WinlatorXRequest: seq=176 opcode=3 data=0 bytes=4
08-13 13:57:06.845 22499 22523 I WinlatorXRequest: seq=177 opcode=2 data=0 bytes=12
08-13 13:57:06.845 22499 22523 I WinlatorXRequest: seq=178 opcode=20 data=0 bytes=20
08-13 13:57:06.845 22499 22523 I WinlatorXRequest: seq=454 opcode=40 data=0 bytes=12
08-13 13:57:06.845 22499 22523 I WinlatorXRequest: seq=179 opcode=150 data=25 bytes=4
08-13 13:57:06.845 22499 22523 I WinlatorXRequest: seq=180 opcode=150 data=31 bytes=4
08-13 13:57:06.845 22499 22523 I WinlatorXRequest: seq=181 opcode=150 data=9 bytes=8
08-13 13:57:06.845 22499 22523 I WinlatorXRequest: seq=182 opcode=150 data=4 bytes=8
08-13 13:57:06.845 22499 22523 I WinlatorXRequest: seq=183 opcode=150 data=20 bytes=8
08-13 13:57:06.845 22499 22523 I WinlatorXRequest: seq=455 opcode=40 data=0 bytes=12
08-13 13:57:06.845 22499 22523 I WinlatorXRequest: seq=184 opcode=150 data=25 bytes=4
08-13 13:57:06.845 22499 22523 I WinlatorXRequest: seq=456 opcode=40 data=0 bytes=12
08-13 13:57:06.845 22499 22523 I WinlatorXRequest: seq=185 opcode=45 data=0 bytes=16
08-13 13:57:06.845 22499 22523 I WinlatorXRequest: seq=186 opcode=150 data=15 bytes=24
08-13 13:57:06.845 22499 22523 I WinlatorXRequest: seq=457 opcode=40 data=0 bytes=12
08-13 13:57:06.845 22499 22523 I WinlatorXRequest: seq=187 opcode=150 data=15 bytes=24
08-13 13:57:06.845 22499 22523 I WinlatorXRequest: seq=458 opcode=40 data=0 bytes=12
08-13 13:57:06.845 22499 22523 I WinlatorXRequest: seq=188 opcode=150 data=15 bytes=24
08-13 13:57:06.846 22499 22523 I WinlatorXRequest: seq=459 opcode=40 data=0 bytes=12
08-13 13:57:06.846 22499 22523 I WinlatorXRequest: seq=460 opcode=40 data=0 bytes=12
08-13 13:57:06.846 22499 22523 I WinlatorXRequest: seq=189 opcode=1 data=0 bytes=28
08-13 13:57:06.846 22499 22523 I WinlatorXRequest: seq=190 opcode=18 data=0 bytes=56
08-13 13:57:06.846 22499 22523 I WinlatorXRequest: seq=191 opcode=18 data=0 bytes=56
08-13 13:57:06.846 22499 22523 I WinlatorXRequest: seq=192 opcode=151 data=2 bytes=12
08-13 13:57:06.846 22499 22523 I WinlatorXRequest: seq=193 opcode=149 data=48 bytes=4
08-13 13:57:06.846 22499 22523 I WinlatorXRequest: seq=194 opcode=149 data=46 bytes=16
08-13 13:57:06.846 22499 22523 I WinlatorXRequest: seq=195 opcode=20 data=0 bytes=20
08-13 13:57:06.846 22499 22523 I WinlatorXRequest: seq=196 opcode=148 data=1 bytes=12
08-13 13:57:06.846 22499 22523 I WinlatorXRequest: seq=197 opcode=43 data=0 bytes=0
08-13 13:57:06.846 22499 22523 I WinlatorXRequest: seq=198 opcode=98 data=0 bytes=16
08-13 13:57:06.847 22499 22523 I WinlatorXRequest: seq=199 opcode=148 data=24 bytes=12
08-13 13:57:06.847 22499 22523 I WinlatorXRequest: seq=461 opcode=40 data=0 bytes=12
08-13 13:57:06.847 22499 22523 I WinlatorXRequest: seq=200 opcode=148 data=17 bytes=8
08-13 13:57:06.847 22499 22523 I WinlatorXRequest: seq=462 opcode=40 data=0 bytes=12
08-13 13:57:06.847 22499 22523 I WinlatorXRequest: seq=201 opcode=148 data=8 bytes=24
08-13 13:57:06.847 22499 22523 I WinlatorXRequest: seq=463 opcode=40 data=0 bytes=12
08-13 13:57:06.847 22499 22523 I WinlatorXRequest: seq=202 opcode=148 data=8 bytes=24
08-13 13:57:06.848 22499 22523 I WinlatorXRequest: seq=203 opcode=148 data=13 bytes=8
08-13 13:57:06.848 22499 22523 I WinlatorXRequest: seq=204 opcode=148 data=10 bytes=8
08-13 13:57:06.848 22499 22523 I WinlatorXRequest: seq=205 opcode=148 data=17 bytes=8
08-13 13:57:06.850 22499 22523 I WinlatorXRequest: seq=206 opcode=148 data=6 bytes=4
08-13 13:57:06.850 22499 22523 I WinlatorXRequest: seq=464 opcode=40 data=0 bytes=12
08-13 13:57:06.850 22499 22523 I WinlatorXRequest: seq=207 opcode=17 data=0 bytes=4
08-13 13:57:06.850 22499 22523 I WinlatorXRequest: seq=208 opcode=17 data=0 bytes=4
08-13 13:57:06.850 22499 22523 I WinlatorXRequest: seq=209 opcode=17 data=0 bytes=4
08-13 13:57:06.850 22499 22523 I WinlatorXRequest: seq=210 opcode=17 data=0 bytes=4
08-13 13:57:06.850 22499 22523 I WinlatorXRequest: seq=211 opcode=17 data=0 bytes=4
08-13 13:57:06.850 22499 22523 I WinlatorXRequest: seq=212 opcode=17 data=0 bytes=4
08-13 13:57:06.850 22499 22523 I WinlatorXRequest: seq=213 opcode=17 data=0 bytes=4
08-13 13:57:06.850 22499 22523 I WinlatorXRequest: seq=214 opcode=17 data=0 bytes=4
08-13 13:57:06.850 22499 22523 I WinlatorXRequest: seq=215 opcode=17 data=0 bytes=4
08-13 13:57:06.850 22499 22523 I WinlatorXRequest: seq=216 opcode=17 data=0 bytes=4
08-13 13:57:06.850 22499 22523 I WinlatorXRequest: seq=217 opcode=148 data=4 bytes=4
08-13 13:57:06.850 22499 22523 I WinlatorXRequest: seq=218 opcode=151 data=2 bytes=12
08-13 13:57:06.850 22499 22523 I WinlatorXRequest: seq=219 opcode=151 data=2 bytes=12
08-13 13:57:06.850 22499 22523 I WinlatorXRequest: seq=220 opcode=38 data=0 bytes=4
08-13 13:57:06.850 22499 22523 I WinlatorXRequest: seq=465 opcode=155 data=2 bytes=4
08-13 13:57:06.851 22499 22523 I WinlatorXRequest: seq=466 opcode=43 data=0 bytes=0
08-13 13:57:06.851 22499 22523 I WinlatorXRequest: seq=221 opcode=43 data=0 bytes=0
08-13 13:57:06.851 22499 22523 I WinlatorXRequest: seq=467 opcode=60 data=0 bytes=4
08-13 13:57:06.851 22499 22523 I WinlatorXRequest: seq=468 opcode=54 data=0 bytes=4
08-13 13:57:06.851 22499 22523 I WinlatorXRequest: seq=469 opcode=4 data=0 bytes=4
08-13 13:57:06.851 22499 22523 I WinlatorXRequest: seq=470 opcode=79 data=0 bytes=4
08-13 13:57:06.851 22499 22523 I WinlatorXRequest: seq=471 opcode=59 data=3 bytes=16
08-13 13:57:06.851 22499 22523 I WinlatorXRequest: seq=472 opcode=155 data=3 bytes=36
08-13 13:57:06.852 22499 22523 I WinlatorXRequest: seq=473 opcode=56 data=0 bytes=12
08-13 13:57:06.852 22499 22523 I WinlatorXRequest: seq=474 opcode=60 data=0 bytes=4
08-13 13:57:06.852 22499 22523 I WinlatorXRequest: seq=475 opcode=55 data=0 bytes=16
08-13 13:57:06.852 22499 22523 I WinlatorXRequest: seq=476 opcode=59 data=3 bytes=16
08-13 13:57:06.852 22499 22523 I WinlatorXRequest: seq=477 opcode=155 data=3 bytes=36
08-13 13:57:06.853 22499 22523 I WinlatorXRequest: seq=478 opcode=56 data=0 bytes=12
08-13 13:57:06.859 22499 22523 I WinlatorXRequest: seq=479 opcode=18 data=0 bytes=397652
08-13 13:57:06.869  2312  6735 D CompatibilityChangeReporter: Compat change id reported: 197654537; UID 10194; state: DISABLED
08-13 13:57:06.875 22499 22523 I WinlatorXRequest: seq=222 opcode=101 data=0 bytes=4
08-13 13:57:06.875 22499 22523 I WinlatorXRequest: seq=480 opcode=1 data=32 bytes=52
08-13 13:57:06.875 22499 22523 I WinlatorXRequest: seq=481 opcode=18 data=0 bytes=92
08-13 13:57:06.875 22499 22523 I WinlatorXRequest: seq=482 opcode=18 data=0 bytes=28
08-13 13:57:06.875 22499 22523 I WinlatorXRequest: seq=483 opcode=18 data=0 bytes=28
08-13 13:57:06.875 22499 22523 I WinlatorXRequest: seq=484 opcode=18 data=0 bytes=24
08-13 13:57:06.875 22499 22523 I WinlatorXRequest: seq=485 opcode=18 data=0 bytes=32
08-13 13:57:06.875 22499 22523 I WinlatorXRequest: seq=486 opcode=18 data=0 bytes=56
08-13 13:57:06.875 22499 22523 I WinlatorXRequest: seq=487 opcode=18 data=0 bytes=24
08-13 13:57:06.875 22499 22523 I WinlatorXRequest: seq=488 opcode=18 data=0 bytes=28
08-13 13:57:06.875 22499 22523 I WinlatorXRequest: seq=489 opcode=149 data=46 bytes=16
08-13 13:57:06.875 22499 22523 I WinlatorXRequest: seq=490 opcode=43 data=0 bytes=0
08-13 13:57:06.875 22499 22523 I WinlatorXRequest: seq=223 opcode=119 data=0 bytes=0
08-13 13:57:06.876 22499 22523 I WinlatorXRequest: seq=491 opcode=2 data=0 bytes=16
08-13 13:57:06.881 22499 22530 I BionicX : malloc(): corrupted top size
08-13 13:57:06.884 22499 22523 I WinlatorXRequest: seq=492 opcode=18 data=0 bytes=28
08-13 13:57:06.884 22499 22523 I WinlatorXRequest: seq=493 opcode=25 data=0 bytes=40
08-13 13:57:06.885 22499 22523 I WinlatorXRequest: seq=494 opcode=25 data=0 bytes=40
08-13 13:57:06.885 22499 22530 I BionicX : bionicx-exec: session child pid=22570 exited status=0x6
08-13 13:57:06.885 22499 22523 W System.err: java.io.IOException: Failed to send data.
08-13 13:57:06.885 22499 22523 W System.err: 	at com.winlator.xconnector.XOutputStream$OutputStreamLock.close(XOutputStream.java:94)
08-13 13:57:06.885 22499 22523 W System.err: 	at com.winlator.xserver.events.RawEvent.send(RawEvent.java:26)
08-13 13:57:06.885 22499 22523 W System.err: 	at com.winlator.xserver.EventListener.sendEvent(EventListener.java:27)
08-13 13:57:06.885 22499 22523 W System.err: 	at com.winlator.xserver.Window.sendEvent(Window.java:381)
08-13 13:57:06.885 22499 22523 W System.err: 	at com.winlator.xserver.requests.WindowRequests.sendEvent(WindowRequests.java:516)
08-13 13:57:06.885 22499 22523 W System.err: 	at com.winlator.xserver.XClientRequestHandler.handleNormalRequest(XClientRequestHandler.java:290)
08-13 13:57:06.885 22499 22523 W System.err: 	at com.winlator.xserver.XClientRequestHandler.handleRequest(XClientRequestHandler.java:46)
08-13 13:57:06.885 22499 22523 W System.err: 	at com.winlator.xconnector.XConnectorEpoll.handleExistingConnection(XConnectorEpoll.java:83)
08-13 13:57:06.885 22499 22523 I WinlatorXRequest: seq=495 opcode=18 data=0 bytes=40
08-13 13:57:06.885 22499 22523 I WinlatorXRequest: seq=496 opcode=20 data=0 bytes=20
08-13 13:57:06.885 22499 22523 E WinlatorXConnector: readMoreData=-104 fd=121
08-13 13:57:06.885 22499 22523 I WinlatorXRequest: seq=497 opcode=18 data=0 bytes=56
08-13 13:57:06.885 22499 22523 I WinlatorXRequest: seq=498 opcode=18 data=0 bytes=24
08-13 13:57:06.885 22499 22523 I WinlatorXRequest: seq=499 opcode=18 data=0 bytes=20
08-13 13:57:06.885 22499 22523 I WinlatorXRequest: seq=500 opcode=43 data=80 bytes=0
08-13 13:57:06.886 22499 22523 I WinlatorXRequest: seq=501 opcode=18 data=0 bytes=24
08-13 13:57:06.886 22499 22523 I WinlatorXRequest: seq=502 opcode=18 data=0 bytes=397652
08-13 13:57:06.898 22499 22523 I WinlatorXRequest: seq=503 opcode=18 data=0 bytes=32
08-13 13:57:06.898 22499 22523 I WinlatorXRequest: seq=504 opcode=18 data=0 bytes=32
08-13 13:57:06.898 22499 22523 I WinlatorXRequest: seq=505 opcode=18 data=0 bytes=20
08-13 13:57:06.898 22499 22523 I WinlatorXRequest: seq=506 opcode=18 data=0 bytes=32
08-13 13:57:06.898 22499 22523 I WinlatorXRequest: seq=507 opcode=18 data=0 bytes=32
08-13 13:57:06.898 22499 22523 I WinlatorXRequest: seq=508 opcode=18 data=0 bytes=397652
08-13 13:57:06.911 22499 22523 I WinlatorXRequest: seq=509 opcode=18 data=0 bytes=92
08-13 13:57:06.911 22499 22523 I WinlatorXRequest: seq=510 opcode=12 data=0 bytes=12
08-13 13:57:06.911 22499 22523 I WinlatorXRequest: seq=511 opcode=2 data=0 bytes=12
08-13 13:57:06.911 22499 22523 I WinlatorXRequest: seq=512 opcode=2 data=0 bytes=12
08-13 13:57:06.911 22499 22523 I WinlatorXRequest: seq=513 opcode=18 data=0 bytes=92
08-13 13:57:06.911 22499 22523 I WinlatorXRequest: seq=514 opcode=18 data=0 bytes=24
08-13 13:57:06.911 22499 22523 I WinlatorXRequest: seq=515 opcode=18 data=0 bytes=24
08-13 13:57:06.911 22499 22523 I WinlatorXRequest: seq=516 opcode=20 data=0 bytes=20
08-13 13:57:06.911 22499 22523 I WinlatorXRequest: seq=517 opcode=19 data=0 bytes=8
08-13 13:57:06.911 22499 22523 I WinlatorXRequest: seq=518 opcode=18 data=0 bytes=24
08-13 13:57:06.911 22499 22523 I WinlatorXRequest: seq=519 opcode=8 data=0 bytes=4
08-13 13:57:06.911 22499 22523 I WinlatorXRequest: seq=520 opcode=43 data=0 bytes=0
08-13 13:57:06.918 22499 22523 I WinlatorXRequest: seq=521 opcode=40 data=0 bytes=12
08-13 13:57:06.919 22499 22523 I WinlatorXRequest: seq=522 opcode=15 data=0 bytes=4
08-13 13:57:06.919 22499 22523 I WinlatorXRequest: seq=523 opcode=40 data=0 bytes=12
08-13 13:57:06.919 22499 22523 I WinlatorXRequest: seq=524 opcode=14 data=0 bytes=4
08-13 13:57:06.919 22499 22523 I WinlatorXRequest: seq=525 opcode=155 data=1 bytes=12
08-13 13:57:06.919 22499 22523 I WinlatorXRequest: seq=526 opcode=43 data=0 bytes=0
08-13 13:57:06.919 22499 22523 I WinlatorXRequest: seq=527 opcode=53 data=32 bytes=12
08-13 13:57:06.920 22499 22523 I WinlatorXRequest: seq=528 opcode=38 data=0 bytes=4
08-13 13:57:06.920 22499 22523 I WinlatorXRequest: seq=529 opcode=40 data=0 bytes=12
08-13 13:57:06.921 22499 22523 I WinlatorXRequest: seq=530 opcode=55 data=0 bytes=16
08-13 13:57:06.921 22499 22523 I WinlatorXRequest: seq=531 opcode=59 data=3 bytes=16
08-13 13:57:06.921 22499 22523 I WinlatorXRequest: seq=532 opcode=155 data=3 bytes=36
08-13 13:57:06.921 22499 22523 I WinlatorXRequest: seq=533 opcode=56 data=0 bytes=12
08-13 13:57:06.921 22499 22523 I WinlatorXRequest: seq=534 opcode=59 data=3 bytes=16
08-13 13:57:06.921 22499 22523 I WinlatorXRequest: seq=535 opcode=155 data=3 bytes=36
08-13 13:57:06.921 22499 22523 I WinlatorXRequest: seq=536 opcode=56 data=0 bytes=12
08-13 13:57:06.938   829   829 I hwservicemanager: getTransport: Cannot find entry vendor.qti.hardware.servicetracker@1.2::IServicetracker/default in either framework or device VINTF manifest.
08-13 13:57:06.938  2312  2705 W ActivityTaskManager: servicetracker HIDL not available
08-13 13:57:06.938  2312  2705 E ActivityTaskManager: Unable to get servicetracker HAL instance
08-13 13:57:06.939   829   829 I hwservicemanager: getTransport: Cannot find entry vendor.qti.hardware.servicetracker@1.2::IServicetracker/default in either framework or device VINTF manifest.
08-13 13:57:06.939  2312  2705 W ActivityTaskManager: servicetracker HIDL not available
08-13 13:57:06.939  2312  2705 E ActivityTaskManager: Unable to get servicetracker HAL instance
08-13 13:57:06.944 22499 22523 I WinlatorXRequest: seq=537 opcode=43 data=0 bytes=0
08-13 13:57:06.946 22499 22523 I WinlatorXRequest: seq=538 opcode=60 data=0 bytes=4
08-13 13:57:06.946 22499 22523 I WinlatorXRequest: seq=539 opcode=55 data=0 bytes=16
08-13 13:57:06.946 22499 22523 I WinlatorXRequest: seq=540 opcode=59 data=3 bytes=40
08-13 13:57:06.946 22499 22523 I WinlatorXRequest: seq=541 opcode=155 data=3 bytes=36
08-13 13:57:06.947 22499 22523 I WinlatorXRequest: seq=542 opcode=155 data=3 bytes=36
08-13 13:57:06.947 22499 22523 I WinlatorXRequest: seq=543 opcode=155 data=3 bytes=36
08-13 13:57:06.947 22499 22523 I WinlatorXRequest: seq=544 opcode=155 data=3 bytes=36
08-13 13:57:06.949 22499 22523 I WinlatorXRequest: seq=545 opcode=56 data=0 bytes=12
08-13 13:57:06.949 22499 22523 I WinlatorXRequest: seq=546 opcode=60 data=0 bytes=4
08-13 13:57:06.949 22499 22523 I WinlatorXRequest: seq=547 opcode=55 data=0 bytes=16
08-13 13:57:06.949 22499 22523 I WinlatorXRequest: seq=548 opcode=59 data=3 bytes=40
08-13 13:57:06.949 22499 22523 I WinlatorXRequest: seq=549 opcode=155 data=3 bytes=36
08-13 13:57:06.949 22499 22523 I WinlatorXRequest: seq=550 opcode=155 data=3 bytes=36
08-13 13:57:06.949 22499 22523 I WinlatorXRequest: seq=551 opcode=155 data=3 bytes=36
08-13 13:57:06.950 22499 22523 I WinlatorXRequest: seq=552 opcode=155 data=3 bytes=36
08-13 13:57:06.950 22499 22523 I WinlatorXRequest: seq=553 opcode=56 data=0 bytes=12
08-13 13:57:06.950 22499 22523 I WinlatorXRequest: seq=554 opcode=43 data=0 bytes=0
08-13 13:57:06.951 22499 22523 I WinlatorXRequest: seq=555 opcode=60 data=0 bytes=4
08-13 13:57:06.951 22499 22523 I WinlatorXRequest: seq=556 opcode=55 data=0 bytes=16
08-13 13:57:06.956 22499 22523 I WinlatorXRequest: seq=557 opcode=59 data=3 bytes=16
08-13 13:57:06.956 22499 22523 I WinlatorXRequest: seq=558 opcode=155 data=3 bytes=36
08-13 13:57:06.956 22499 22523 I WinlatorXRequest: seq=559 opcode=56 data=0 bytes=12
08-13 13:57:06.956 22499 22523 I WinlatorXRequest: seq=560 opcode=60 data=0 bytes=4
08-13 13:57:06.956 22499 22523 I WinlatorXRequest: seq=561 opcode=55 data=0 bytes=16
08-13 13:57:06.956 22499 22523 I WinlatorXRequest: seq=562 opcode=59 data=3 bytes=16
08-13 13:57:06.956 22499 22523 I WinlatorXRequest: seq=563 opcode=155 data=3 bytes=36
08-13 13:57:06.956 22499 22523 I WinlatorXRequest: seq=564 opcode=56 data=0 bytes=12
08-13 13:57:06.984 22499 22523 I WinlatorXRequest: seq=224 opcode=78 data=0 bytes=12
08-13 13:57:06.984 22499 22523 I WinlatorXRequest: seq=225 opcode=1 data=32 bytes=56
08-13 13:57:06.984 22499 22523 I WinlatorXRequest: seq=226 opcode=18 data=0 bytes=92
08-13 13:57:06.984 22499 22523 I WinlatorXRequest: seq=227 opcode=18 data=0 bytes=28
08-13 13:57:06.984 22499 22523 I WinlatorXRequest: seq=228 opcode=18 data=0 bytes=40
08-13 13:57:06.984 22499 22523 I WinlatorXRequest: seq=229 opcode=18 data=0 bytes=24
08-13 13:57:06.984 22499 22523 I WinlatorXRequest: seq=230 opcode=18 data=0 bytes=32
08-13 13:57:06.984 22499 22523 I WinlatorXRequest: seq=231 opcode=1 data=0 bytes=28
08-13 13:57:06.984 22499 22523 I WinlatorXRequest: seq=232 opcode=18 data=0 bytes=24
08-13 13:57:06.984 22499 22523 I WinlatorXRequest: seq=233 opcode=18 data=0 bytes=24
08-13 13:57:06.984 22499 22523 I WinlatorXRequest: seq=234 opcode=18 data=0 bytes=24
08-13 13:57:06.984 22499 22523 I WinlatorXRequest: seq=235 opcode=18 data=0 bytes=56
08-13 13:57:06.984 22499 22523 I WinlatorXRequest: seq=236 opcode=18 data=0 bytes=24
08-13 13:57:06.984 22499 22523 I WinlatorXRequest: seq=237 opcode=18 data=0 bytes=28
08-13 13:57:06.985 22499 22523 I WinlatorXRequest: seq=238 opcode=149 data=46 bytes=16
08-13 13:57:06.985 22499 22523 I WinlatorXRequest: seq=239 opcode=43 data=0 bytes=0
08-13 13:57:06.985 22499 22523 I WinlatorXRequest: seq=240 opcode=2 data=0 bytes=16
08-13 13:57:06.985 22499 22523 I WinlatorXRequest: seq=241 opcode=18 data=0 bytes=36
08-13 13:57:06.985 22499 22523 I WinlatorXRequest: seq=242 opcode=25 data=0 bytes=40
08-13 13:57:06.985 22499 22523 I WinlatorXRequest: seq=243 opcode=25 data=0 bytes=40
08-13 13:57:06.985 22499 22523 I WinlatorXRequest: seq=244 opcode=18 data=0 bytes=40
08-13 13:57:06.985 22499 22523 I WinlatorXRequest: seq=245 opcode=20 data=0 bytes=20
08-13 13:57:06.985 22499 22523 I WinlatorXRequest: seq=246 opcode=18 data=0 bytes=56
08-13 13:57:06.985 22499 22523 I WinlatorXRequest: seq=247 opcode=18 data=0 bytes=24
08-13 13:57:06.985 22499 22523 I WinlatorXRequest: seq=248 opcode=18 data=0 bytes=20
08-13 13:57:06.985 22499 22523 I WinlatorXRequest: seq=249 opcode=43 data=105 bytes=0
08-13 13:57:06.986 22499 22523 I WinlatorXRequest: seq=250 opcode=18 data=0 bytes=24
08-13 13:57:06.987 22499 22523 I WinlatorXRequest: seq=251 opcode=18 data=0 bytes=1446236
08-13 13:57:07.020 22452 22452 W HidlServiceManagement: Waited one second for vendor.qti.diaghal@1.0::Idiag/default
08-13 13:57:07.021   829   829 I hwservicemanager: Since vendor.qti.diaghal@1.0::Idiag/default is not registered, trying to start it as a lazy HAL (if it's not configured to be a lazy HAL, it may be stuck starting or still starting).
08-13 13:57:07.021 22452 22452 I HidlServiceManagement: getService: Trying again for vendor.qti.diaghal@1.0::Idiag/default...
08-13 13:57:07.022   829 22602 W libc    : Unable to set property "ctl.interface_start" to "vendor.qti.diaghal@1.0::Idiag/default": error code: 0x20
08-13 13:57:07.022   829 22602 I hwservicemanager: Tried to start vendor.qti.diaghal@1.0::Idiag/default as a lazy service, but was unable to. Usually this happens when a service is not installed, but if the service is intended to be used as a lazy service, then it may be configured incorrectly.
08-13 13:57:07.037 22499 22523 I WinlatorXRequest: seq=252 opcode=18 data=0 bytes=24
08-13 13:57:07.037 22499 22523 I WinlatorXRequest: seq=253 opcode=18 data=0 bytes=20
08-13 13:57:07.037 22499 22523 I WinlatorXRequest: seq=254 opcode=18 data=0 bytes=20
08-13 13:57:07.037 22499 22523 I WinlatorXRequest: seq=565 opcode=60 data=0 bytes=4
08-13 13:57:07.037 22499 22523 I WinlatorXRequest: seq=566 opcode=55 data=0 bytes=16
08-13 13:57:07.037 22499 22523 I WinlatorXRequest: seq=567 opcode=59 data=3 bytes=16
08-13 13:57:07.037 22499 22523 I WinlatorXRequest: seq=568 opcode=155 data=3 bytes=36
08-13 13:57:07.038 22499 22523 I WinlatorXRequest: seq=569 opcode=56 data=0 bytes=12
08-13 13:57:07.038 22499 22523 I WinlatorXRequest: seq=570 opcode=60 data=0 bytes=4
08-13 13:57:07.038 22499 22523 I WinlatorXRequest: seq=571 opcode=55 data=0 bytes=16
08-13 13:57:07.038 22499 22523 I WinlatorXRequest: seq=572 opcode=59 data=3 bytes=16
08-13 13:57:07.038 22499 22523 I WinlatorXRequest: seq=573 opcode=155 data=3 bytes=36
08-13 13:57:07.038 22499 22523 I WinlatorXRequest: seq=574 opcode=56 data=0 bytes=12
08-13 13:57:07.040 22499 22523 I WinlatorXRequest: seq=255 opcode=18 data=0 bytes=1446236
08-13 13:57:07.123  1451  1717 I SDM     : DisplayBase::CommitThread: Received idle timeout, panel: video, timeout: 70000 us
08-13 13:57:07.145  1451  1717 I SDM     : HWDeviceDRM::SetupConcurrentWriteback: Tear down the Concurrent Writeback topology
08-13 13:57:07.216  1451  1717 I SDM     : DisplayBase::CommitThread: Received idle timeout, panel: video, timeout: 70000 us
08-13 13:57:07.280  1442  1625 I ANDR-PWR-OPT: PowerHelper: getNodeData() 196: FPS88.900002 FRAMECOUNT89
08-13 13:57:07.280  1442  1625 I ANDR-PWR-OPT: PowerHelper: getFps() 168: Returned fps value: 88.900002
08-13 13:57:07.324 22605 22605 I top     : type=1400 audit(0.0:2810256): avc:  denied  { getattr } for  path="/proc/1398" dev="proc" ino=5639982 scontext=u:r:system_app:s0 tcontext=u:r:hal_allocator_default:s0 tclass=dir permissive=1
08-13 13:57:07.324 22605 22605 I top     : type=1400 audit(0.0:2810257): avc:  denied  { search } for  name="1398" dev="proc" ino=5639982 scontext=u:r:system_app:s0 tcontext=u:r:hal_allocator_default:s0 tclass=dir permissive=1
08-13 13:57:07.328  3855  3855 I Timer-4 : type=1400 audit(0.0:2810258): avc:  denied  { getattr } for  path="/proc/stat" dev="proc" ino=4026532011 scontext=u:r:system_app:s0 tcontext=u:object_r:proc_stat:s0 tclass=file permissive=1
08-13 13:57:07.527 22499 22523 I WinlatorXRequest: seq=575 opcode=43 data=0 bytes=0
08-13 13:57:07.531 22499 22523 I WinlatorXRequest: seq=576 opcode=60 data=0 bytes=4
08-13 13:57:07.531 22499 22523 I WinlatorXRequest: seq=577 opcode=55 data=0 bytes=16
08-13 13:57:07.531 22499 22523 I WinlatorXRequest: seq=578 opcode=59 data=3 bytes=16
08-13 13:57:07.531 22499 22523 I WinlatorXRequest: seq=579 opcode=155 data=3 bytes=36
08-13 13:57:07.532 22499 22523 I WinlatorXRequest: seq=580 opcode=56 data=0 bytes=12
08-13 13:57:07.532 22499 22523 I WinlatorXRequest: seq=581 opcode=60 data=0 bytes=4
08-13 13:57:07.532 22499 22523 I WinlatorXRequest: seq=582 opcode=55 data=0 bytes=16
08-13 13:57:07.532 22499 22523 I WinlatorXRequest: seq=583 opcode=59 data=3 bytes=16
08-13 13:57:07.532 22499 22523 I WinlatorXRequest: seq=584 opcode=155 data=3 bytes=36
08-13 13:57:07.532 22499 22523 I WinlatorXRequest: seq=585 opcode=56 data=0 bytes=12
08-13 13:57:07.623  1451  1717 I SDM     : DisplayBase::CommitThread: Received idle timeout, panel: video, timeout: 70000 us
08-13 13:57:07.644  1451  1717 I SDM     : HWDeviceDRM::SetupConcurrentWriteback: Tear down the Concurrent Writeback topology
08-13 13:57:07.715  1451  1717 I SDM     : DisplayBase::CommitThread: Received idle timeout, panel: video, timeout: 69999 us
08-13 13:57:07.780  1442  1625 I ANDR-PWR-OPT: PowerHelper: getNodeData() 196: FPS33.900002 FRAMECOUNT34
08-13 13:57:07.780  1442  1625 I ANDR-PWR-OPT: PowerHelper: getFps() 168: Returned fps value: 33.900002
08-13 13:57:07.957 22614 22614 I xsu     : sending cmd:echo 76 > /sys/devices/platform/soc/soc:pwm-fan/hwmon/hwmon0/pwm1
08-13 13:57:07.958 22614 22614 I xsu     : sending cmd end:echo 76 > /sys/devices/platform/soc/soc:pwm-fan/hwmon/hwmon0/pwm1
08-13 13:57:07.958 22614 22614 I xsu     : free cmd end
08-13 13:57:07.959 22614 22614 I xsu     : xsu_recv cmd before
08-13 13:57:07.959 22614 22614 I xsu_api : xsu_recv memset enter
08-13 13:57:07.959 22614 22614 I xsu_api : xsu_recv memset end
08-13 13:57:07.959  1604 22615 I xsu_api : xsu_recv memset enter
08-13 13:57:07.959  1604 22615 I xsu_api : xsu_recv memset end
08-13 13:57:07.959  1604 22615 I xsu_api : xsu_recv retry end
08-13 13:57:07.959  1604 22615 I xsu_api : ret=4, version=200, type=0, payload_size=69
08-13 13:57:07.959  1604 22615 I xsu_api : xsu_recv type and len
08-13 13:57:07.959  1604 22615 I xsu_api : header.type=0, header.payload_size=69, xsu_header_t=4
08-13 13:57:07.959  1604 22615 I xsu_api : xsu_recv type and len end
08-13 13:57:07.959  1604 22615 I xsud    : handle comming cmd:echo 76 > /sys/devices/platform/soc/soc:pwm-fan/hwmon/hwmon0/pwm1
08-13 13:57:07.972 22616 22616 I sh      : type=1400 audit(0.0:2810259): avc:  denied  { write } for  name="pwm1" dev="sysfs" ino=103506 scontext=u:r:xsud:s0 tcontext=u:object_r:sysfs:s0 tclass=file permissive=1
08-13 13:57:07.972 22616 22616 I sh      : type=1400 audit(0.0:2810260): avc:  denied  { open } for  path="/sys/devices/platform/soc/soc:pwm-fan/hwmon/hwmon0/pwm1" dev="sysfs" ino=103506 scontext=u:r:xsud:s0 tcontext=u:object_r:sysfs:s0 tclass=file permissive=1
08-13 13:57:07.979 22614 22614 I xsu_api : xsu_recv retry end
08-13 13:57:07.979 22614 22614 I xsu_api : ret=4, version=200, type=3, payload_size=0
08-13 13:57:07.979 22614 22614 I xsu_api : xsu_recv type and len
08-13 13:57:07.979 22614 22614 I xsu_api : header.type=3, header.payload_size=0, xsu_header_t=4
08-13 13:57:07.979 22614 22614 I xsu_api : xsu_recv type and len end
08-13 13:57:07.979 22614 22614 I xsu     : xsu_recv cmd end
08-13 13:57:07.979 22614 22614 I xsu     : end session!
08-13 13:57:08.022 22452 22452 W HidlServiceManagement: Waited one second for vendor.qti.diaghal@1.0::Idiag/default
08-13 13:57:08.023   829   829 I hwservicemanager: Since vendor.qti.diaghal@1.0::Idiag/default is not registered, trying to start it as a lazy HAL (if it's not configured to be a lazy HAL, it may be stuck starting or still starting).
08-13 13:57:08.023 22452 22452 I HidlServiceManagement: getService: Trying again for vendor.qti.diaghal@1.0::Idiag/default...
08-13 13:57:08.025   829 22617 W libc    : Unable to set property "ctl.interface_start" to "vendor.qti.diaghal@1.0::Idiag/default": error code: 0x20
08-13 13:57:08.025   829 22617 I hwservicemanager: Tried to start vendor.qti.diaghal@1.0::Idiag/default as a lazy service, but was unable to. Usually this happens when a service is not installed, but if the service is intended to be used as a lazy service, then it may be configured incorrectly.
08-13 13:57:08.280  1442  1625 I ANDR-PWR-OPT: PowerHelper: getNodeData() 196: FPS4.700000 FRAMECOUNT5
08-13 13:57:08.280  1442  1625 I ANDR-PWR-OPT: PowerHelper: getFps() 168: Returned fps value: 4.700000
08-13 13:57:08.465 22499 22509 W io.taowen.bx: userfaultfd: MOVE ioctl seems unsupported: Connection timed out
08-13 13:57:08.780  1442  1625 I ANDR-PWR-OPT: PowerHelper: getNodeData() 196: FPS0.000000 FRAMECOUNT0
08-13 13:57:08.780  1442  1625 I ANDR-PWR-OPT: PowerHelper: getFps() 168: Returned fps value: 0.000000
08-13 13:57:09.024 22452 22452 W HidlServiceManagement: Waited one second for vendor.qti.diaghal@1.0::Idiag/default
08-13 13:57:09.024   829   829 I hwservicemanager: Since vendor.qti.diaghal@1.0::Idiag/default is not registered, trying to start it as a lazy HAL (if it's not configured to be a lazy HAL, it may be stuck starting or still starting).
08-13 13:57:09.025 22452 22452 I HidlServiceManagement: getService: Trying again for vendor.qti.diaghal@1.0::Idiag/default...
08-13 13:57:09.027   829 22619 W libc    : Unable to set property "ctl.interface_start" to "vendor.qti.diaghal@1.0::Idiag/default": error code: 0x20
08-13 13:57:09.027   829 22619 I hwservicemanager: Tried to start vendor.qti.diaghal@1.0::Idiag/default as a lazy service, but was unable to. Usually this happens when a service is not installed, but if the service is intended to be used as a lazy service, then it may be configured incorrectly.
08-13 13:57:09.072 22620 22620 I top     : type=1400 audit(0.0:2810277): avc:  denied  { read } for  scontext=u:r:system_app:s0 tcontext=u:r:vendor_qwesd:s0 tclass=file permissive=1
08-13 13:57:09.076 22620 22620 I top     : type=1400 audit(0.0:2810278): avc:  denied  { open } for  path="/proc/1661/stat" dev="proc" ino=5640148 scontext=u:r:system_app:s0 tcontext=u:r:vendor_qwesd:s0 tclass=file permissive=1
08-13 13:57:09.080 22620 22620 I top     : type=1400 audit(0.0:2810279): avc:  denied  { getattr } for  path="/proc/2000" dev="proc" ino=5640016 scontext=u:r:system_app:s0 tcontext=u:r:vendor_sxrd_vndr:s0 tclass=dir permissive=1
08-13 13:57:09.080 22620 22620 I top     : type=1400 audit(0.0:2810280): avc:  denied  { search } for  name="2000" dev="proc" ino=5640016 scontext=u:r:system_app:s0 tcontext=u:r:vendor_sxrd_vndr:s0 tclass=dir permissive=1
08-13 13:57:09.280  1442  1625 I ANDR-PWR-OPT: PowerHelper: getNodeData() 196: FPS0.000000 FRAMECOUNT0
08-13 13:57:09.280  1442  1625 I ANDR-PWR-OPT: PowerHelper: getFps() 168: Returned fps value: 0.000000
08-13 13:57:09.674  1451  1717 I SDM     : DisplayBase::CommitThread: Received idle timeout, panel: video, timeout: 70000 us
08-13 13:57:09.694  1451  1717 I SDM     : HWDeviceDRM::SetupConcurrentWriteback: Tear down the Concurrent Writeback topology
08-13 13:57:09.766  1451  1717 I SDM     : DisplayBase::CommitThread: Received idle timeout, panel: video, timeout: 70000 us
08-13 13:57:09.780  1442  1625 I ANDR-PWR-OPT: PowerHelper: getNodeData() 196: FPS1.900000 FRAMECOUNT4
08-13 13:57:09.780  1442  1625 I ANDR-PWR-OPT: PowerHelper: getFps() 168: Returned fps value: 1.900000
08-13 13:57:10.026 22452 22452 W HidlServiceManagement: Waited one second for vendor.qti.diaghal@1.0::Idiag/default
08-13 13:57:10.027   829   829 I hwservicemanager: Since vendor.qti.diaghal@1.0::Idiag/default is not registered, trying to start it as a lazy HAL (if it's not configured to be a lazy HAL, it may be stuck starting or still starting).
08-13 13:57:10.028 22452 22452 I HidlServiceManagement: getService: Trying again for vendor.qti.diaghal@1.0::Idiag/default...
08-13 13:57:10.030   829 22624 W libc    : Unable to set property "ctl.interface_start" to "vendor.qti.diaghal@1.0::Idiag/default": error code: 0x20
08-13 13:57:10.030   829 22624 I hwservicemanager: Tried to start vendor.qti.diaghal@1.0::Idiag/default as a lazy service, but was unable to. Usually this happens when a service is not installed, but if the service is intended to be used as a lazy service, then it may be configured incorrectly.
08-13 13:57:10.076 22625 22625 I top     : type=1400 audit(0.0:2810281): avc:  denied  { read } for  scontext=u:r:system_app:s0 tcontext=u:r:vendor_hal_sensorscalibrate_qti_default:s0 tclass=file permissive=1
08-13 13:57:10.084 22625 22625 I top     : type=1400 audit(0.0:2810282): avc:  denied  { open } for  path="/proc/1509/stat" dev="proc" ino=5645429 scontext=u:r:system_app:s0 tcontext=u:r:vendor_hal_sensorscalibrate_qti_default:s0 tclass=file permissive=1
08-13 13:57:10.084 22625 22625 I top     : type=1400 audit(0.0:2810283): avc:  denied  { getattr } for  path="/proc/1514" dev="proc" ino=5645360 scontext=u:r:system_app:s0 tcontext=u:r:vendor_hal_srvctracker_default:s0 tclass=dir permissive=1
08-13 13:57:10.084 22625 22625 I top     : type=1400 audit(0.0:2810284): avc:  denied  { search } for  name="1514" dev="proc" ino=5645360 scontext=u:r:system_app:s0 tcontext=u:r:vendor_hal_srvctracker_default:s0 tclass=dir permissive=1
08-13 13:57:10.280  1442  1625 I ANDR-PWR-OPT: PowerHelper: getNodeData() 196: FPS1.500000 FRAMECOUNT4
08-13 13:57:10.280  1442  1625 I ANDR-PWR-OPT: PowerHelper: getFps() 168: Returned fps value: 1.500000
08-13 13:57:10.348  3855  3855 I Timer-4 : type=1400 audit(0.0:2810285): avc:  denied  { read } for  name="gpuclk" dev="sysfs" ino=125405 scontext=u:r:system_app:s0 tcontext=u:object_r:vendor_sysfs_kgsl_gpuclk:s0 tclass=file permissive=1
08-13 13:57:10.348  3855  3855 I Timer-4 : type=1400 audit(0.0:2810286): avc:  denied  { open } for  path="/sys/devices/platform/soc/3d00000.qcom,kgsl-3d0/kgsl/kgsl-3d0/gpuclk" dev="sysfs" ino=125405 scontext=u:r:system_app:s0 tcontext=u:object_r:vendor_sysfs_kgsl_gpuclk:s0 tclass=file permissive=1
08-13 13:57:10.780  1442  1625 I ANDR-PWR-OPT: PowerHelper: getNodeData() 196: FPS0.000000 FRAMECOUNT0
08-13 13:57:10.780  1442  1625 I ANDR-PWR-OPT: PowerHelper: getFps() 168: Returned fps value: 0.000000
08-13 13:57:11.028 22452 22452 W HidlServiceManagement: Waited one second for vendor.qti.diaghal@1.0::Idiag/default
08-13 13:57:11.029   829   829 I hwservicemanager: Since vendor.qti.diaghal@1.0::Idiag/default is not registered, trying to start it as a lazy HAL (if it's not configured to be a lazy HAL, it may be stuck starting or still starting).
08-13 13:57:11.029 22452 22452 I HidlServiceManagement: getService: Trying again for vendor.qti.diaghal@1.0::Idiag/default...
08-13 13:57:11.032   829 22626 W libc    : Unable to set property "ctl.interface_start" to "vendor.qti.diaghal@1.0::Idiag/default": error code: 0x20
08-13 13:57:11.032   829 22626 I hwservicemanager: Tried to start vendor.qti.diaghal@1.0::Idiag/default as a lazy service, but was unable to. Usually this happens when a service is not installed, but if the service is intended to be used as a lazy service, then it may be configured incorrectly.
08-13 13:57:11.280  1442  1625 I ANDR-PWR-OPT: PowerHelper: getNodeData() 196: FPS0.000000 FRAMECOUNT0
08-13 13:57:11.280  1442  1625 I ANDR-PWR-OPT: PowerHelper: getFps() 168: Returned fps value: 0.000000
08-13 13:57:11.780  1442  1625 I ANDR-PWR-OPT: PowerHelper: getNodeData() 196: FPS0.000000 FRAMECOUNT0
08-13 13:57:11.780  1442  1625 I ANDR-PWR-OPT: PowerHelper: getFps() 168: Returned fps value: 0.000000
08-13 13:57:12.030 22452 22452 W HidlServiceManagement: Waited one second for vendor.qti.diaghal@1.0::Idiag/default
08-13 13:57:12.030   829   829 I hwservicemanager: Since vendor.qti.diaghal@1.0::Idiag/default is not registered, trying to start it as a lazy HAL (if it's not configured to be a lazy HAL, it may be stuck starting or still starting).
08-13 13:57:12.031 22452 22452 I HidlServiceManagement: getService: Trying again for vendor.qti.diaghal@1.0::Idiag/default...
08-13 13:57:12.033   829 22628 W libc    : Unable to set property "ctl.interface_start" to "vendor.qti.diaghal@1.0::Idiag/default": error code: 0x20
08-13 13:57:12.033   829 22628 I hwservicemanager: Tried to start vendor.qti.diaghal@1.0::Idiag/default as a lazy service, but was unable to. Usually this happens when a service is not installed, but if the service is intended to be used as a lazy service, then it may be configured incorrectly.
08-13 13:57:12.280  1442  1625 I ANDR-PWR-OPT: PowerHelper: getNodeData() 196: FPS0.000000 FRAMECOUNT0
08-13 13:57:12.280  1442  1625 I ANDR-PWR-OPT: PowerHelper: getFps() 168: Returned fps value: 0.000000
08-13 13:57:12.780  1442  1625 I ANDR-PWR-OPT: PowerHelper: getNodeData() 196: FPS0.000000 FRAMECOUNT0
08-13 13:57:12.780  1442  1625 I ANDR-PWR-OPT: PowerHelper: getFps() 168: Returned fps value: 0.000000
08-13 13:57:13.008 22630 22630 I xsu     : sending cmd:echo 76 > /sys/devices/platform/soc/soc:pwm-fan/hwmon/hwmon0/pwm1
08-13 13:57:13.009 22630 22630 I xsu     : sending cmd end:echo 76 > /sys/devices/platform/soc/soc:pwm-fan/hwmon/hwmon0/pwm1
08-13 13:57:13.009 22630 22630 I xsu     : free cmd end
08-13 13:57:13.009 22630 22630 I xsu     : xsu_recv cmd before
08-13 13:57:13.009 22630 22630 I xsu_api : xsu_recv memset enter
08-13 13:57:13.009 22630 22630 I xsu_api : xsu_recv memset end
08-13 13:57:13.009  1604 22631 I xsu_api : xsu_recv memset enter
08-13 13:57:13.009  1604 22631 I xsu_api : xsu_recv memset end
08-13 13:57:13.009  1604 22631 I xsu_api : xsu_recv retry end
08-13 13:57:13.009  1604 22631 I xsu_api : ret=4, version=200, type=0, payload_size=69
08-13 13:57:13.009  1604 22631 I xsu_api : xsu_recv type and len
08-13 13:57:13.009  1604 22631 I xsu_api : header.type=0, header.payload_size=69, xsu_header_t=4
08-13 13:57:13.009  1604 22631 I xsu_api : xsu_recv type and len end
08-13 13:57:13.009  1604 22631 I xsud    : handle comming cmd:echo 76 > /sys/devices/platform/soc/soc:pwm-fan/hwmon/hwmon0/pwm1
08-13 13:57:13.025 22630 22630 I xsu_api : xsu_recv retry end
08-13 13:57:13.025 22630 22630 I xsu_api : ret=4, version=200, type=3, payload_size=0
08-13 13:57:13.025 22630 22630 I xsu_api : xsu_recv type and len
08-13 13:57:13.025 22630 22630 I xsu_api : header.type=3, header.payload_size=0, xsu_header_t=4
08-13 13:57:13.025 22630 22630 I xsu_api : xsu_recv type and len end
08-13 13:57:13.025 22630 22630 I xsu     : xsu_recv cmd end
08-13 13:57:13.025 22630 22630 I xsu     : end session!
08-13 13:57:13.032 22452 22452 W HidlServiceManagement: Waited one second for vendor.qti.diaghal@1.0::Idiag/default
08-13 13:57:13.032   829   829 I hwservicemanager: Since vendor.qti.diaghal@1.0::Idiag/default is not registered, trying to start it as a lazy HAL (if it's not configured to be a lazy HAL, it may be stuck starting or still starting).
08-13 13:57:13.033 22452 22452 I HidlServiceManagement: getService: Trying again for vendor.qti.diaghal@1.0::Idiag/default...
08-13 13:57:13.034   829 22633 W libc    : Unable to set property "ctl.interface_start" to "vendor.qti.diaghal@1.0::Idiag/default": error code: 0x20
08-13 13:57:13.035   829 22633 I hwservicemanager: Tried to start vendor.qti.diaghal@1.0::Idiag/default as a lazy service, but was unable to. Usually this happens when a service is not installed, but if the service is intended to be used as a lazy service, then it may be configured incorrectly.
08-13 13:57:13.076 22634 22634 I top     : type=1400 audit(0.0:2810288): avc:  denied  { getattr } for  path="/proc/1518" dev="proc" ino=5640002 scontext=u:r:system_app:s0 tcontext=u:r:hal_vibrator_default:s0 tclass=dir permissive=1 app=io.taowen.bx
08-13 13:57:13.076 22634 22634 I top     : type=1400 audit(0.0:2810289): avc:  denied  { search } for  name="1518" dev="proc" ino=5640002 scontext=u:r:system_app:s0 tcontext=u:r:hal_vibrator_default:s0 tclass=dir permissive=1 app=io.taowen.bx
08-13 13:57:13.076 22634 22634 I top     : type=1400 audit(0.0:2810290): avc:  denied  { getattr } for  path="/proc/1856" dev="proc" ino=5640009 scontext=u:r:system_app:s0 tcontext=u:r:vendor_hal_gatekeeper_qti:s0 tclass=dir permissive=1 app=io.taowen.bx
08-13 13:57:13.076 22634 22634 I top     : type=1400 audit(0.0:2810291): avc:  denied  { search } for  name="1856" dev="proc" ino=5640009 scontext=u:r:system_app:s0 tcontext=u:r:vendor_hal_gatekeeper_qti:s0 tclass=dir permissive=1 app=io.taowen.bx
08-13 13:57:13.280  1442  1625 I ANDR-PWR-OPT: PowerHelper: getNodeData() 196: FPS0.000000 FRAMECOUNT0
08-13 13:57:13.280  1442  1625 I ANDR-PWR-OPT: PowerHelper: getFps() 168: Returned fps value: 0.000000
08-13 13:57:13.780  1442  1625 I ANDR-PWR-OPT: PowerHelper: getNodeData() 196: FPS0.000000 FRAMECOUNT0
08-13 13:57:13.780  1442  1625 I ANDR-PWR-OPT: PowerHelper: getFps() 168: Returned fps value: 0.000000
08-13 13:57:14.033 22452 22452 W HidlServiceManagement: Waited one second for vendor.qti.diaghal@1.0::Idiag/default
08-13 13:57:14.034   829   829 I hwservicemanager: Since vendor.qti.diaghal@1.0::Idiag/default is not registered, trying to start it as a lazy HAL (if it's not configured to be a lazy HAL, it may be stuck starting or still starting).
08-13 13:57:14.035 22452 22452 I HidlServiceManagement: getService: Trying again for vendor.qti.diaghal@1.0::Idiag/default...
08-13 13:57:14.037   829 22635 W libc    : Unable to set property "ctl.interface_start" to "vendor.qti.diaghal@1.0::Idiag/default": error code: 0x20
08-13 13:57:14.037   829 22635 I hwservicemanager: Tried to start vendor.qti.diaghal@1.0::Idiag/default as a lazy service, but was unable to. Usually this happens when a service is not installed, but if the service is intended to be used as a lazy service, then it may be configured incorrectly.
08-13 13:57:14.280  1442  1625 I ANDR-PWR-OPT: PowerHelper: getNodeData() 196: FPS0.000000 FRAMECOUNT0
08-13 13:57:14.280  1442  1625 I ANDR-PWR-OPT: PowerHelper: getFps() 168: Returned fps value: 0.000000
08-13 13:57:14.780  1442  1625 I ANDR-PWR-OPT: PowerHelper: getNodeData() 196: FPS0.000000 FRAMECOUNT0
08-13 13:57:14.780  1442  1625 I ANDR-PWR-OPT: PowerHelper: getFps() 168: Returned fps value: 0.000000
08-13 13:57:15.035 22452 22452 W HidlServiceManagement: Waited one second for vendor.qti.diaghal@1.0::Idiag/default
08-13 13:57:15.036   829   829 I hwservicemanager: Since vendor.qti.diaghal@1.0::Idiag/default is not registered, trying to start it as a lazy HAL (if it's not configured to be a lazy HAL, it may be stuck starting or still starting).
08-13 13:57:15.037 22452 22452 I HidlServiceManagement: getService: Trying again for vendor.qti.diaghal@1.0::Idiag/default...
08-13 13:57:15.038   829 22637 W libc    : Unable to set property "ctl.interface_start" to "vendor.qti.diaghal@1.0::Idiag/default": error code: 0x20
08-13 13:57:15.039   829 22637 I hwservicemanager: Tried to start vendor.qti.diaghal@1.0::Idiag/default as a lazy service, but was unable to. Usually this happens when a service is not installed, but if the service is intended to be used as a lazy service, then it may be configured incorrectly.
08-13 13:57:15.068 22638 22638 I top     : type=1400 audit(0.0:2810292): avc:  denied  { read } for  scontext=u:r:system_app:s0 tcontext=u:r:vendor_hal_secureprocessor_qti:s0 tclass=file permissive=1
08-13 13:57:15.068 22638 22638 I top     : type=1400 audit(0.0:2810293): avc:  denied  { read } for  scontext=u:r:system_app:s0 tcontext=u:r:vendor_feature_enabler_client:s0 tclass=file permissive=1
08-13 13:57:15.072 22638 22638 I top     : type=1400 audit(0.0:2810294): avc:  denied  { open } for  path="/proc/1491/stat" dev="proc" ino=5645421 scontext=u:r:system_app:s0 tcontext=u:r:vendor_hal_secureprocessor_qti:s0 tclass=file permissive=1
08-13 13:57:15.072 22638 22638 I top     : type=1400 audit(0.0:2810295): avc:  denied  { getattr } for  path="/proc/1515" dev="proc" ino=5645361 scontext=u:r:system_app:s0 tcontext=u:r:vendor_hal_trustedui_qti:s0 tclass=dir permissive=1
08-13 13:57:15.072 22638 22638 I top     : type=1400 audit(0.0:2810296): avc:  denied  { search } for  name="1515" dev="proc" ino=5645361 scontext=u:r:system_app:s0 tcontext=u:r:vendor_hal_trustedui_qti:s0 tclass=dir permissive=1
08-13 13:57:15.072 22638 22638 I top     : type=1400 audit(0.0:2810297): avc:  denied  { getattr } for  path="/proc/1855" dev="proc" ino=5640008 scontext=u:r:system_app:s0 tcontext=u:r:vendor_tcmd:s0 tclass=dir permissive=1
08-13 13:57:15.280  1442  1625 I ANDR-PWR-OPT: PowerHelper: getNodeData() 196: FPS0.000000 FRAMECOUNT0
08-13 13:57:15.280  1442  1625 I ANDR-PWR-OPT: PowerHelper: getFps() 168: Returned fps value: 0.000000
08-13 13:57:15.775  1451  1717 I SDM     : DisplayBase::CommitThread: Received idle timeout, panel: video, timeout: 70000 us
08-13 13:57:15.780  1442  1625 I ANDR-PWR-OPT: PowerHelper: getNodeData() 196: FPS0.100000 FRAMECOUNT1
08-13 13:57:15.780  1442  1625 I ANDR-PWR-OPT: PowerHelper: getFps() 168: Returned fps value: 0.100000
08-13 13:57:15.812  1451  1717 I SDM     : HWDeviceDRM::SetupConcurrentWriteback: Tear down the Concurrent Writeback topology
08-13 13:57:15.882  1451  1717 I SDM     : DisplayBase::CommitThread: Received idle timeout, panel: video, timeout: 70000 us
08-13 13:57:16.037 22452 22452 W HidlServiceManagement: Waited one second for vendor.qti.diaghal@1.0::Idiag/default
08-13 13:57:16.038   829   829 I hwservicemanager: Since vendor.qti.diaghal@1.0::Idiag/default is not registered, trying to start it as a lazy HAL (if it's not configured to be a lazy HAL, it may be stuck starting or still starting).
08-13 13:57:16.038 22452 22452 I HidlServiceManagement: getService: Trying again for vendor.qti.diaghal@1.0::Idiag/default...
08-13 13:57:16.040   829 22642 W libc    : Unable to set property "ctl.interface_start" to "vendor.qti.diaghal@1.0::Idiag/default": error code: 0x20
08-13 13:57:16.040   829 22642 I hwservicemanager: Tried to start vendor.qti.diaghal@1.0::Idiag/default as a lazy service, but was unable to. Usually this happens when a service is not installed, but if the service is intended to be used as a lazy service, then it may be configured incorrectly.
08-13 13:57:16.280  1442  1625 I ANDR-PWR-OPT: PowerHelper: getNodeData() 196: FPS0.600000 FRAMECOUNT4
08-13 13:57:16.280  1442  1625 I ANDR-PWR-OPT: PowerHelper: getFps() 168: Returned fps value: 0.600000
08-13 13:57:16.780  1442  1625 I ANDR-PWR-OPT: PowerHelper: getNodeData() 196: FPS2.700000 FRAMECOUNT3
08-13 13:57:16.780  1442  1625 I ANDR-PWR-OPT: PowerHelper: getFps() 168: Returned fps value: 2.700000
08-13 13:57:17.039 22452 22452 W HidlServiceManagement: Waited one second for vendor.qti.diaghal@1.0::Idiag/default
08-13 13:57:17.040   829   829 I hwservicemanager: Since vendor.qti.diaghal@1.0::Idiag/default is not registered, trying to start it as a lazy HAL (if it's not configured to be a lazy HAL, it may be stuck starting or still starting).
08-13 13:57:17.040 22452 22452 I HidlServiceManagement: getService: Trying again for vendor.qti.diaghal@1.0::Idiag/default...
08-13 13:57:17.042   829 22644 W libc    : Unable to set property "ctl.interface_start" to "vendor.qti.diaghal@1.0::Idiag/default": error code: 0x20
08-13 13:57:17.042   829 22644 I hwservicemanager: Tried to start vendor.qti.diaghal@1.0::Idiag/default as a lazy service, but was unable to. Usually this happens when a service is not installed, but if the service is intended to be used as a lazy service, then it may be configured incorrectly.
08-13 13:57:17.280  1442  1625 I ANDR-PWR-OPT: PowerHelper: getNodeData() 196: FPS0.000000 FRAMECOUNT0
08-13 13:57:17.280  1442  1625 I ANDR-PWR-OPT: PowerHelper: getFps() 168: Returned fps value: 0.000000
08-13 13:57:17.780  1442  1625 I ANDR-PWR-OPT: PowerHelper: getNodeData() 196: FPS0.000000 FRAMECOUNT0
08-13 13:57:17.780  1442  1625 I ANDR-PWR-OPT: PowerHelper: getFps() 168: Returned fps value: 0.000000
08-13 13:57:17.801 29261 29279 I Finsky  : [46] Stats for Executor: LightweightExecutor wom@c8d844b[Running, pool size = 4, active threads = 0, queued tasks = 0, completed tasks = 4525]
08-13 13:57:17.801 29261 29279 I Finsky  : [46] Stats for Executor: BlockingExecutor wom@bdc4972[Running, pool size = 0, active threads = 0, queued tasks = 0, completed tasks = 671]
08-13 13:57:17.801 29261 29279 I Finsky  : [46] Stats for Executor: bgExecutor wom@1cae46[Running, pool size = 4, active threads = 0, queued tasks = 0, completed tasks = 12610]
08-13 13:57:18.041 22452 22452 W HidlServiceManagement: Waited one second for vendor.qti.diaghal@1.0::Idiag/default
08-13 13:57:18.041   829   829 I hwservicemanager: Since vendor.qti.diaghal@1.0::Idiag/default is not registered, trying to start it as a lazy HAL (if it's not configured to be a lazy HAL, it may be stuck starting or still starting).
08-13 13:57:18.041 22452 22452 I HidlServiceManagement: getService: Trying again for vendor.qti.diaghal@1.0::Idiag/default...
08-13 13:57:18.044   829 22647 W libc    : Unable to set property "ctl.interface_start" to "vendor.qti.diaghal@1.0::Idiag/default": error code: 0x20
08-13 13:57:18.044   829 22647 I hwservicemanager: Tried to start vendor.qti.diaghal@1.0::Idiag/default as a lazy service, but was unable to. Usually this happens when a service is not installed, but if the service is intended to be used as a lazy service, then it may be configured incorrectly.
08-13 13:57:18.057 22646 22646 I xsu     : sending cmd:echo 76 > /sys/devices/platform/soc/soc:pwm-fan/hwmon/hwmon0/pwm1
08-13 13:57:18.058 22646 22646 I xsu     : sending cmd end:echo 76 > /sys/devices/platform/soc/soc:pwm-fan/hwmon/hwmon0/pwm1
08-13 13:57:18.058 22646 22646 I xsu     : free cmd end
08-13 13:57:18.058 22646 22646 I xsu     : xsu_recv cmd before
08-13 13:57:18.058 22646 22646 I xsu_api : xsu_recv memset enter
08-13 13:57:18.058 22646 22646 I xsu_api : xsu_recv memset end
08-13 13:57:18.058  1604 22649 I xsu_api : xsu_recv memset enter
08-13 13:57:18.058  1604 22649 I xsu_api : xsu_recv memset end
08-13 13:57:18.058  1604 22649 I xsu_api : xsu_recv retry end
08-13 13:57:18.058  1604 22649 I xsu_api : ret=4, version=200, type=0, payload_size=69
08-13 13:57:18.058  1604 22649 I xsu_api : xsu_recv type and len
08-13 13:57:18.058  1604 22649 I xsu_api : header.type=0, header.payload_size=69, xsu_header_t=4
08-13 13:57:18.058  1604 22649 I xsu_api : xsu_recv type and len end
08-13 13:57:18.058  1604 22649 I xsud    : handle comming cmd:echo 76 > /sys/devices/platform/soc/soc:pwm-fan/hwmon/hwmon0/pwm1
08-13 13:57:18.064 22648 22648 I top     : type=1400 audit(0.0:2810302): avc:  denied  { getattr } for  path="/proc/827" dev="proc" ino=5642527 scontext=u:r:system_app:s0 tcontext=u:r:servicemanager:s0 tclass=dir permissive=1 app=io.taowen.bx
08-13 13:57:18.067 22646 22646 I xsu_api : xsu_recv retry end
08-13 13:57:18.064 22648 22648 I top     : type=1400 audit(0.0:2810303): avc:  denied  { search } for  name="827" dev="proc" ino=5642527 scontext=u:r:system_app:s0 tcontext=u:r:servicemanager:s0 tclass=dir permissive=1 app=io.taowen.bx
08-13 13:57:18.067 22646 22646 I xsu_api : ret=4, version=200, type=3, payload_size=0
08-13 13:57:18.067 22646 22646 I xsu_api : xsu_recv type and len
08-13 13:57:18.068 22646 22646 I xsu_api : header.type=3, header.payload_size=0, xsu_header_t=4
08-13 13:57:18.068 22646 22646 I xsu_api : xsu_recv type and len end
08-13 13:57:18.068 22646 22646 I xsu     : xsu_recv cmd end
08-13 13:57:18.068 22646 22646 I xsu     : end session!
08-13 13:57:18.064 22648 22648 I top     : type=1400 audit(0.0:2810304): avc:  denied  { getattr } for  path="/proc/1106" dev="proc" ino=5642532 scontext=u:r:system_app:s0 tcontext=u:r:vendor_spdaemon:s0 tclass=dir permissive=1 app=io.taowen.bx
08-13 13:57:18.064 22648 22648 I top     : type=1400 audit(0.0:2810305): avc:  denied  { search } for  name="1106" dev="proc" ino=5642532 scontext=u:r:system_app:s0 tcontext=u:r:vendor_spdaemon:s0 tclass=dir permissive=1 app=io.taowen.bx
08-13 13:57:18.280  1442  1625 I ANDR-PWR-OPT: PowerHelper: getNodeData() 196: FPS0.000000 FRAMECOUNT0
08-13 13:57:18.281  1442  1625 I ANDR-PWR-OPT: PowerHelper: getFps() 168: Returned fps value: 0.000000
08-13 13:57:18.356 29261 29279 I Finsky  : [46] Stats for Executor: GrpcBackgroundExecutor wom@2fdc6f[Running, pool size = 4, active threads = 0, queued tasks = 0, completed tasks = 17]
08-13 13:57:18.780  1442  1625 I ANDR-PWR-OPT: PowerHelper: getNodeData() 196: FPS0.000000 FRAMECOUNT0
08-13 13:57:18.781  1442  1625 I ANDR-PWR-OPT: PowerHelper: getFps() 168: Returned fps value: 0.000000
08-13 13:57:19.042 22452 22452 W HidlServiceManagement: Waited one second for vendor.qti.diaghal@1.0::Idiag/default
08-13 13:57:19.042   829   829 I hwservicemanager: Since vendor.qti.diaghal@1.0::Idiag/default is not registered, trying to start it as a lazy HAL (if it's not configured to be a lazy HAL, it may be stuck starting or still starting).
08-13 13:57:19.043 22452 22452 I HidlServiceManagement: getService: Trying again for vendor.qti.diaghal@1.0::Idiag/default...
08-13 13:57:19.045   829 22651 W libc    : Unable to set property "ctl.interface_start" to "vendor.qti.diaghal@1.0::Idiag/default": error code: 0x20
08-13 13:57:19.046   829 22651 I hwservicemanager: Tried to start vendor.qti.diaghal@1.0::Idiag/default as a lazy service, but was unable to. Usually this happens when a service is not installed, but if the service is intended to be used as a lazy service, then it may be configured incorrectly.
08-13 13:57:19.280  1442  1625 I ANDR-PWR-OPT: PowerHelper: getNodeData() 196: FPS0.000000 FRAMECOUNT0
08-13 13:57:19.280  1442  1625 I ANDR-PWR-OPT: PowerHelper: getFps() 168: Returned fps value: 0.000000
08-13 13:57:19.324 22652 22652 I top     : type=1400 audit(0.0:2810306): avc:  denied  { getattr } for  path="/proc/829" dev="proc" ino=5642528 scontext=u:r:system_app:s0 tcontext=u:r:hwservicemanager:s0 tclass=dir permissive=1
08-13 13:57:19.324 22652 22652 I top     : type=1400 audit(0.0:2810307): avc:  denied  { search } for  name="829" dev="proc" ino=5642528 scontext=u:r:system_app:s0 tcontext=u:r:hwservicemanager:s0 tclass=dir permissive=1
08-13 13:57:19.324 22652 22652 I top     : type=1400 audit(0.0:2810308): avc:  denied  { getattr } for  path="/proc/830" dev="proc" ino=5642529 scontext=u:r:system_app:s0 tcontext=u:r:vndservicemanager:s0 tclass=dir permissive=1
08-13 13:57:19.324 22652 22652 I top     : type=1400 audit(0.0:2810309): avc:  denied  { search } for  name="830" dev="proc" ino=5642529 scontext=u:r:system_app:s0 tcontext=u:r:vndservicemanager:s0 tclass=dir permissive=1
08-13 13:57:19.324 22652 22652 I top     : type=1400 audit(0.0:2810310): avc:  denied  { getattr } for  path="/proc/1107" dev="proc" ino=5642533 scontext=u:r:system_app:s0 tcontext=u:r:vendor_sec_nvm:s0 tclass=dir permissive=1
08-13 13:57:19.324 22652 22652 I top     : type=1400 audit(0.0:2810311): avc:  denied  { search } for  name="1107" dev="proc" ino=5642533 scontext=u:r:system_app:s0 tcontext=u:r:vendor_sec_nvm:s0 tclass=dir permissive=1
08-13 13:57:19.780  1442  1625 I ANDR-PWR-OPT: PowerHelper: getNodeData() 196: FPS0.000000 FRAMECOUNT0
08-13 13:57:19.780  1442  1625 I ANDR-PWR-OPT: PowerHelper: getFps() 168: Returned fps value: 0.000000
08-13 13:57:20.044 22452 22452 W HidlServiceManagement: Waited one second for vendor.qti.diaghal@1.0::Idiag/default
08-13 13:57:20.044   829   829 I hwservicemanager: Since vendor.qti.diaghal@1.0::Idiag/default is not registered, trying to start it as a lazy HAL (if it's not configured to be a lazy HAL, it may be stuck starting or still starting).
08-13 13:57:20.045 22452 22452 I HidlServiceManagement: getService: Trying again for vendor.qti.diaghal@1.0::Idiag/default...
08-13 13:57:20.047   829 22653 W libc    : Unable to set property "ctl.interface_start" to "vendor.qti.diaghal@1.0::Idiag/default": error code: 0x20
08-13 13:57:20.047   829 22653 I hwservicemanager: Tried to start vendor.qti.diaghal@1.0::Idiag/default as a lazy service, but was unable to. Usually this happens when a service is not installed, but if the service is intended to be used as a lazy service, then it may be configured incorrectly.
08-13 13:57:20.280  1442  1625 I ANDR-PWR-OPT: PowerHelper: getNodeData() 196: FPS0.000000 FRAMECOUNT0
08-13 13:57:20.280  1442  1625 I ANDR-PWR-OPT: PowerHelper: getFps() 168: Returned fps value: 0.000000
08-13 13:57:20.780  1442  1625 I ANDR-PWR-OPT: PowerHelper: getNodeData() 196: FPS0.000000 FRAMECOUNT0
08-13 13:57:20.780  1442  1625 I ANDR-PWR-OPT: PowerHelper: getFps() 168: Returned fps value: 0.000000
08-13 13:57:21.045 22452 22452 W HidlServiceManagement: Waited one second for vendor.qti.diaghal@1.0::Idiag/default
08-13 13:57:21.046   829   829 I hwservicemanager: Since vendor.qti.diaghal@1.0::Idiag/default is not registered, trying to start it as a lazy HAL (if it's not configured to be a lazy HAL, it may be stuck starting or still starting).
08-13 13:57:21.047 22452 22452 I HidlServiceManagement: getService: Trying again for vendor.qti.diaghal@1.0::Idiag/default...
08-13 13:57:21.048   829 22655 W libc    : Unable to set property "ctl.interface_start" to "vendor.qti.diaghal@1.0::Idiag/default": error code: 0x20
08-13 13:57:21.048   829 22655 I hwservicemanager: Tried to start vendor.qti.diaghal@1.0::Idiag/default as a lazy service, but was unable to. Usually this happens when a service is not installed, but if the service is intended to be used as a lazy service, then it may be configured incorrectly.
08-13 13:57:21.237  2312  2705 D InputDispatcher: mergeMotionEntryLocked - original entry: MotionEvent
08-13 13:57:21.237  2312  2705 D InputDispatcher: mergeMotionEntryLocked - mRealTouchInputDeviceId=5, mRealTouchInputSource=53250
08-13 13:57:21.237  2312  2705 D InputDispatcher: mergeMotionEntryLocked - do not need merge
08-13 13:57:21.250  2312  2705 D InputDispatcher: mergeMotionEntryLocked - original entry: MotionEvent
08-13 13:57:21.250  2312  2705 D InputDispatcher: mergeMotionEntryLocked - mRealTouchInputDeviceId=5, mRealTouchInputSource=53250
08-13 13:57:21.250  2312  2705 D InputDispatcher: mergeMotionEntryLocked - do not need merge
08-13 13:57:21.250  2312  2705 D InputDispatcher: resetMergeMotionEntryLocked
08-13 13:57:21.255 22499 22523 I WinlatorXRequest: seq=586 opcode=40 data=0 bytes=12
08-13 13:57:21.255 22499 22523 I WinlatorXRequest: seq=587 opcode=40 data=0 bytes=12
08-13 13:57:21.256 22499 22523 I WinlatorXRequest: seq=588 opcode=40 data=0 bytes=12
08-13 13:57:21.256 22499 22523 I WinlatorXRequest: seq=589 opcode=18 data=0 bytes=24
08-13 13:57:21.256 22499 22523 I WinlatorXRequest: seq=590 opcode=42 data=2 bytes=8
08-13 13:57:21.256 22499 22523 I WinlatorXRequest: seq=591 opcode=43 data=0 bytes=0
08-13 13:57:21.256 22499 22523 I WinlatorXRequest: seq=592 opcode=18 data=0 bytes=24
08-13 13:57:21.256 22499 22523 I WinlatorXRequest: seq=593 opcode=40 data=0 bytes=12
08-13 13:57:21.257 22499 22523 I WinlatorXRequest: seq=594 opcode=18 data=0 bytes=24
08-13 13:57:21.257 22499 22523 I WinlatorXRequest: seq=595 opcode=42 data=2 bytes=8
08-13 13:57:21.257 22499 22523 I WinlatorXRequest: seq=596 opcode=43 data=0 bytes=0
08-13 13:57:21.257 22499 22523 I WinlatorXRequest: seq=597 opcode=18 data=0 bytes=24
08-13 13:57:21.257 22499 22523 I WinlatorXRequest: seq=598 opcode=40 data=0 bytes=12
08-13 13:57:21.257 22499 22523 I WinlatorXRequest: seq=599 opcode=40 data=0 bytes=12
08-13 13:57:21.257 22499 22523 I WinlatorXRequest: seq=600 opcode=40 data=0 bytes=12
08-13 13:57:21.257 22499 22523 I WinlatorXRequest: seq=601 opcode=40 data=0 bytes=12
08-13 13:57:21.258 22499 22523 I WinlatorXRequest: seq=602 opcode=40 data=0 bytes=12
08-13 13:57:21.258 22499 22523 I WinlatorXRequest: seq=603 opcode=40 data=0 bytes=12
08-13 13:57:21.258 22499 22523 I WinlatorXRequest: seq=604 opcode=40 data=0 bytes=12
08-13 13:57:21.258 22499 22523 I WinlatorXRequest: seq=605 opcode=40 data=0 bytes=12
08-13 13:57:21.258 22499 22523 I WinlatorXRequest: seq=606 opcode=40 data=0 bytes=12
08-13 13:57:21.258 22499 22523 I WinlatorXRequest: seq=607 opcode=40 data=0 bytes=12
08-13 13:57:21.259 22499 22523 I WinlatorXRequest: seq=608 opcode=40 data=0 bytes=12
08-13 13:57:21.259 22499 22523 I WinlatorXRequest: seq=609 opcode=43 data=0 bytes=0
08-13 13:57:21.260 22499 22523 I WinlatorXRequest: seq=610 opcode=59 data=3 bytes=16
08-13 13:57:21.260 22499 22523 I WinlatorXRequest: seq=611 opcode=155 data=3 bytes=36
08-13 13:57:21.260 22499 22523 I WinlatorXRequest: seq=612 opcode=56 data=0 bytes=12
08-13 13:57:21.260 22499 22523 I WinlatorXRequest: seq=613 opcode=40 data=0 bytes=12
08-13 13:57:21.261 22499 22523 I WinlatorXRequest: seq=614 opcode=40 data=0 bytes=12
08-13 13:57:21.261 22499 22523 I WinlatorXRequest: seq=615 opcode=40 data=0 bytes=12
08-13 13:57:21.261 22499 22523 I WinlatorXRequest: seq=616 opcode=40 data=0 bytes=12
08-13 13:57:21.261 22499 22523 I WinlatorXRequest: seq=617 opcode=43 data=0 bytes=0
08-13 13:57:21.261 22499 22523 I WinlatorXRequest: seq=618 opcode=59 data=3 bytes=16
08-13 13:57:21.262 22499 22523 I WinlatorXRequest: seq=619 opcode=155 data=3 bytes=36
08-13 13:57:21.262 22499 22523 I WinlatorXRequest: seq=620 opcode=56 data=0 bytes=12
08-13 13:57:21.280  1442  1625 I ANDR-PWR-OPT: PowerHelper: getNodeData() 196: FPS0.500000 FRAMECOUNT3
08-13 13:57:21.281  1442  1625 I ANDR-PWR-OPT: PowerHelper: getFps() 168: Returned fps value: 0.500000
08-13 13:57:21.286 22499 22523 I WinlatorXRequest: seq=621 opcode=40 data=0 bytes=12
08-13 13:57:21.286 22499 22523 I WinlatorXRequest: seq=622 opcode=40 data=0 bytes=12
08-13 13:57:21.287 22499 22523 I WinlatorXRequest: seq=623 opcode=40 data=0 bytes=12
08-13 13:57:21.287 22499 22523 I WinlatorXRequest: seq=624 opcode=40 data=0 bytes=12
08-13 13:57:21.287 22499 22523 I WinlatorXRequest: seq=625 opcode=43 data=0 bytes=0
08-13 13:57:21.288 22499 22523 I WinlatorXRequest: seq=626 opcode=59 data=3 bytes=16
08-13 13:57:21.288 22499 22523 I WinlatorXRequest: seq=627 opcode=155 data=3 bytes=36
08-13 13:57:21.289 22499 22523 I WinlatorXRequest: seq=628 opcode=56 data=0 bytes=12
08-13 13:57:21.289 22499 22523 I WinlatorXRequest: seq=629 opcode=10 data=0 bytes=4
08-13 13:57:21.289 22499 22523 I WinlatorXRequest: seq=630 opcode=25 data=0 bytes=40
08-13 13:57:21.290 22499 22523 I WinlatorXRequest: seq=631 opcode=60 data=0 bytes=4
08-13 13:57:21.290 22499 22523 I WinlatorXRequest: seq=632 opcode=55 data=0 bytes=16
08-13 13:57:21.290 22499 22523 I WinlatorXRequest: seq=633 opcode=59 data=3 bytes=16
08-13 13:57:21.290 22499 22523 I WinlatorXRequest: seq=634 opcode=155 data=3 bytes=36
08-13 13:57:21.291 22499 22523 I WinlatorXRequest: seq=635 opcode=56 data=0 bytes=12
08-13 13:57:21.291 22499 22523 I WinlatorXRequest: seq=636 opcode=60 data=0 bytes=4
08-13 13:57:21.291 22499 22523 I WinlatorXRequest: seq=637 opcode=55 data=0 bytes=16
08-13 13:57:21.291 22499 22523 I WinlatorXRequest: seq=638 opcode=59 data=3 bytes=16
08-13 13:57:21.291 22499 22523 I WinlatorXRequest: seq=639 opcode=155 data=3 bytes=36
08-13 13:57:21.292 22499 22523 I WinlatorXRequest: seq=640 opcode=56 data=0 bytes=12
08-13 13:57:21.328 22656 22656 I top     : type=1400 audit(0.0:2810316): avc:  denied  { read } for  scontext=u:r:system_app:s0 tcontext=u:r:servicemanager:s0 tclass=file permissive=1 app=io.taowen.bx
08-13 13:57:21.328 22656 22656 I top     : type=1400 audit(0.0:2810317): avc:  denied  { read } for  scontext=u:r:system_app:s0 tcontext=u:r:vndservicemanager:s0 tclass=file permissive=1 app=io.taowen.bx
08-13 13:57:21.328 22656 22656 I top     : type=1400 audit(0.0:2810318): avc:  denied  { read } for  scontext=u:r:system_app:s0 tcontext=u:r:vendor_spdaemon:s0 tclass=file permissive=1 app=io.taowen.bx
08-13 13:57:21.328 22656 22656 I top     : type=1400 audit(0.0:2810319): avc:  denied  { read } for  scontext=u:r:system_app:s0 tcontext=u:r:vendor_hal_srvctracker_default:s0 tclass=file permissive=1 app=io.taowen.bx
08-13 13:57:21.328 22656 22656 I top     : type=1400 audit(0.0:2810320): avc:  denied  { read } for  scontext=u:r:system_app:s0 tcontext=u:r:vendor_hal_trustedui_qti:s0 tclass=file permissive=1 app=io.taowen.bx
08-13 13:57:21.383  1451  1717 I SDM     : DisplayBase::CommitThread: Received idle timeout, panel: video, timeout: 70000 us
08-13 13:57:21.420  1451  1717 I SDM     : HWDeviceDRM::SetupConcurrentWriteback: Tear down the Concurrent Writeback topology
08-13 13:57:21.491  1451  1717 I SDM     : DisplayBase::CommitThread: Received idle timeout, panel: video, timeout: 70000 us
08-13 13:57:21.780  1442  1625 I ANDR-PWR-OPT: PowerHelper: getNodeData() 196: FPS1.300000 FRAMECOUNT8
08-13 13:57:21.780  1442  1625 I ANDR-PWR-OPT: PowerHelper: getFps() 168: Returned fps value: 1.300000
08-13 13:57:22.002  2312  2369 W ActivityManager: Timeout executing service: ServiceRecord{6de6e55 u0 com.qti.diagservices/.QTIDiagServices}
08-13 13:57:22.006  2312 22664 D ActivityManager: created ANR temporary file:/data/anr/temp_anr_8957142544330460113.txt
08-13 13:57:22.006  2312 22664 I ActivityManager: Collecting stacks for pid 22452 into temporary file temp_anr_8957142544330460113.txt
08-13 13:57:22.007  2312 22665 D ActivityManager: created ANR temporary file:/data/anr/temp_anr_7041443253944729657.txt
08-13 13:57:22.007  2312 22665 I ActivityManager: Collecting stacks for pid 22452 into temporary file temp_anr_7041443253944729657.txt
08-13 13:57:22.008  2312 22664 I system_server: libdebuggerd_client: started dumping process 22452
08-13 13:57:22.009  2312 22665 I system_server: libdebuggerd_client: started dumping process 22452
08-13 13:57:22.010  1148  1148 I tombstoned: registered intercept for pid 22452 and type kDebuggerdJavaBacktrace
08-13 13:57:22.011  1148  1148 W tombstoned: pid 22452 already intercepted, type 2
08-13 13:57:22.011  2312 22665 E system_server: libdebuggerd_client: unexpected registration response: 0
08-13 13:57:22.011 22452 22453 I ti.diagservices: Thread[2,tid=22453,WaitingInMainSignalCatcherLoop,Thread*=0xb4000074cf555f50,peer=0x20b0020,"Signal Catcher"]: reacting to signal 3
08-13 13:57:22.012 22452 22453 I ti.diagservices: 
08-13 13:57:22.017  2312 22666 I ActivityManager: dumpStackTraces pids=null
08-13 13:57:22.018  2312 22666 I ActivityManager: Dumping to /data/anr/anr_2026-08-13-13-57-22-018
08-13 13:57:22.019  2312 22665 W ActivityManager: Dumping Java threads failed, initiating native stack dump.
08-13 13:57:22.019  2312 22665 I system_server: libdebuggerd_client: started dumping process 22452
08-13 13:57:22.019  1148  1148 W tombstoned: pid 22452 already intercepted, type 0
08-13 13:57:22.020  2312 22665 E system_server: libdebuggerd_client: unexpected registration response: 0
08-13 13:57:22.020  2312 22665 W ActivityManager: Native stack dump failed!
08-13 13:57:22.047 22452 22452 W HidlServiceManagement: Waited one second for vendor.qti.diaghal@1.0::Idiag/default
08-13 13:57:22.048   829   829 I hwservicemanager: Since vendor.qti.diaghal@1.0::Idiag/default is not registered, trying to start it as a lazy HAL (if it's not configured to be a lazy HAL, it may be stuck starting or still starting).
08-13 13:57:22.048 22452 22452 I HidlServiceManagement: getService: Trying again for vendor.qti.diaghal@1.0::Idiag/default...
08-13 13:57:22.050   829 22668 W libc    : Unable to set property "ctl.interface_start" to "vendor.qti.diaghal@1.0::Idiag/default": error code: 0x20
08-13 13:57:22.050   829 22668 I hwservicemanager: Tried to start vendor.qti.diaghal@1.0::Idiag/default as a lazy service, but was unable to. Usually this happens when a service is not installed, but if the service is intended to be used as a lazy service, then it may be configured incorrectly.
08-13 13:57:22.053  1148  1148 I tombstoned: received crash request for pid 22452
08-13 13:57:22.053  1148  1148 I tombstoned: found intercept fd 512 for pid 22452 and type kDebuggerdJavaBacktrace
08-13 13:57:22.054 22452 22453 I ti.diagservices: Wrote stack traces to tombstoned
08-13 13:57:22.054  1148  1148 W tombstoned: skipping tombstone file creation due to intercept
08-13 13:57:22.054  2312 22664 I system_server: libdebuggerd_client: done dumping process 22452
08-13 13:57:22.056  2312 22666 I ActivityManager: dumpStackTraces nativepids=null
08-13 13:57:22.057  2312 22666 I ActivityManager: dumpStackTraces extraPids=null
08-13 13:57:22.057  2312 22666 I ActivityManager: Done dumping
08-13 13:57:22.064  2312 22666 E ActivityManager: ANR in com.qti.diagservices
08-13 13:57:22.064  2312 22666 E ActivityManager: PID: 22452
08-13 13:57:22.064  2312 22666 E ActivityManager: Reason: executing service com.qti.diagservices/.QTIDiagServices
08-13 13:57:22.064  2312 22666 E ActivityManager: ErrorId: 739f89f5-7bd9-4fee-95d7-7100cd7a600a
08-13 13:57:22.064  2312 22666 E ActivityManager: Frozen: false
08-13 13:57:22.064  2312 22666 E ActivityManager: Load: 0.0 / 0.0 / 0.0
08-13 13:57:22.064  2312 22666 E ActivityManager: ----- Output from /proc/pressure/memory -----
08-13 13:57:22.064  2312 22666 E ActivityManager: some avg10=0.00 avg60=0.00 avg300=0.00 total=5077296
08-13 13:57:22.064  2312 22666 E ActivityManager: full avg10=0.00 avg60=0.00 avg300=0.00 total=4075547
08-13 13:57:22.064  2312 22666 E ActivityManager: ----- End output from /proc/pressure/memory -----
08-13 13:57:22.064  2312 22666 E ActivityManager: ----- Output from /proc/pressure/cpu -----
08-13 13:57:22.064  2312 22666 E ActivityManager: some avg10=4.89 avg60=7.27 avg300=10.75 total=3917860018
08-13 13:57:22.064  2312 22666 E ActivityManager: full avg10=0.00 avg60=0.00 avg300=0.00 total=0
08-13 13:57:22.064  2312 22666 E ActivityManager: ----- End output from /proc/pressure/cpu -----
08-13 13:57:22.064  2312 22666 E ActivityManager: ----- Output from /proc/pressure/io -----
08-13 13:57:22.064  2312 22666 E ActivityManager: some avg10=0.00 avg60=0.00 avg300=0.00 total=31809363
08-13 13:57:22.064  2312 22666 E ActivityManager: full avg10=0.00 avg60=0.00 avg300=0.00 total=20497718
08-13 13:57:22.064  2312 22666 E ActivityManager: ----- End output from /proc/pressure/io -----
08-13 13:57:22.064  2312 22666 E ActivityManager: 
08-13 13:57:22.064  2312 22666 E ActivityManager: CPU usage from 20130ms to -1ms ago (2026-08-13 13:57:01.875 to 2026-08-13 13:57:22.006):
08-13 13:57:22.064  2312 22666 E ActivityManager:   7% 3855/com.ayaneo.gamewindow: 2.3% user + 4.6% kernel / faults: 2068 minor
08-13 13:57:22.064  2312 22666 E ActivityManager:   2.2% 1583/surfaceflinger: 1.1% user + 1% kernel / faults: 62 minor
08-13 13:57:22.064  2312 22666 E ActivityManager:   1.6% 2312/system_server: 0.8% user + 0.7% kernel / faults: 513 minor
08-13 13:57:22.064  2312 22666 E ActivityManager:   1.1% 3921/com.ayaneo.home: 1% user + 0.1% kernel / faults: 28 minor
08-13 13:57:22.064  2312 22666 E ActivityManager:   1% 1451/vendor.qti.hardware.display.composer-service: 0.5% user + 0.4% kernel / faults: 49 minor
08-13 13:57:22.064  2312 22666 E ActivityManager:   1% 2659/com.android.systemui: 0.6% user + 0.3% kernel / faults: 795 minor
08-13 13:57:22.064  2312 22666 E ActivityManager:   0.4% 969/crtc_commit:198: 0% user + 0.4% kernel
08-13 13:57:22.064  2312 22666 E ActivityManager:   0.4% 1474/vendor.qti.hardware.perf2-hal-service: 0.2% user + 0.1% kernel / faults: 66 minor
08-13 13:57:22.064  2312 22666 E ActivityManager:   0.3% 15013/kworker/u16:1-memlat_wq: 0% user + 0.3% kernel / faults: 11 minor
08-13 13:57:22.064  2312 22666 E ActivityManager:   0.3% 15/rcuog/0: 0% user + 0.3% kernel
08-13 13:57:22.064  2312 22666 E ActivityManager: 5.5% TOTAL: 2.4% user + 2.2% kernel + 0% iowait + 0.6% irq + 0.2% softirq
08-13 13:57:22.064  2312 22666 E ActivityManager: CPU usage from 61629734ms to 61629734ms ago (1970-01-01 08:00:00.000 to 1970-01-01 08:00:00.000) with 0% awake:
08-13 13:57:22.064  2312 22666 E ActivityManager: 0% TOTAL: 0% user + 0% kernel
08-13 13:57:22.066  2312 22666 I ActivityManager: Killing 22452:com.qti.diagservices/1000 (adj -800): bg anr
08-13 13:57:22.067  2312 22666 D ActivityManager: Completed ANR of com.qti.diagservices in 62ms, latency 2ms
08-13 13:57:22.072  2312  2395 I libprocessgroup: Successfully killed process cgroup uid 1000 pid 22452 in 5ms
08-13 13:57:22.078  2312  2705 I ActivityManager: Process com.qti.diagservices (pid 22452) has died: pers PER 
08-13 13:57:22.079  1300  1300 I Zygote  : Process 22452 exited due to signal 9 (Killed)
08-13 13:57:22.079  1514  1514 I vendor.qti.hardware.servicetrackeraidl-service: killProcess is called for pid : 22452
08-13 13:57:22.079  2312  2705 W ActivityManager: Scheduling restart of crashed service com.qti.diagservices/.QTIDiagServices in 0ms for persistent
08-13 13:57:22.079  1514  1514 I vendor.qti.hardware.servicetrackeraidl-service: process with pid 22452 is service
08-13 13:57:22.080  2312  2705 W ActivityManager: Re-adding persistent process ProcessRecord{72f52a1 22452:com.qti.diagservices/1000}
08-13 13:57:22.081  2312  2705 I ActivityManager: com.qti.diagservices is exempt from freezer
08-13 13:57:22.081  2312  2705 D CompatibilityChangeReporter: Compat change id reported: 135634846; UID 1000; state: DISABLED
08-13 13:57:22.081  2312  2705 D CompatibilityChangeReporter: Compat change id reported: 177438394; UID 1000; state: DISABLED
08-13 13:57:22.082  2312  2705 D CompatibilityChangeReporter: Compat change id reported: 135772972; UID 1000; state: DISABLED
08-13 13:57:22.082  2312  2705 D CompatibilityChangeReporter: Compat change id reported: 135754954; UID 1000; state: ENABLED
08-13 13:57:22.084  2312  2395 I libprocessgroup: Successfully killed process cgroup uid 1000 pid 22452 in 0ms
08-13 13:57:22.084  2312  2705 W ProcessStats: Tracking association SourceState{c50967d com.google.android.gms.persistent/10097 BFgs #44077} whose proc state 4 is better than process ProcessState{76b85c9 com.google.android.gms.unstable/10097 pkg=com.google.android.gms} proc state 14 (8 skipped)
08-13 13:57:22.092  1300  1300 D Zygote  : Forked child process 22670
08-13 13:57:22.092  2312  2370 I ActivityManager: Start proc 22670:com.qti.diagservices/1000 for restart com.qti.diagservices
08-13 13:57:22.102 22670 22670 I ti.diagservices: Using CollectorTypeCMC GC.
08-13 13:57:22.106 22670 22670 D nativeloader: Load libframework-connectivity-tiramisu-jni.so using APEX ns com_android_tethering for caller /apex/com.android.tethering/javalib/framework-connectivity-t.jar: ok
08-13 13:57:22.110  2312  2705 D CompatibilityChangeReporter: Compat change id reported: 168419799; UID 1000; state: DISABLED
08-13 13:57:22.110  2312  2705 D CompatibilityChangeReporter: Compat change id reported: 273564678; UID 1000; state: DISABLED
08-13 13:57:22.110  2312  2705 D CompatibilityInfo: mCompatibilityFlags - 0
08-13 13:57:22.110  2312  2705 D CompatibilityInfo: applicationDensity - 440
08-13 13:57:22.110  2312  2705 D CompatibilityInfo: applicationScale - 1.0
08-13 13:57:22.112 22670 22670 D CompatibilityChangeReporter: Compat change id reported: 171979766; UID 1000; state: ENABLED
08-13 13:57:22.112 22670 22670 D CompatibilityChangeReporter: Compat change id reported: 242716250; UID 1000; state: ENABLED
08-13 13:57:22.116 22670 22670 D nativeloader: Configuring clns-shared-4 for other apk /system_ext/app/QTIDiagServices/QTIDiagServices.apk. target_sdk_version=34, uses_libraries=, library_path=/system_ext/app/QTIDiagServices/lib/arm64:/system_ext/app/QTIDiagServices/QTIDiagServices.apk!/lib/arm64-v8a:/system/lib64:/system_ext/lib64, permitted_path=/data:/mnt/expand:/data/user/0/com.qti.diagservices:/system_ext/app/QTIDiagServices:/system/lib64:/system_ext/lib64
08-13 13:57:22.118 22670 22670 D nativeloader: Load libframework-connectivity-jni.so using APEX ns com_android_tethering for caller /apex/com.android.tethering/javalib/framework-connectivity.jar: ok
08-13 13:57:22.119 22670 22670 I Perf    : Connecting to perf service.
08-13 13:57:22.121 22670 22670 V GraphicsEnvironment: Currently set values for:
08-13 13:57:22.121 22670 22670 V GraphicsEnvironment:   angle_gl_driver_selection_pkgs=[]
08-13 13:57:22.121 22670 22670 V GraphicsEnvironment:   angle_gl_driver_selection_values=[]
08-13 13:57:22.122 22670 22670 V GraphicsEnvironment: ANGLE GameManagerService for com.qti.diagservices: false
08-13 13:57:22.122 22670 22670 V GraphicsEnvironment: com.qti.diagservices is not listed in per-application setting
08-13 13:57:22.125 22670 22670 E ANDR-PERF-CLIENT-SYS: death recipent object is fine
08-13 13:57:22.125  2312  2705 I ActivityManager: Flag disabled. Ignoring finishAttachApplication from uid: 1000. pid: 22670
08-13 13:57:22.125 22670 22670 E DiagJNIInterface: Trying to load libDiagService
08-13 13:57:22.127 22670 22670 D nativeloader: Load /system_ext/lib64/libDiagService.so using class loader ns clns-shared-4 (caller=/system_ext/app/QTIDiagServices/QTIDiagServices.apk): ok
08-13 13:57:22.127 22670 22670 E ti.diagservices: diag: Diag_LSM_Init: invoked for pid: 22670 with init_count: 0
08-13 13:57:22.129   829   829 I hwservicemanager: Since vendor.qti.diaghal@1.0::Idiag/default is not registered, trying to start it as a lazy HAL (if it's not configured to be a lazy HAL, it may be stuck starting or still starting).
08-13 13:57:22.130   829   829 I hwservicemanager: Since vendor.qti.diaghal@1.0::Idiag/default is not registered, trying to start it as a lazy HAL (if it's not configured to be a lazy HAL, it may be stuck starting or still starting).
08-13 13:57:22.131 22670 22670 I HidlServiceManagement: getService: Trying again for vendor.qti.diaghal@1.0::Idiag/default...
08-13 13:57:22.132   829 22684 W libc    : Unable to set property "ctl.interface_start" to "vendor.qti.diaghal@1.0::Idiag/default": error code: 0x20
08-13 13:57:22.132   829 22684 I hwservicemanager: Tried to start vendor.qti.diaghal@1.0::Idiag/default as a lazy service, but was unable to. Usually this happens when a service is not installed, but if the service is intended to be used as a lazy service, then it may be configured incorrectly.
08-13 13:57:22.132   829 22686 W libc    : Unable to set property "ctl.interface_start" to "vendor.qti.diaghal@1.0::Idiag/default": error code: 0x20
08-13 13:57:22.133   829 22686 I hwservicemanager: Tried to start vendor.qti.diaghal@1.0::Idiag/default as a lazy service, but was unable to. Usually this happens when a service is not installed, but if the service is intended to be used as a lazy service, then it may be configured incorrectly.
08-13 13:57:22.280  1442  1625 I ANDR-PWR-OPT: PowerHelper: getNodeData() 196: FPS5.900000 FRAMECOUNT6
08-13 13:57:22.280  1442  1625 I ANDR-PWR-OPT: PowerHelper: getFps() 168: Returned fps value: 5.900000
08-13 13:57:22.332 22669 22669 I top     : type=1400 audit(0.0:2810468): avc:  denied  { search } for  name="829" dev="proc" ino=5642528 scontext=u:r:system_app:s0 tcontext=u:r:hwservicemanager:s0 tclass=dir permissive=1
08-13 13:57:22.332 22669 22669 I top     : type=1400 audit(0.0:2810469): avc:  denied  { getattr } for  path="/proc/830" dev="proc" ino=5642529 scontext=u:r:system_app:s0 tcontext=u:r:vndservicemanager:s0 tclass=dir permissive=1
08-13 13:57:22.332 22669 22669 I top     : type=1400 audit(0.0:2810470): avc:  denied  { search } for  name="830" dev="proc" ino=5642529 scontext=u:r:system_app:s0 tcontext=u:r:vndservicemanager:s0 tclass=dir permissive=1
08-13 13:57:22.332 22669 22669 I top     : type=1400 audit(0.0:2810471): avc:  denied  { open } for  path="/proc/830/stat" dev="proc" ino=5642543 scontext=u:r:system_app:s0 tcontext=u:r:vndservicemanager:s0 tclass=file permissive=1
08-13 13:57:22.332 22669 22669 I top     : type=1400 audit(0.0:2810472): avc:  denied  { getattr } for  path="/proc/942" dev="proc" ino=5642530 scontext=u:r:system_app:s0 tcontext=u:r:vendor_hal_keymint_qti:s0 tclass=dir permissive=1
08-13 13:57:22.780  1442  1625 I ANDR-PWR-OPT: PowerHelper: getNodeData() 196: FPS0.000000 FRAMECOUNT0
08-13 13:57:22.780  1442  1625 I ANDR-PWR-OPT: PowerHelper: getFps() 168: Returned fps value: 0.000000
08-13 13:57:23.097 22688 22688 I xsu     : sending cmd:echo 76 > /sys/devices/platform/soc/soc:pwm-fan/hwmon/hwmon0/pwm1
08-13 13:57:23.098  1604 22689 I xsu_api : xsu_recv memset enter
08-13 13:57:23.098  1604 22689 I xsu_api : xsu_recv memset end
08-13 13:57:23.098 22688 22688 I xsu     : sending cmd end:echo 76 > /sys/devices/platform/soc/soc:pwm-fan/hwmon/hwmon0/pwm1
08-13 13:57:23.098  1604 22689 I xsu_api : xsu_recv retry end
08-13 13:57:23.098  1604 22689 I xsu_api : ret=4, version=200, type=0, payload_size=69
08-13 13:57:23.098  1604 22689 I xsu_api : xsu_recv type and len
08-13 13:57:23.098  1604 22689 I xsu_api : header.type=0, header.payload_size=69, xsu_header_t=4
08-13 13:57:23.098  1604 22689 I xsu_api : xsu_recv type and len end
08-13 13:57:23.098  1604 22689 I xsud    : handle comming cmd:echo 76 > /sys/devices/platform/soc/soc:pwm-fan/hwmon/hwmon0/pwm1
08-13 13:57:23.098 22688 22688 I xsu     : free cmd end
08-13 13:57:23.098 22688 22688 I xsu     : xsu_recv cmd before
08-13 13:57:23.098 22688 22688 I xsu_api : xsu_recv memset enter
08-13 13:57:23.098 22688 22688 I xsu_api : xsu_recv memset end
08-13 13:57:23.114 22688 22688 I xsu_api : xsu_recv retry end
08-13 13:57:23.114 22688 22688 I xsu_api : ret=4, version=200, type=3, payload_size=0
08-13 13:57:23.114 22688 22688 I xsu_api : xsu_recv type and len
08-13 13:57:23.114 22688 22688 I xsu_api : header.type=3, header.payload_size=0, xsu_header_t=4
08-13 13:57:23.115 22688 22688 I xsu_api : xsu_recv type and len end
08-13 13:57:23.115 22688 22688 I xsu     : xsu_recv cmd end
08-13 13:57:23.115 22688 22688 I xsu     : end session!
08-13 13:57:23.132 22670 22670 W HidlServiceManagement: Waited one second for vendor.qti.diaghal@1.0::Idiag/default
08-13 13:57:23.132   829   829 I hwservicemanager: Since vendor.qti.diaghal@1.0::Idiag/default is not registered, trying to start it as a lazy HAL (if it's not configured to be a lazy HAL, it may be stuck starting or still starting).
08-13 13:57:23.133 22670 22670 I HidlServiceManagement: getService: Trying again for vendor.qti.diaghal@1.0::Idiag/default...
08-13 13:57:23.135   829 22691 W libc    : Unable to set property "ctl.interface_start" to "vendor.qti.diaghal@1.0::Idiag/default": error code: 0x20
08-13 13:57:23.135   829 22691 I hwservicemanager: Tried to start vendor.qti.diaghal@1.0::Idiag/default as a lazy service, but was unable to. Usually this happens when a service is not installed, but if the service is intended to be used as a lazy service, then it may be configured incorrectly.
08-13 13:57:23.280  1442  1625 I ANDR-PWR-OPT: PowerHelper: getNodeData() 196: FPS0.000000 FRAMECOUNT0
08-13 13:57:23.280  1442  1625 I ANDR-PWR-OPT: PowerHelper: getFps() 168: Returned fps value: 0.000000
08-13 13:57:23.332  2312  6735 D InputDispatcher: mergeMotionEntryLocked - original entry: MotionEvent
08-13 13:57:23.332  2312  6735 D InputDispatcher: mergeMotionEntryLocked - mRealTouchInputDeviceId=5, mRealTouchInputSource=53250
08-13 13:57:23.332  2312  6735 D InputDispatcher: mergeMotionEntryLocked - do not need merge
08-13 13:57:23.335  2312  6735 D InputDispatcher: mergeMotionEntryLocked - original entry: MotionEvent
08-13 13:57:23.335  2312  6735 D InputDispatcher: mergeMotionEntryLocked - mRealTouchInputDeviceId=5, mRealTouchInputSource=53250
08-13 13:57:23.335  2312  6735 D InputDispatcher: mergeMotionEntryLocked - do not need merge
08-13 13:57:23.335  2312  6735 D InputDispatcher: resetMergeMotionEntryLocked
08-13 13:57:23.337 22499 22523 I WinlatorXRequest: seq=641 opcode=40 data=0 bytes=12
08-13 13:57:23.338 22499 22523 I WinlatorXRequest: seq=642 opcode=40 data=0 bytes=12
08-13 13:57:23.338 22499 22523 I WinlatorXRequest: seq=643 opcode=18 data=0 bytes=24
08-13 13:57:23.339 22499 22523 I WinlatorXRequest: seq=644 opcode=42 data=2 bytes=8
08-13 13:57:23.339 22499 22523 I WinlatorXRequest: seq=645 opcode=43 data=0 bytes=0
08-13 13:57:23.336 22687 22687 I top     : type=1400 audit(0.0:2810607): avc:  denied  { open } for  path="/proc/1509/stat" dev="proc" ino=5645429 scontext=u:r:system_app:s0 tcontext=u:r:vendor_hal_sensorscalibrate_qti_default:s0 tclass=file permissive=1
08-13 13:57:23.339 22499 22523 I WinlatorXRequest: seq=646 opcode=18 data=0 bytes=24
08-13 13:57:23.339 22499 22523 I WinlatorXRequest: seq=647 opcode=40 data=0 bytes=12
08-13 13:57:23.336 22687 22687 I top     : type=1400 audit(0.0:2810608): avc:  denied  { getattr } for  path="/proc/1514" dev="proc" ino=5645360 scontext=u:r:system_app:s0 tcontext=u:r:vendor_hal_srvctracker_default:s0 tclass=dir permissive=1
08-13 13:57:23.336 22687 22687 I top     : type=1400 audit(0.0:2810609): avc:  denied  { search } for  name="1514" dev="proc" ino=5645360 scontext=u:r:system_app:s0 tcontext=u:r:vendor_hal_srvctracker_default:s0 tclass=dir permissive=1
08-13 13:57:23.336 22687 22687 I top     : type=1400 audit(0.0:2810610): avc:  denied  { getattr } for  path="/proc/1515" dev="proc" ino=5645361 scontext=u:r:system_app:s0 tcontext=u:r:vendor_hal_trustedui_qti:s0 tclass=dir permissive=1
08-13 13:57:23.336 22687 22687 I top     : type=1400 audit(0.0:2810611): avc:  denied  { search } for  name="1515" dev="proc" ino=5645361 scontext=u:r:system_app:s0 tcontext=u:r:vendor_hal_trustedui_qti:s0 tclass=dir permissive=1
08-13 13:57:23.339 22499 22523 I WinlatorXRequest: seq=648 opcode=18 data=0 bytes=24
08-13 13:57:23.339 22499 22523 I WinlatorXRequest: seq=649 opcode=42 data=2 bytes=8
08-13 13:57:23.340 22499 22523 I WinlatorXRequest: seq=650 opcode=43 data=0 bytes=0
08-13 13:57:23.340 22499 22523 I WinlatorXRequest: seq=651 opcode=18 data=0 bytes=24
08-13 13:57:23.340 22499 22523 I WinlatorXRequest: seq=652 opcode=40 data=0 bytes=12
08-13 13:57:23.340 22499 22523 I WinlatorXRequest: seq=653 opcode=40 data=0 bytes=12
08-13 13:57:23.341 22499 22523 I WinlatorXRequest: seq=654 opcode=40 data=0 bytes=12
08-13 13:57:23.341 22499 22523 I WinlatorXRequest: seq=655 opcode=40 data=0 bytes=12
08-13 13:57:23.341 22499 22523 I WinlatorXRequest: seq=656 opcode=40 data=0 bytes=12
08-13 13:57:23.342 22499 22523 I WinlatorXRequest: seq=657 opcode=40 data=0 bytes=12
08-13 13:57:23.342 22499 22523 I WinlatorXRequest: seq=658 opcode=40 data=0 bytes=12
08-13 13:57:23.342 22499 22523 I WinlatorXRequest: seq=659 opcode=40 data=0 bytes=12
08-13 13:57:23.343 22499 22523 I WinlatorXRequest: seq=660 opcode=40 data=0 bytes=12
08-13 13:57:23.343 22499 22523 I WinlatorXRequest: seq=661 opcode=40 data=0 bytes=12
08-13 13:57:23.343 22499 22523 I WinlatorXRequest: seq=662 opcode=40 data=0 bytes=12
08-13 13:57:23.344 22499 22523 I WinlatorXRequest: seq=663 opcode=40 data=0 bytes=12
08-13 13:57:23.344 22499 22523 I WinlatorXRequest: seq=664 opcode=40 data=0 bytes=12
08-13 13:57:23.344 22499 22523 I WinlatorXRequest: seq=665 opcode=40 data=0 bytes=12
08-13 13:57:23.344 22499 22523 I WinlatorXRequest: seq=666 opcode=40 data=0 bytes=12
08-13 13:57:23.344 22499 22523 I WinlatorXRequest: seq=667 opcode=40 data=0 bytes=12
08-13 13:57:23.344 22499 22523 I WinlatorXRequest: seq=668 opcode=40 data=0 bytes=12
08-13 13:57:23.345 22499 22523 I WinlatorXRequest: seq=669 opcode=40 data=0 bytes=12
08-13 13:57:23.345 22499 22523 I WinlatorXRequest: seq=670 opcode=40 data=0 bytes=12
08-13 13:57:23.345 22499 22523 I WinlatorXRequest: seq=671 opcode=40 data=0 bytes=12
08-13 13:57:23.345 22499 22523 I WinlatorXRequest: seq=672 opcode=40 data=0 bytes=12
08-13 13:57:23.346 22499 22523 I WinlatorXRequest: seq=673 opcode=40 data=0 bytes=12
08-13 13:57:23.346 22499 22523 I WinlatorXRequest: seq=674 opcode=40 data=0 bytes=12
08-13 13:57:23.346 22499 22523 I WinlatorXRequest: seq=675 opcode=43 data=0 bytes=0
08-13 13:57:23.349 22499 22523 I WinlatorXRequest: seq=676 opcode=60 data=0 bytes=4
08-13 13:57:23.349 22499 22523 I WinlatorXRequest: seq=677 opcode=55 data=0 bytes=16
08-13 13:57:23.349 22499 22523 I WinlatorXRequest: seq=678 opcode=59 data=3 bytes=16
08-13 13:57:23.349 22499 22523 I WinlatorXRequest: seq=679 opcode=155 data=3 bytes=36
08-13 13:57:23.349 22499 22523 I WinlatorXRequest: seq=680 opcode=56 data=0 bytes=12
08-13 13:57:23.351 22499 22523 I WinlatorXRequest: seq=681 opcode=60 data=0 bytes=4
08-13 13:57:23.351 22499 22523 I WinlatorXRequest: seq=682 opcode=55 data=0 bytes=16
08-13 13:57:23.351 22499 22523 I WinlatorXRequest: seq=683 opcode=59 data=3 bytes=16
08-13 13:57:23.351 22499 22523 I WinlatorXRequest: seq=684 opcode=155 data=3 bytes=36
08-13 13:57:23.351 22499 22523 I WinlatorXRequest: seq=685 opcode=56 data=0 bytes=12
08-13 13:57:23.369 22499 22523 I WinlatorXRequest: seq=686 opcode=40 data=0 bytes=12
08-13 13:57:23.370 22499 22523 I WinlatorXRequest: seq=687 opcode=40 data=0 bytes=12
08-13 13:57:23.371 22499 22523 I WinlatorXRequest: seq=688 opcode=40 data=0 bytes=12
08-13 13:57:23.371 22499 22523 I WinlatorXRequest: seq=689 opcode=40 data=0 bytes=12
08-13 13:57:23.373 22499 22523 I WinlatorXRequest: seq=690 opcode=78 data=0 bytes=12
08-13 13:57:23.374 22499 22523 I WinlatorXRequest: seq=691 opcode=1 data=32 bytes=56
08-13 13:57:23.374 22499 22523 I WinlatorXRequest: seq=692 opcode=18 data=0 bytes=92
08-13 13:57:23.374 22499 22523 I WinlatorXRequest: seq=693 opcode=18 data=0 bytes=28
08-13 13:57:23.374 22499 22523 I WinlatorXRequest: seq=694 opcode=18 data=0 bytes=28
08-13 13:57:23.374 22499 22523 I WinlatorXRequest: seq=695 opcode=18 data=0 bytes=24
08-13 13:57:23.375 22499 22523 I WinlatorXRequest: seq=696 opcode=18 data=0 bytes=32
08-13 13:57:23.375 22499 22523 I WinlatorXRequest: seq=697 opcode=18 data=0 bytes=56
08-13 13:57:23.375 22499 22523 I WinlatorXRequest: seq=698 opcode=18 data=0 bytes=24
08-13 13:57:23.375 22499 22523 I WinlatorXRequest: seq=699 opcode=18 data=0 bytes=28
08-13 13:57:23.375 22499 22523 I WinlatorXRequest: seq=700 opcode=149 data=46 bytes=16
08-13 13:57:23.375 22499 22523 I WinlatorXRequest: seq=701 opcode=43 data=0 bytes=0
08-13 13:57:23.376 22499 22523 I WinlatorXRequest: seq=702 opcode=2 data=0 bytes=16
08-13 13:57:23.376 22499 22523 I WinlatorXRequest: seq=703 opcode=18 data=0 bytes=28
08-13 13:57:23.376 22499 22523 I WinlatorXRequest: seq=704 opcode=25 data=0 bytes=40
08-13 13:57:23.376 22499 22523 I WinlatorXRequest: seq=705 opcode=25 data=0 bytes=40
08-13 13:57:23.376 22499 22523 I WinlatorXRequest: seq=706 opcode=18 data=0 bytes=40
08-13 13:57:23.376 22499 22523 I WinlatorXRequest: seq=707 opcode=151 data=5 bytes=4
08-13 13:57:23.377 22499 22523 I WinlatorXRequest: seq=708 opcode=151 data=21 bytes=16
08-13 13:57:23.378 22499 22523 I WinlatorXRequest: seq=709 opcode=151 data=10 bytes=4
08-13 13:57:23.378 22499 22523 I WinlatorXRequest: seq=710 opcode=20 data=0 bytes=20
08-13 13:57:23.378 22499 22523 I WinlatorXRequest: seq=711 opcode=18 data=0 bytes=56
08-13 13:57:23.378 22499 22523 I WinlatorXRequest: seq=712 opcode=18 data=0 bytes=24
08-13 13:57:23.378 22499 22523 I WinlatorXRequest: seq=713 opcode=18 data=0 bytes=20
08-13 13:57:23.378 22499 22523 I WinlatorXRequest: seq=714 opcode=43 data=121 bytes=0
08-13 13:57:23.380 22499 22523 I WinlatorXRequest: seq=715 opcode=18 data=0 bytes=24
08-13 13:57:23.380 22499 22523 I WinlatorXRequest: seq=716 opcode=18 data=0 bytes=397652
08-13 13:57:23.401 22499 22523 I WinlatorXRequest: seq=717 opcode=18 data=0 bytes=24
08-13 13:57:23.401 22499 22523 I WinlatorXRequest: seq=718 opcode=18 data=0 bytes=20
08-13 13:57:23.401 22499 22523 I WinlatorXRequest: seq=719 opcode=18 data=0 bytes=20
08-13 13:57:23.401 22499 22523 I WinlatorXRequest: seq=720 opcode=18 data=0 bytes=397652
08-13 13:57:23.413 22499 22523 I WinlatorXRequest: seq=721 opcode=40 data=0 bytes=12
08-13 13:57:23.426 22499 22523 I WinlatorXRequest: seq=722 opcode=1 data=32 bytes=52
08-13 13:57:23.428 22499 22523 I WinlatorXRequest: seq=723 opcode=18 data=0 bytes=92
08-13 13:57:23.428 22499 22523 I WinlatorXRequest: seq=724 opcode=18 data=0 bytes=28
08-13 13:57:23.428 22499 22523 I WinlatorXRequest: seq=725 opcode=18 data=0 bytes=28
08-13 13:57:23.428 22499 22523 I WinlatorXRequest: seq=726 opcode=18 data=0 bytes=24
08-13 13:57:23.428 22499 22523 I WinlatorXRequest: seq=727 opcode=18 data=0 bytes=32
08-13 13:57:23.428 22499 22523 I WinlatorXRequest: seq=728 opcode=18 data=0 bytes=56
08-13 13:57:23.428 22499 22523 I WinlatorXRequest: seq=729 opcode=18 data=0 bytes=24
08-13 13:57:23.428 22499 22523 I WinlatorXRequest: seq=730 opcode=18 data=0 bytes=28
08-13 13:57:23.428 22499 22523 I WinlatorXRequest: seq=731 opcode=149 data=46 bytes=16
08-13 13:57:23.428 22499 22523 I WinlatorXRequest: seq=732 opcode=43 data=0 bytes=0
08-13 13:57:23.429 22499 22523 I WinlatorXRequest: seq=733 opcode=2 data=0 bytes=16
08-13 13:57:23.429 22499 22523 I WinlatorXRequest: seq=734 opcode=18 data=0 bytes=28
08-13 13:57:23.429 22499 22523 I WinlatorXRequest: seq=735 opcode=25 data=0 bytes=40
08-13 13:57:23.429 22499 22523 I WinlatorXRequest: seq=736 opcode=25 data=0 bytes=40
08-13 13:57:23.429 22499 22523 I WinlatorXRequest: seq=737 opcode=18 data=0 bytes=40
08-13 13:57:23.429 22499 22523 I WinlatorXRequest: seq=738 opcode=20 data=0 bytes=20
08-13 13:57:23.429 22499 22523 I WinlatorXRequest: seq=739 opcode=18 data=0 bytes=56
08-13 13:57:23.429 22499 22523 I WinlatorXRequest: seq=740 opcode=18 data=0 bytes=24
08-13 13:57:23.429 22499 22523 I WinlatorXRequest: seq=741 opcode=18 data=0 bytes=20
08-13 13:57:23.429 22499 22523 I WinlatorXRequest: seq=742 opcode=43 data=121 bytes=0
08-13 13:57:23.429 22499 22523 I WinlatorXRequest: seq=743 opcode=18 data=0 bytes=24
08-13 13:57:23.429 22499 22523 I WinlatorXRequest: seq=744 opcode=18 data=0 bytes=397652
08-13 13:57:23.442 22499 22523 I WinlatorXRequest: seq=745 opcode=18 data=0 bytes=24
08-13 13:57:23.442 22499 22523 I WinlatorXRequest: seq=746 opcode=18 data=0 bytes=20
08-13 13:57:23.442 22499 22523 I WinlatorXRequest: seq=747 opcode=18 data=0 bytes=20
08-13 13:57:23.442 22499 22523 I WinlatorXRequest: seq=748 opcode=18 data=0 bytes=397652
08-13 13:57:23.454 22499 22523 I WinlatorXRequest: seq=749 opcode=2 data=0 bytes=12
08-13 13:57:23.454 22499 22523 I WinlatorXRequest: seq=750 opcode=2 data=0 bytes=12
08-13 13:57:23.454 22499 22523 I WinlatorXRequest: seq=751 opcode=18 data=0 bytes=92
08-13 13:57:23.454 22499 22523 I WinlatorXRequest: seq=752 opcode=19 data=0 bytes=8
08-13 13:57:23.454 22499 22523 I WinlatorXRequest: seq=753 opcode=20 data=0 bytes=20
08-13 13:57:23.454 22499 22523 I WinlatorXRequest: seq=754 opcode=18 data=0 bytes=24
08-13 13:57:23.454 22499 22523 I WinlatorXRequest: seq=755 opcode=18 data=0 bytes=24
08-13 13:57:23.454 22499 22523 I WinlatorXRequest: seq=756 opcode=8 data=0 bytes=4
08-13 13:57:23.454 22499 22523 I WinlatorXRequest: seq=757 opcode=43 data=0 bytes=0
08-13 13:57:23.455 22499 22523 I WinlatorXRequest: seq=758 opcode=43 data=0 bytes=0
08-13 13:57:23.460 22499 22523 I WinlatorXRequest: seq=759 opcode=60 data=0 bytes=4
08-13 13:57:23.460 22499 22523 I WinlatorXRequest: seq=760 opcode=55 data=0 bytes=16
08-13 13:57:23.460 22499 22523 I WinlatorXRequest: seq=761 opcode=59 data=3 bytes=112
08-13 13:57:23.460 22499 22523 I WinlatorXRequest: seq=762 opcode=155 data=3 bytes=36
08-13 13:57:23.460 22499 22523 I WinlatorXRequest: seq=763 opcode=155 data=3 bytes=36
08-13 13:57:23.460 22499 22523 I WinlatorXRequest: seq=764 opcode=155 data=3 bytes=36
08-13 13:57:23.460 22499 22523 I WinlatorXRequest: seq=765 opcode=155 data=3 bytes=36
08-13 13:57:23.460 22499 22523 I WinlatorXRequest: seq=766 opcode=155 data=3 bytes=36
08-13 13:57:23.463 22499 22523 I WinlatorXRequest: seq=767 opcode=155 data=3 bytes=36
08-13 13:57:23.464 22499 22523 I WinlatorXRequest: seq=768 opcode=155 data=3 bytes=36
08-13 13:57:23.464 22499 22523 I WinlatorXRequest: seq=769 opcode=155 data=3 bytes=36
08-13 13:57:23.464 22499 22523 I WinlatorXRequest: seq=770 opcode=155 data=3 bytes=36
08-13 13:57:23.464 22499 22523 I WinlatorXRequest: seq=771 opcode=155 data=3 bytes=36
08-13 13:57:23.464 22499 22523 I WinlatorXRequest: seq=772 opcode=155 data=3 bytes=36
08-13 13:57:23.464 22499 22523 I WinlatorXRequest: seq=773 opcode=155 data=3 bytes=36
08-13 13:57:23.464 22499 22523 I WinlatorXRequest: seq=774 opcode=155 data=3 bytes=36
08-13 13:57:23.464 22499 22523 I WinlatorXRequest: seq=775 opcode=56 data=0 bytes=12
08-13 13:57:23.464 22499 22523 I WinlatorXRequest: seq=776 opcode=60 data=0 bytes=4
08-13 13:57:23.464 22499 22523 I WinlatorXRequest: seq=777 opcode=55 data=0 bytes=16
08-13 13:57:23.464 22499 22523 I WinlatorXRequest: seq=778 opcode=59 data=3 bytes=104
08-13 13:57:23.464 22499 22523 I WinlatorXRequest: seq=779 opcode=155 data=3 bytes=36
08-13 13:57:23.464 22499 22523 I WinlatorXRequest: seq=780 opcode=155 data=3 bytes=36
08-13 13:57:23.464 22499 22523 I WinlatorXRequest: seq=781 opcode=155 data=3 bytes=36
08-13 13:57:23.464 22499 22523 I WinlatorXRequest: seq=782 opcode=155 data=3 bytes=36
08-13 13:57:23.464 22499 22523 I WinlatorXRequest: seq=783 opcode=155 data=3 bytes=36
08-13 13:57:23.464 22499 22523 I WinlatorXRequest: seq=784 opcode=155 data=3 bytes=36
08-13 13:57:23.464 22499 22523 I WinlatorXRequest: seq=785 opcode=155 data=3 bytes=36
08-13 13:57:23.464 22499 22523 I WinlatorXRequest: seq=786 opcode=155 data=3 bytes=36
08-13 13:57:23.464 22499 22523 I WinlatorXRequest: seq=787 opcode=155 data=3 bytes=36
08-13 13:57:23.465 22499 22523 I WinlatorXRequest: seq=788 opcode=155 data=3 bytes=36
08-13 13:57:23.465 22499 22523 I WinlatorXRequest: seq=789 opcode=155 data=3 bytes=36
08-13 13:57:23.465 22499 22523 I WinlatorXRequest: seq=790 opcode=155 data=3 bytes=36
08-13 13:57:23.470 22499 22523 I WinlatorXRequest: seq=791 opcode=56 data=0 bytes=12
08-13 13:57:23.471 22499 22523 I WinlatorXRequest: seq=792 opcode=20 data=0 bytes=20
08-13 13:57:23.471 22499 22523 I WinlatorXRequest: seq=793 opcode=18 data=0 bytes=24
08-13 13:57:23.471 22499 22523 I WinlatorXRequest: seq=794 opcode=42 data=2 bytes=8
08-13 13:57:23.471 22499 22523 I WinlatorXRequest: seq=795 opcode=43 data=0 bytes=0
08-13 13:57:23.471 22499 22523 I WinlatorXRequest: seq=796 opcode=155 data=1 bytes=12
08-13 13:57:23.471 22499 22523 I WinlatorXRequest: seq=797 opcode=43 data=0 bytes=0
08-13 13:57:23.491 22499 22523 I WinlatorXRequest: seq=798 opcode=53 data=32 bytes=12
08-13 13:57:23.491 22499 22523 I WinlatorXRequest: seq=799 opcode=55 data=0 bytes=16
08-13 13:57:23.491 22499 22523 I WinlatorXRequest: seq=800 opcode=59 data=3 bytes=16
08-13 13:57:23.491 22499 22523 I WinlatorXRequest: seq=801 opcode=155 data=3 bytes=36
08-13 13:57:23.492 22499 22523 I WinlatorXRequest: seq=802 opcode=56 data=0 bytes=12
08-13 13:57:23.492 22499 22523 I WinlatorXRequest: seq=803 opcode=43 data=0 bytes=0
08-13 13:57:23.492 22499 22523 I WinlatorXRequest: seq=804 opcode=59 data=3 bytes=16
08-13 13:57:23.492 22499 22523 I WinlatorXRequest: seq=805 opcode=155 data=3 bytes=36
08-13 13:57:23.493 22499 22523 I WinlatorXRequest: seq=806 opcode=56 data=0 bytes=12
08-13 13:57:23.498 22499 22523 I WinlatorXRequest: seq=807 opcode=43 data=0 bytes=0
08-13 13:57:23.500 22499 22523 I WinlatorXRequest: seq=808 opcode=59 data=3 bytes=72
08-13 13:57:23.500 22499 22523 I WinlatorXRequest: seq=809 opcode=155 data=3 bytes=36
08-13 13:57:23.500 22499 22523 I WinlatorXRequest: seq=810 opcode=155 data=3 bytes=36
08-13 13:57:23.500 22499 22523 I WinlatorXRequest: seq=811 opcode=155 data=3 bytes=36
08-13 13:57:23.500 22499 22523 I WinlatorXRequest: seq=812 opcode=155 data=3 bytes=36
08-13 13:57:23.501 22499 22523 I WinlatorXRequest: seq=813 opcode=155 data=3 bytes=36
08-13 13:57:23.501 22499 22523 I WinlatorXRequest: seq=814 opcode=155 data=3 bytes=36
08-13 13:57:23.501 22499 22523 I WinlatorXRequest: seq=815 opcode=155 data=3 bytes=36
08-13 13:57:23.501 22499 22523 I WinlatorXRequest: seq=816 opcode=155 data=3 bytes=36
08-13 13:57:23.501 22499 22523 I WinlatorXRequest: seq=817 opcode=56 data=0 bytes=12
08-13 13:57:23.501 22499 22523 I WinlatorXRequest: seq=818 opcode=43 data=0 bytes=0
08-13 13:57:23.506 22499 22523 I WinlatorXRequest: seq=819 opcode=59 data=3 bytes=32
08-13 13:57:23.506 22499 22523 I WinlatorXRequest: seq=820 opcode=155 data=3 bytes=36
08-13 13:57:23.506 22499 22523 I WinlatorXRequest: seq=821 opcode=155 data=3 bytes=36
08-13 13:57:23.506 22499 22523 I WinlatorXRequest: seq=822 opcode=155 data=3 bytes=36
08-13 13:57:23.506 22499 22523 I WinlatorXRequest: seq=823 opcode=56 data=0 bytes=12
08-13 13:57:23.506 22499 22523 I WinlatorXRequest: seq=824 opcode=43 data=0 bytes=0
08-13 13:57:23.507 22499 22523 I WinlatorXRequest: seq=825 opcode=59 data=3 bytes=16
08-13 13:57:23.507 22499 22523 I WinlatorXRequest: seq=826 opcode=155 data=3 bytes=36
08-13 13:57:23.507 22499 22523 I WinlatorXRequest: seq=827 opcode=56 data=0 bytes=12
08-13 13:57:23.615  1451  1717 I SDM     : DisplayBase::CommitThread: Received idle timeout, panel: video, timeout: 69999 us
08-13 13:57:23.636  1451  1717 I SDM     : HWDeviceDRM::SetupConcurrentWriteback: Tear down the Concurrent Writeback topology
08-13 13:57:23.707  1451  1717 I SDM     : DisplayBase::CommitThread: Received idle timeout, panel: video, timeout: 70000 us
08-13 13:57:23.780  1442  1625 I ANDR-PWR-OPT: PowerHelper: getNodeData() 196: FPS7.900000 FRAMECOUNT18
08-13 13:57:23.780  1442  1625 I ANDR-PWR-OPT: PowerHelper: getFps() 168: Returned fps value: 7.900000
08-13 13:57:24.134 22670 22670 W HidlServiceManagement: Waited one second for vendor.qti.diaghal@1.0::Idiag/default
08-13 13:57:24.134   829   829 I hwservicemanager: Since vendor.qti.diaghal@1.0::Idiag/default is not registered, trying to start it as a lazy HAL (if it's not configured to be a lazy HAL, it may be stuck starting or still starting).
08-13 13:57:24.136 22670 22670 I HidlServiceManagement: getService: Trying again for vendor.qti.diaghal@1.0::Idiag/default...
08-13 13:57:24.137   829 22702 W libc    : Unable to set property "ctl.interface_start" to "vendor.qti.diaghal@1.0::Idiag/default": error code: 0x20
08-13 13:57:24.137   829 22702 I hwservicemanager: Tried to start vendor.qti.diaghal@1.0::Idiag/default as a lazy service, but was unable to. Usually this happens when a service is not installed, but if the service is intended to be used as a lazy service, then it may be configured incorrectly.
08-13 13:57:24.280  1442  1625 I ANDR-PWR-OPT: PowerHelper: getNodeData() 196: FPS6.500000 FRAMECOUNT18
08-13 13:57:24.280  1442  1625 I ANDR-PWR-OPT: PowerHelper: getFps() 168: Returned fps value: 6.500000
08-13 13:57:24.780  1442  1625 I ANDR-PWR-OPT: PowerHelper: getNodeData() 196: FPS0.000000 FRAMECOUNT0
08-13 13:57:24.780  1442  1625 I ANDR-PWR-OPT: PowerHelper: getFps() 168: Returned fps value: 0.000000
08-13 13:57:25.068 22703 22703 I top     : type=1400 audit(0.0:2810663): avc:  denied  { read } for  scontext=u:r:system_app:s0 tcontext=u:r:vendor_hal_keymint_spu_qti:s0 tclass=file permissive=1
08-13 13:57:25.068 22703 22703 I top     : type=1400 audit(0.0:2810664): avc:  denied  { read } for  scontext=u:r:system_app:s0 tcontext=u:r:vendor_hal_qspmhal_default:s0 tclass=file permissive=1
08-13 13:57:25.068 22703 22703 I top     : type=1400 audit(0.0:2810665): avc:  denied  { read } for  scontext=u:r:system_app:s0 tcontext=u:r:hal_tsnv_default:s0 tclass=file permissive=1
08-13 13:57:25.072 22703 22703 I top     : type=1400 audit(0.0:2810666): avc:  denied  { open } for  path="/proc/1112/stat" dev="proc" ino=5642563 scontext=u:r:system_app:s0 tcontext=u:r:vendor_hal_keymint_spu_qti:s0 tclass=file permissive=1
08-13 13:57:25.072 22703 22703 I top     : type=1400 audit(0.0:2810667): avc:  denied  { getattr } for  path="/proc/1449" dev="proc" ino=5645355 scontext=u:r:system_app:s0 tcontext=u:r:vendor_hal_capabilityconfigstore_qti_default:s0 tclass=dir permissive=1
08-13 13:57:25.137 22670 22670 W HidlServiceManagement: Waited one second for vendor.qti.diaghal@1.0::Idiag/default
08-13 13:57:25.138   829   829 I hwservicemanager: Since vendor.qti.diaghal@1.0::Idiag/default is not registered, trying to start it as a lazy HAL (if it's not configured to be a lazy HAL, it may be stuck starting or still starting).
08-13 13:57:25.139 22670 22670 I HidlServiceManagement: getService: Trying again for vendor.qti.diaghal@1.0::Idiag/default...
08-13 13:57:25.140   829 22704 W libc    : Unable to set property "ctl.interface_start" to "vendor.qti.diaghal@1.0::Idiag/default": error code: 0x20
08-13 13:57:25.141   829 22704 I hwservicemanager: Tried to start vendor.qti.diaghal@1.0::Idiag/default as a lazy service, but was unable to. Usually this happens when a service is not installed, but if the service is intended to be used as a lazy service, then it may be configured incorrectly.
08-13 13:57:25.280  1442  1625 I ANDR-PWR-OPT: PowerHelper: getNodeData() 196: FPS0.000000 FRAMECOUNT0
08-13 13:57:25.280  1442  1625 I ANDR-PWR-OPT: PowerHelper: getFps() 168: Returned fps value: 0.000000
08-13 13:57:25.780  1442  1625 I ANDR-PWR-OPT: PowerHelper: getNodeData() 196: FPS0.000000 FRAMECOUNT0
08-13 13:57:25.780  1442  1625 I ANDR-PWR-OPT: PowerHelper: getFps() 168: Returned fps value: 0.000000
08-13 13:57:26.139 22670 22670 W HidlServiceManagement: Waited one second for vendor.qti.diaghal@1.0::Idiag/default
08-13 13:57:26.140   829   829 I hwservicemanager: Since vendor.qti.diaghal@1.0::Idiag/default is not registered, trying to start it as a lazy HAL (if it's not configured to be a lazy HAL, it may be stuck starting or still starting).
08-13 13:57:26.141 22670 22670 I HidlServiceManagement: getService: Trying again for vendor.qti.diaghal@1.0::Idiag/default...
08-13 13:57:26.142   829 22706 W libc    : Unable to set property "ctl.interface_start" to "vendor.qti.diaghal@1.0::Idiag/default": error code: 0x20
08-13 13:57:26.142   829 22706 I hwservicemanager: Tried to start vendor.qti.diaghal@1.0::Idiag/default as a lazy service, but was unable to. Usually this happens when a service is not installed, but if the service is intended to be used as a lazy service, then it may be configured incorrectly.
08-13 13:57:26.280  1442  1625 I ANDR-PWR-OPT: PowerHelper: getNodeData() 196: FPS0.000000 FRAMECOUNT0
08-13 13:57:26.280  1442  1625 I ANDR-PWR-OPT: PowerHelper: getFps() 168: Returned fps value: 0.000000
08-13 13:57:26.433 22709 22709 W BpBinder: Linking to death on android.gui.ISurfaceComposer but there are no threads (yet?) listening to incoming transactions. See ProcessState::startThreadPool and ProcessState::setThreadPoolMaxThreadCount. Generally you should setup the binder threadpool before other initialization steps.
08-13 13:57:26.433 22709 22709 W ProcessState: Extra binder thread started, but 0 threads requested. Do not use *startThreadPool when zero threads are requested.
08-13 13:57:26.433  1450  1450 W qdgralloc: Failed to open smmu proxy node = /dev/qti-smmu-proxy, error = No such file or directory
08-13 13:57:26.433  1450  1450 W qdgralloc: Failed to open smmu proxy node = /dev/qti-smmu-proxy, error = No such file or directory
08-13 13:57:26.455 22709 22710 I AdrenoUtils: <ReadGpuID:357>: Reading chip ID through GSL
08-13 13:57:26.452 22709 22709 I screencap: type=1400 audit(0.0:2810671): avc:  denied  { read } for  name="libubwcp.so" dev="dm-12" ino=2672 scontext=u:r:shell:s0 tcontext=u:object_r:vendor_file:s0 tclass=file permissive=1
08-13 13:57:26.452 22709 22709 I screencap: type=1400 audit(0.0:2810672): avc:  denied  { open } for  path="/vendor/lib64/libubwcp.so" dev="dm-12" ino=2672 scontext=u:r:shell:s0 tcontext=u:object_r:vendor_file:s0 tclass=file permissive=1
08-13 13:57:26.452 22709 22709 I screencap: type=1400 audit(0.0:2810673): avc:  denied  { getattr } for  path="/vendor/lib64/libubwcp.so" dev="dm-12" ino=2672 scontext=u:r:shell:s0 tcontext=u:object_r:vendor_file:s0 tclass=file permissive=1
08-13 13:57:26.452 22709 22709 I screencap: type=1400 audit(0.0:2810674): avc:  denied  { map } for  path="/vendor/lib64/libubwcp.so" dev="dm-12" ino=2672 scontext=u:r:shell:s0 tcontext=u:object_r:vendor_file:s0 tclass=file permissive=1
08-13 13:57:26.452 22709 22709 I screencap: type=1400 audit(0.0:2810675): avc:  denied  { execute } for  path="/vendor/lib64/libubwcp.so" dev="dm-12" ino=2672 scontext=u:r:shell:s0 tcontext=u:object_r:vendor_file:s0 tclass=file permissive=1
08-13 13:57:26.780  1442  1625 I ANDR-PWR-OPT: PowerHelper: getNodeData() 196: FPS0.000000 FRAMECOUNT0
08-13 13:57:26.780  1442  1625 I ANDR-PWR-OPT: PowerHelper: getFps() 168: Returned fps value: 0.000000
08-13 13:57:27.141 22670 22670 W HidlServiceManagement: Waited one second for vendor.qti.diaghal@1.0::Idiag/default
08-13 13:57:27.142   829   829 I hwservicemanager: Since vendor.qti.diaghal@1.0::Idiag/default is not registered, trying to start it as a lazy HAL (if it's not configured to be a lazy HAL, it may be stuck starting or still starting).
08-13 13:57:27.143 22670 22670 I HidlServiceManagement: getService: Trying again for vendor.qti.diaghal@1.0::Idiag/default...
08-13 13:57:27.144   829 22712 W libc    : Unable to set property "ctl.interface_start" to "vendor.qti.diaghal@1.0::Idiag/default": error code: 0x20
08-13 13:57:27.145   829 22712 I hwservicemanager: Tried to start vendor.qti.diaghal@1.0::Idiag/default as a lazy service, but was unable to. Usually this happens when a service is not installed, but if the service is intended to be used as a lazy service, then it may be configured incorrectly.
08-13 13:57:27.280  1442  1625 I ANDR-PWR-OPT: PowerHelper: getNodeData() 196: FPS0.000000 FRAMECOUNT0
08-13 13:57:27.280  1442  1625 I ANDR-PWR-OPT: PowerHelper: getFps() 168: Returned fps value: 0.000000
08-13 13:57:27.780  1442  1625 I ANDR-PWR-OPT: PowerHelper: getNodeData() 196: FPS0.000000 FRAMECOUNT0
08-13 13:57:27.780  1442  1625 I ANDR-PWR-OPT: PowerHelper: getFps() 168: Returned fps value: 0.000000
08-13 13:57:27.892 29398 29411 I Finsky:background: [47] Stats for Executor: bgExecutor wom@b5831c3[Running, pool size = 4, active threads = 0, queued tasks = 0, completed tasks = 5329]
08-13 13:57:27.893 29398 29411 I Finsky:background: [47] Stats for Executor: LightweightExecutor wom@bbdb17[Running, pool size = 4, active threads = 0, queued tasks = 0, completed tasks = 2746]
08-13 13:57:27.893 29398 29411 I Finsky:background: [47] Stats for Executor: BlockingExecutor wom@8f80ddb[Running, pool size = 0, active threads = 0, queued tasks = 0, completed tasks = 660]
08-13 13:57:28.143 22670 22670 W HidlServiceManagement: Waited one second for vendor.qti.diaghal@1.0::Idiag/default
08-13 13:57:28.144   829   829 I hwservicemanager: Since vendor.qti.diaghal@1.0::Idiag/default is not registered, trying to start it as a lazy HAL (if it's not configured to be a lazy HAL, it may be stuck starting or still starting).
08-13 13:57:28.144 22670 22670 I HidlServiceManagement: getService: Trying again for vendor.qti.diaghal@1.0::Idiag/default...
08-13 13:57:28.144 22714 22714 I xsu     : sending cmd:echo 76 > /sys/devices/platform/soc/soc:pwm-fan/hwmon/hwmon0/pwm1
08-13 13:57:28.145 22714 22714 I xsu     : sending cmd end:echo 76 > /sys/devices/platform/soc/soc:pwm-fan/hwmon/hwmon0/pwm1
08-13 13:57:28.145 22714 22714 I xsu     : free cmd end
08-13 13:57:28.145 22714 22714 I xsu     : xsu_recv cmd before
08-13 13:57:28.145 22714 22714 I xsu_api : xsu_recv memset enter
08-13 13:57:28.145 22714 22714 I xsu_api : xsu_recv memset end
08-13 13:57:28.146  1604 22716 I xsu_api : xsu_recv memset enter
08-13 13:57:28.146   829 22715 W libc    : Unable to set property "ctl.interface_start" to "vendor.qti.diaghal@1.0::Idiag/default": error code: 0x20
08-13 13:57:28.146  1604 22716 I xsu_api : xsu_recv memset end
08-13 13:57:28.146  1604 22716 I xsu_api : xsu_recv retry end
08-13 13:57:28.146  1604 22716 I xsu_api : ret=4, version=200, type=0, payload_size=69
08-13 13:57:28.146   829 22715 I hwservicemanager: Tried to start vendor.qti.diaghal@1.0::Idiag/default as a lazy service, but was unable to. Usually this happens when a service is not installed, but if the service is intended to be used as a lazy service, then it may be configured incorrectly.
08-13 13:57:28.146  1604 22716 I xsu_api : xsu_recv type and len
08-13 13:57:28.146  1604 22716 I xsu_api : header.type=0, header.payload_size=69, xsu_header_t=4
08-13 13:57:28.146  1604 22716 I xsu_api : xsu_recv type and len end
08-13 13:57:28.146  1604 22716 I xsud    : handle comming cmd:echo 76 > /sys/devices/platform/soc/soc:pwm-fan/hwmon/hwmon0/pwm1
08-13 13:57:28.161 22714 22714 I xsu_api : xsu_recv retry end
08-13 13:57:28.162 22714 22714 I xsu_api : ret=4, version=200, type=3, payload_size=0
08-13 13:57:28.162 22714 22714 I xsu_api : xsu_recv type and len
08-13 13:57:28.162 22714 22714 I xsu_api : header.type=3, header.payload_size=0, xsu_header_t=4
08-13 13:57:28.162 22714 22714 I xsu_api : xsu_recv type and len end
08-13 13:57:28.162 22714 22714 I xsu     : xsu_recv cmd end
08-13 13:57:28.162 22714 22714 I xsu     : end session!
08-13 13:57:28.156 22717 22717 I sh      : type=1400 audit(0.0:2810693): avc:  denied  { write } for  name="pwm1" dev="sysfs" ino=103506 scontext=u:r:xsud:s0 tcontext=u:object_r:sysfs:s0 tclass=file permissive=1
08-13 13:57:28.156 22717 22717 I sh      : type=1400 audit(0.0:2810694): avc:  denied  { open } for  path="/sys/devices/platform/soc/soc:pwm-fan/hwmon/hwmon0/pwm1" dev="sysfs" ino=103506 scontext=u:r:xsud:s0 tcontext=u:object_r:sysfs:s0 tclass=file permissive=1
08-13 13:57:28.280  1442  1625 I ANDR-PWR-OPT: PowerHelper: getNodeData() 196: FPS0.000000 FRAMECOUNT0
08-13 13:57:28.280  1442  1625 I ANDR-PWR-OPT: PowerHelper: getFps() 168: Returned fps value: 0.000000
08-13 13:57:28.328 22713 22713 I top     : type=1400 audit(0.0:2810695): avc:  denied  { read } for  scontext=u:r:system_app:s0 tcontext=u:r:vendor_hal_identity_qti:s0 tclass=file permissive=1
08-13 13:57:28.328 22713 22713 I top     : type=1400 audit(0.0:2810696): avc:  denied  { read } for  scontext=u:r:system_app:s0 tcontext=u:r:hal_ir_default:s0 tclass=file permissive=1
08-13 13:57:28.328 22713 22713 I top     : type=1400 audit(0.0:2810697): avc:  denied  { read } for  scontext=u:r:system_app:s0 tcontext=u:r:hal_power_default:s0 tclass=file permissive=1
08-13 13:57:28.780  1442  1625 I ANDR-PWR-OPT: PowerHelper: getNodeData() 196: FPS0.000000 FRAMECOUNT0
08-13 13:57:28.780  1442  1625 I ANDR-PWR-OPT: PowerHelper: getFps() 168: Returned fps value: 0.000000
08-13 13:57:29.144 22670 22670 W HidlServiceManagement: Waited one second for vendor.qti.diaghal@1.0::Idiag/default
08-13 13:57:29.145   829   829 I hwservicemanager: Since vendor.qti.diaghal@1.0::Idiag/default is not registered, trying to start it as a lazy HAL (if it's not configured to be a lazy HAL, it may be stuck starting or still starting).
08-13 13:57:29.146 22670 22670 I HidlServiceManagement: getService: Trying again for vendor.qti.diaghal@1.0::Idiag/default...
08-13 13:57:29.148   829 22719 W libc    : Unable to set property "ctl.interface_start" to "vendor.qti.diaghal@1.0::Idiag/default": error code: 0x20
08-13 13:57:29.148   829 22719 I hwservicemanager: Tried to start vendor.qti.diaghal@1.0::Idiag/default as a lazy service, but was unable to. Usually this happens when a service is not installed, but if the service is intended to be used as a lazy service, then it may be configured incorrectly.
08-13 13:57:29.280  1442  1625 I ANDR-PWR-OPT: PowerHelper: getNodeData() 196: FPS0.000000 FRAMECOUNT0
08-13 13:57:29.280  1442  1625 I ANDR-PWR-OPT: PowerHelper: getFps() 168: Returned fps value: 0.000000
08-13 13:57:29.689  2659  7231 D PowerUI : can't show warning due to - plugged: true status unknown: false
08-13 13:57:29.713 22720 22720 I xsu     : sending cmd:echo 1 > /sys/class/power_supply/battery/online
08-13 13:57:29.713 22720 22720 I xsu     : sending cmd end:echo 1 > /sys/class/power_supply/battery/online
08-13 13:57:29.713 22720 22720 I xsu     : free cmd end
08-13 13:57:29.713 22720 22720 I xsu     : xsu_recv cmd before
08-13 13:57:29.713 22720 22720 I xsu_api : xsu_recv memset enter
08-13 13:57:29.713 22720 22720 I xsu_api : xsu_recv memset end
08-13 13:57:29.713  1604 22722 I xsu_api : xsu_recv memset enter
08-13 13:57:29.713  1604 22722 I xsu_api : xsu_recv memset end
08-13 13:57:29.713  1604 22722 I xsu_api : xsu_recv retry end
08-13 13:57:29.714  1604 22722 I xsu_api : ret=4, version=200, type=0, payload_size=51
08-13 13:57:29.714  1604 22722 I xsu_api : xsu_recv type and len
08-13 13:57:29.714  1604 22722 I xsu_api : header.type=0, header.payload_size=51, xsu_header_t=4
08-13 13:57:29.714  1604 22722 I xsu_api : xsu_recv type and len end
08-13 13:57:29.714  1604 22722 I xsud    : handle comming cmd:echo 1 > /sys/class/power_supply/battery/online
08-13 13:57:29.716 22723 22723 I sh      : type=1400 audit(0.0:2810709): avc:  denied  { search } for  name="battery" dev="sysfs" ino=141436 scontext=u:r:xsud:s0 tcontext=u:object_r:vendor_sysfs_battery_supply:s0 tclass=dir permissive=1
08-13 13:57:29.716 22723 22723 I sh      : type=1400 audit(0.0:2810710): avc:  denied  { write } for  name="online" dev="sysfs" ino=141445 scontext=u:r:xsud:s0 tcontext=u:object_r:vendor_sysfs_battery_supply:s0 tclass=file permissive=1
08-13 13:57:29.716 22723 22723 I sh      : type=1400 audit(0.0:2810711): avc:  denied  { open } for  path="/sys/devices/platform/soc/soc:qcom,pmic_glink/soc:qcom,pmic_glink:qcom,battery_charger/power_supply/battery/online" dev="sysfs" ino=141445 scontext=u:r:xsud:s0 tcontext=u:object_r:vendor_sysfs_battery_supply:s0 tclass=file permissive=1
08-13 13:57:29.724 22720 22720 I xsu_api : xsu_recv retry end
08-13 13:57:29.724 22720 22720 I xsu_api : ret=4, version=200, type=3, payload_size=0
08-13 13:57:29.724 22720 22720 I xsu_api : xsu_recv type and len
08-13 13:57:29.724 22720 22720 I xsu_api : header.type=3, header.payload_size=0, xsu_header_t=4
08-13 13:57:29.724 22720 22720 I xsu_api : xsu_recv type and len end
08-13 13:57:29.724 22720 22720 I xsu     : xsu_recv cmd end
08-13 13:57:29.724 22720 22720 I xsu     : end session!
08-13 13:57:29.780  1442  1625 I ANDR-PWR-OPT: PowerHelper: getNodeData() 196: FPS0.100000 FRAMECOUNT1
08-13 13:57:29.780  1442  1625 I ANDR-PWR-OPT: PowerHelper: getFps() 168: Returned fps value: 0.100000
08-13 13:57:29.783  1451  1717 I SDM     : DisplayBase::CommitThread: Received idle timeout, panel: video, timeout: 70000 us
08-13 13:57:29.803  1451  1717 I SDM     : HWDeviceDRM::SetupConcurrentWriteback: Tear down the Concurrent Writeback topology
08-13 13:57:29.874  1451  1717 I SDM     : DisplayBase::CommitThread: Received idle timeout, panel: video, timeout: 70000 us
08-13 13:57:30.068 22726 22726 I top     : type=1400 audit(0.0:2810712): avc:  denied  { read } for  name="pid_max" dev="proc" ino=5645342 scontext=u:r:system_app:s0 tcontext=u:object_r:proc_pid_max:s0 tclass=file permissive=1
08-13 13:57:30.068 22726 22726 I top     : type=1400 audit(0.0:2810713): avc:  denied  { open } for  path="/proc/sys/kernel/pid_max" dev="proc" ino=5645342 scontext=u:r:system_app:s0 tcontext=u:object_r:proc_pid_max:s0 tclass=file permissive=1
08-13 13:57:30.146 22670 22670 W HidlServiceManagement: Waited one second for vendor.qti.diaghal@1.0::Idiag/default
08-13 13:57:30.148   829   829 I hwservicemanager: Since vendor.qti.diaghal@1.0::Idiag/default is not registered, trying to start it as a lazy HAL (if it's not configured to be a lazy HAL, it may be stuck starting or still starting).
08-13 13:57:30.148 22670 22670 I HidlServiceManagement: getService: Trying again for vendor.qti.diaghal@1.0::Idiag/default...
08-13 13:57:30.151   829 22727 W libc    : Unable to set property "ctl.interface_start" to "vendor.qti.diaghal@1.0::Idiag/default": error code: 0x20
08-13 13:57:30.151   829 22727 I hwservicemanager: Tried to start vendor.qti.diaghal@1.0::Idiag/default as a lazy service, but was unable to. Usually this happens when a service is not installed, but if the service is intended to be used as a lazy service, then it may be configured incorrectly.
08-13 13:57:30.280  1442  1625 I ANDR-PWR-OPT: PowerHelper: getNodeData() 196: FPS0.600000 FRAMECOUNT4
08-13 13:57:30.280  1442  1625 I ANDR-PWR-OPT: PowerHelper: getFps() 168: Returned fps value: 0.600000
08-13 13:57:30.780  1442  1625 I ANDR-PWR-OPT: PowerHelper: getNodeData() 196: FPS2.800000 FRAMECOUNT3
08-13 13:57:30.780  1442  1625 I ANDR-PWR-OPT: PowerHelper: getFps() 168: Returned fps value: 2.800000
08-13 13:57:31.149 22670 22670 W HidlServiceManagement: Waited one second for vendor.qti.diaghal@1.0::Idiag/default
08-13 13:57:31.149   829   829 I hwservicemanager: Since vendor.qti.diaghal@1.0::Idiag/default is not registered, trying to start it as a lazy HAL (if it's not configured to be a lazy HAL, it may be stuck starting or still starting).
08-13 13:57:31.150 22670 22670 I HidlServiceManagement: getService: Trying again for vendor.qti.diaghal@1.0::Idiag/default...
08-13 13:57:31.152   829 22729 W libc    : Unable to set property "ctl.interface_start" to "vendor.qti.diaghal@1.0::Idiag/default": error code: 0x20
08-13 13:57:31.152   829 22729 I hwservicemanager: Tried to start vendor.qti.diaghal@1.0::Idiag/default as a lazy service, but was unable to. Usually this happens when a service is not installed, but if the service is intended to be used as a lazy service, then it may be configured incorrectly.
08-13 13:57:31.280  1442  1625 I ANDR-PWR-OPT: PowerHelper: getNodeData() 196: FPS0.000000 FRAMECOUNT0
08-13 13:57:31.280  1442  1625 I ANDR-PWR-OPT: PowerHelper: getFps() 168: Returned fps value: 0.000000
08-13 13:57:31.780  1442  1625 I ANDR-PWR-OPT: PowerHelper: getNodeData() 196: FPS0.000000 FRAMECOUNT0
08-13 13:57:31.780  1442  1625 I ANDR-PWR-OPT: PowerHelper: getFps() 168: Returned fps value: 0.000000
08-13 13:57:32.150 22670 22670 W HidlServiceManagement: Waited one second for vendor.qti.diaghal@1.0::Idiag/default
08-13 13:57:32.151   829   829 I hwservicemanager: Since vendor.qti.diaghal@1.0::Idiag/default is not registered, trying to start it as a lazy HAL (if it's not configured to be a lazy HAL, it may be stuck starting or still starting).
08-13 13:57:32.152 22670 22670 I HidlServiceManagement: getService: Trying again for vendor.qti.diaghal@1.0::Idiag/default...
08-13 13:57:32.154   829 22731 W libc    : Unable to set property "ctl.interface_start" to "vendor.qti.diaghal@1.0::Idiag/default": error code: 0x20
08-13 13:57:32.154   829 22731 I hwservicemanager: Tried to start vendor.qti.diaghal@1.0::Idiag/default as a lazy service, but was unable to. Usually this happens when a service is not installed, but if the service is intended to be used as a lazy service, then it may be configured incorrectly.
08-13 13:57:32.280  1442  1625 I ANDR-PWR-OPT: PowerHelper: getNodeData() 196: FPS0.000000 FRAMECOUNT0
08-13 13:57:32.280  1442  1625 I ANDR-PWR-OPT: PowerHelper: getFps() 168: Returned fps value: 0.000000
08-13 13:57:32.780  1442  1625 I ANDR-PWR-OPT: PowerHelper: getNodeData() 196: FPS0.000000 FRAMECOUNT0
08-13 13:57:32.780  1442  1625 I ANDR-PWR-OPT: PowerHelper: getFps() 168: Returned fps value: 0.000000
08-13 13:57:33.152 22670 22670 W HidlServiceManagement: Waited one second for vendor.qti.diaghal@1.0::Idiag/default
08-13 13:57:33.153   829   829 I hwservicemanager: Since vendor.qti.diaghal@1.0::Idiag/default is not registered, trying to start it as a lazy HAL (if it's not configured to be a lazy HAL, it may be stuck starting or still starting).
08-13 13:57:33.153 22670 22670 I HidlServiceManagement: getService: Trying again for vendor.qti.diaghal@1.0::Idiag/default...
08-13 13:57:33.155   829 22733 W libc    : Unable to set property "ctl.interface_start" to "vendor.qti.diaghal@1.0::Idiag/default": error code: 0x20
08-13 13:57:33.155   829 22733 I hwservicemanager: Tried to start vendor.qti.diaghal@1.0::Idiag/default as a lazy service, but was unable to. Usually this happens when a service is not installed, but if the service is intended to be used as a lazy service, then it may be configured incorrectly.
08-13 13:57:33.190 22734 22734 I xsu     : sending cmd:echo 76 > /sys/devices/platform/soc/soc:pwm-fan/hwmon/hwmon0/pwm1
08-13 13:57:33.190 22734 22734 I xsu     : sending cmd end:echo 76 > /sys/devices/platform/soc/soc:pwm-fan/hwmon/hwmon0/pwm1
08-13 13:57:33.190 22734 22734 I xsu     : free cmd end
08-13 13:57:33.190 22734 22734 I xsu     : xsu_recv cmd before
08-13 13:57:33.190 22734 22734 I xsu_api : xsu_recv memset enter
08-13 13:57:33.190 22734 22734 I xsu_api : xsu_recv memset end
08-13 13:57:33.190  1604 22735 I xsu_api : xsu_recv memset enter
08-13 13:57:33.191  1604 22735 I xsu_api : xsu_recv memset end
08-13 13:57:33.191  1604 22735 I xsu_api : xsu_recv retry end
08-13 13:57:33.191  1604 22735 I xsu_api : ret=4, version=200, type=0, payload_size=69
08-13 13:57:33.191  1604 22735 I xsu_api : xsu_recv type and len
08-13 13:57:33.191  1604 22735 I xsu_api : header.type=0, header.payload_size=69, xsu_header_t=4
08-13 13:57:33.191  1604 22735 I xsu_api : xsu_recv type and len end
08-13 13:57:33.191  1604 22735 I xsud    : handle comming cmd:echo 76 > /sys/devices/platform/soc/soc:pwm-fan/hwmon/hwmon0/pwm1
08-13 13:57:33.211 22734 22734 I xsu_api : xsu_recv retry end
08-13 13:57:33.211 22734 22734 I xsu_api : ret=4, version=200, type=3, payload_size=0
08-13 13:57:33.211 22734 22734 I xsu_api : xsu_recv type and len
08-13 13:57:33.211 22734 22734 I xsu_api : header.type=3, header.payload_size=0, xsu_header_t=4
08-13 13:57:33.212 22734 22734 I xsu_api : xsu_recv type and len end
08-13 13:57:33.212 22734 22734 I xsu     : xsu_recv cmd end
08-13 13:57:33.212 22734 22734 I xsu     : end session!
08-13 13:57:33.280  1442  1625 I ANDR-PWR-OPT: PowerHelper: getNodeData() 196: FPS0.000000 FRAMECOUNT0
08-13 13:57:33.280  1442  1625 I ANDR-PWR-OPT: PowerHelper: getFps() 168: Returned fps value: 0.000000
08-13 13:57:33.324 22732 22732 I top     : type=1400 audit(0.0:2810730): avc:  denied  { read } for  scontext=u:r:system_app:s0 tcontext=u:r:vendor_qspmsvc:s0 tclass=file permissive=1
08-13 13:57:33.332 22732 22732 I top     : type=1400 audit(0.0:2810731): avc:  denied  { getattr } for  path="/proc/1418" dev="proc" ino=5645344 scontext=u:r:system_app:s0 tcontext=u:r:hal_ir_default:s0 tclass=dir permissive=1
08-13 13:57:33.332 22732 22732 I top     : type=1400 audit(0.0:2810732): avc:  denied  { search } for  name="1418" dev="proc" ino=5645344 scontext=u:r:system_app:s0 tcontext=u:r:hal_ir_default:s0 tclass=dir permissive=1
08-13 13:57:33.332 22732 22732 I top     : type=1400 audit(0.0:2810733): avc:  denied  { getattr } for  path="/proc/1424" dev="proc" ino=5645345 scontext=u:r:system_app:s0 tcontext=u:r:hal_power_default:s0 tclass=dir permissive=1
08-13 13:57:33.332 22732 22732 I top     : type=1400 audit(0.0:2810734): avc:  denied  { search } for  name="1424" dev="proc" ino=5645345 scontext=u:r:system_app:s0 tcontext=u:r:hal_power_default:s0 tclass=dir permissive=1
08-13 13:57:33.780  1442  1625 I ANDR-PWR-OPT: PowerHelper: getNodeData() 196: FPS0.000000 FRAMECOUNT0
08-13 13:57:33.780  1442  1625 I ANDR-PWR-OPT: PowerHelper: getFps() 168: Returned fps value: 0.000000
08-13 13:57:33.950  1877  1877 I CNSS    : cnss_open_log_file: directory /data/vendor/wifi/wlan_logs/ created
08-13 13:57:34.154 22670 22670 W HidlServiceManagement: Waited one second for vendor.qti.diaghal@1.0::Idiag/default
08-13 13:57:34.155   829   829 I hwservicemanager: Since vendor.qti.diaghal@1.0::Idiag/default is not registered, trying to start it as a lazy HAL (if it's not configured to be a lazy HAL, it may be stuck starting or still starting).
08-13 13:57:34.156 22670 22670 I HidlServiceManagement: getService: Trying again for vendor.qti.diaghal@1.0::Idiag/default...
08-13 13:57:34.158   829 22738 W libc    : Unable to set property "ctl.interface_start" to "vendor.qti.diaghal@1.0::Idiag/default": error code: 0x20
08-13 13:57:34.158   829 22738 I hwservicemanager: Tried to start vendor.qti.diaghal@1.0::Idiag/default as a lazy service, but was unable to. Usually this happens when a service is not installed, but if the service is intended to be used as a lazy service, then it may be configured incorrectly.
08-13 13:57:34.280  1442  1625 I ANDR-PWR-OPT: PowerHelper: getNodeData() 196: FPS0.000000 FRAMECOUNT0
08-13 13:57:34.280  1442  1625 I ANDR-PWR-OPT: PowerHelper: getFps() 168: Returned fps value: 0.000000
08-13 13:57:34.780  1442  1625 I ANDR-PWR-OPT: PowerHelper: getNodeData() 196: FPS0.000000 FRAMECOUNT0
08-13 13:57:34.780  1442  1625 I ANDR-PWR-OPT: PowerHelper: getFps() 168: Returned fps value: 0.000000
08-13 13:57:35.012  3855  3855 I DefaultDispatch: type=1400 audit(0.0:2810736): avc:  denied  { getattr } for  path="/dev/ttyHS5" dev="tmpfs" ino=1141 scontext=u:r:system_app:s0 tcontext=u:object_r:device:s0 tclass=chr_file permissive=1
08-13 13:57:35.068 22739 22739 I top     : type=1400 audit(0.0:2810737): avc:  denied  { read } for  scontext=u:r:system_app:s0 tcontext=u:r:vendor_qesdsect:s0 tclass=file permissive=1
08-13 13:57:35.072 22739 22739 I top     : type=1400 audit(0.0:2810738): avc:  denied  { open } for  path="/proc/1445/stat" dev="proc" ino=5645405 scontext=u:r:system_app:s0 tcontext=u:r:vendor_qesdsect:s0 tclass=file permissive=1
08-13 13:57:35.156 22670 22670 W HidlServiceManagement: Waited one second for vendor.qti.diaghal@1.0::Idiag/default
08-13 13:57:35.156   829   829 I hwservicemanager: Since vendor.qti.diaghal@1.0::Idiag/default is not registered, trying to start it as a lazy HAL (if it's not configured to be a lazy HAL, it may be stuck starting or still starting).
08-13 13:57:35.157 22670 22670 I HidlServiceManagement: getService: Trying again for vendor.qti.diaghal@1.0::Idiag/default...
08-13 13:57:35.159   829 22740 W libc    : Unable to set property "ctl.interface_start" to "vendor.qti.diaghal@1.0::Idiag/default": error code: 0x20
08-13 13:57:35.160   829 22740 I hwservicemanager: Tried to start vendor.qti.diaghal@1.0::Idiag/default as a lazy service, but was unable to. Usually this happens when a service is not installed, but if the service is intended to be used as a lazy service, then it may be configured incorrectly.
08-13 13:57:35.280  1442  1625 I ANDR-PWR-OPT: PowerHelper: getNodeData() 196: FPS0.000000 FRAMECOUNT0
08-13 13:57:35.280  1442  1625 I ANDR-PWR-OPT: PowerHelper: getFps() 168: Returned fps value: 0.000000
08-13 13:57:35.780  1442  1625 I ANDR-PWR-OPT: PowerHelper: getNodeData() 196: FPS0.000000 FRAMECOUNT0
08-13 13:57:35.780  1442  1625 I ANDR-PWR-OPT: PowerHelper: getFps() 168: Returned fps value: 0.000000
08-13 13:57:36.157 22670 22670 W HidlServiceManagement: Waited one second for vendor.qti.diaghal@1.0::Idiag/default
08-13 13:57:36.158   829   829 I hwservicemanager: Since vendor.qti.diaghal@1.0::Idiag/default is not registered, trying to start it as a lazy HAL (if it's not configured to be a lazy HAL, it may be stuck starting or still starting).
08-13 13:57:36.159 22670 22670 I HidlServiceManagement: getService: Trying again for vendor.qti.diaghal@1.0::Idiag/default...
08-13 13:57:36.160   829 22742 W libc    : Unable to set property "ctl.interface_start" to "vendor.qti.diaghal@1.0::Idiag/default": error code: 0x20
08-13 13:57:36.161   829 22742 I hwservicemanager: Tried to start vendor.qti.diaghal@1.0::Idiag/default as a lazy service, but was unable to. Usually this happens when a service is not installed, but if the service is intended to be used as a lazy service, then it may be configured incorrectly.
08-13 13:57:36.280  1442  1625 I ANDR-PWR-OPT: PowerHelper: getNodeData() 196: FPS0.000000 FRAMECOUNT0
08-13 13:57:36.280  1442  1625 I ANDR-PWR-OPT: PowerHelper: getFps() 168: Returned fps value: 0.000000
08-13 13:57:36.780  1442  1625 I ANDR-PWR-OPT: PowerHelper: getNodeData() 196: FPS0.000000 FRAMECOUNT0
08-13 13:57:36.780  1442  1625 I ANDR-PWR-OPT: PowerHelper: getFps() 168: Returned fps value: 0.000000
08-13 13:57:37.161 22670 22670 W HidlServiceManagement: Waited one second for vendor.qti.diaghal@1.0::Idiag/default
08-13 13:57:37.162   829   829 I hwservicemanager: Since vendor.qti.diaghal@1.0::Idiag/default is not registered, trying to start it as a lazy HAL (if it's not configured to be a lazy HAL, it may be stuck starting or still starting).
08-13 13:57:37.162 22670 22670 I HidlServiceManagement: getService: Trying again for vendor.qti.diaghal@1.0::Idiag/default...
08-13 13:57:37.164   829 22744 W libc    : Unable to set property "ctl.interface_start" to "vendor.qti.diaghal@1.0::Idiag/default": error code: 0x20
08-13 13:57:37.164   829 22744 I hwservicemanager: Tried to start vendor.qti.diaghal@1.0::Idiag/default as a lazy service, but was unable to. Usually this happens when a service is not installed, but if the service is intended to be used as a lazy service, then it may be configured incorrectly.
08-13 13:57:37.280  1442  1625 I ANDR-PWR-OPT: PowerHelper: getNodeData() 196: FPS0.000000 FRAMECOUNT0
08-13 13:57:37.280  1442  1625 I ANDR-PWR-OPT: PowerHelper: getFps() 168: Returned fps value: 0.000000
08-13 13:57:37.324 22743 22743 I top     : type=1400 audit(0.0:2810739): avc:  denied  { read } for  scontext=u:r:system_app:s0 tcontext=u:r:vendor_hal_poweroptservice_qti:s0 tclass=file permissive=1
08-13 13:57:37.324 22743 22743 I top     : type=1400 audit(0.0:2810740): avc:  denied  { read } for  scontext=u:r:system_app:s0 tcontext=u:r:vendor_hal_qesdhal_default:s0 tclass=file permissive=1
08-13 13:57:37.328 22743 22743 I top     : type=1400 audit(0.0:2810741): avc:  denied  { open } for  path="/proc/1442/stat" dev="proc" ino=5645397 scontext=u:r:system_app:s0 tcontext=u:r:vendor_hal_poweroptservice_qti:s0 tclass=file permissive=1
08-13 13:57:37.328 22743 22743 I top     : type=1400 audit(0.0:2810742): avc:  denied  { open } for  path="/proc/1444/stat" dev="proc" ino=5645401 scontext=u:r:system_app:s0 tcontext=u:r:vendor_hal_qesdhal_default:s0 tclass=file permissive=1
08-13 13:57:37.328 22743 22743 I top     : type=1400 audit(0.0:2810743): avc:  denied  { getattr } for  path="/proc/1903" dev="proc" ino=5640012 scontext=u:r:system_app:s0 tcontext=u:r:vendor_perfservice:s0 tclass=dir permissive=1
08-13 13:57:37.328 22743 22743 I top     : type=1400 audit(0.0:2810744): avc:  denied  { search } for  name="1903" dev="proc" ino=5640012 scontext=u:r:system_app:s0 tcontext=u:r:vendor_perfservice:s0 tclass=dir permissive=1
08-13 13:57:37.328 22743 22743 I top     : type=1400 audit(0.0:2810745): avc:  denied  { read } for  name="stat" dev="proc" ino=4026532011 scontext=u:r:system_app:s0 tcontext=u:object_r:proc_stat:s0 tclass=file permissive=1
08-13 13:57:37.780  1442  1625 I ANDR-PWR-OPT: PowerHelper: getNodeData() 196: FPS0.000000 FRAMECOUNT0
08-13 13:57:37.780  1442  1625 I ANDR-PWR-OPT: PowerHelper: getFps() 168: Returned fps value: 0.000000
08-13 13:57:38.163 22670 22670 W HidlServiceManagement: Waited one second for vendor.qti.diaghal@1.0::Idiag/default
08-13 13:57:38.163   829   829 I hwservicemanager: Since vendor.qti.diaghal@1.0::Idiag/default is not registered, trying to start it as a lazy HAL (if it's not configured to be a lazy HAL, it may be stuck starting or still starting).
08-13 13:57:38.164 22670 22670 I HidlServiceManagement: getService: Trying again for vendor.qti.diaghal@1.0::Idiag/default...
08-13 13:57:38.166   829 22746 W libc    : Unable to set property "ctl.interface_start" to "vendor.qti.diaghal@1.0::Idiag/default": error code: 0x20
08-13 13:57:38.166   829 22746 I hwservicemanager: Tried to start vendor.qti.diaghal@1.0::Idiag/default as a lazy service, but was unable to. Usually this happens when a service is not installed, but if the service is intended to be used as a lazy service, then it may be configured incorrectly.
08-13 13:57:38.242 22747 22747 I xsu     : sending cmd:echo 76 > /sys/devices/platform/soc/soc:pwm-fan/hwmon/hwmon0/pwm1
08-13 13:57:38.243 22747 22747 I xsu     : sending cmd end:echo 76 > /sys/devices/platform/soc/soc:pwm-fan/hwmon/hwmon0/pwm1
08-13 13:57:38.243 22747 22747 I xsu     : free cmd end
08-13 13:57:38.243 22747 22747 I xsu     : xsu_recv cmd before
08-13 13:57:38.243 22747 22747 I xsu_api : xsu_recv memset enter
08-13 13:57:38.243 22747 22747 I xsu_api : xsu_recv memset end
08-13 13:57:38.243  1604 22748 I xsu_api : xsu_recv memset enter
08-13 13:57:38.243  1604 22748 I xsu_api : xsu_recv memset end
08-13 13:57:38.243  1604 22748 I xsu_api : xsu_recv retry end
08-13 13:57:38.243  1604 22748 I xsu_api : ret=4, version=200, type=0, payload_size=69
08-13 13:57:38.243  1604 22748 I xsu_api : xsu_recv type and len
08-13 13:57:38.243  1604 22748 I xsu_api : header.type=0, header.payload_size=69, xsu_header_t=4
08-13 13:57:38.243  1604 22748 I xsu_api : xsu_recv type and len end
08-13 13:57:38.243  1604 22748 I xsud    : handle comming cmd:echo 76 > /sys/devices/platform/soc/soc:pwm-fan/hwmon/hwmon0/pwm1
08-13 13:57:38.260 22747 22747 I xsu_api : xsu_recv retry end
08-13 13:57:38.260 22747 22747 I xsu_api : ret=4, version=200, type=3, payload_size=0
08-13 13:57:38.260 22747 22747 I xsu_api : xsu_recv type and len
08-13 13:57:38.260 22747 22747 I xsu_api : header.type=3, header.payload_size=0, xsu_header_t=4
08-13 13:57:38.261 22747 22747 I xsu_api : xsu_recv type and len end
08-13 13:57:38.261 22747 22747 I xsu     : xsu_recv cmd end
08-13 13:57:38.261 22747 22747 I xsu     : end session!
08-13 13:57:38.280  1442  1625 I ANDR-PWR-OPT: PowerHelper: getNodeData() 196: FPS0.000000 FRAMECOUNT0
08-13 13:57:38.280  1442  1625 I ANDR-PWR-OPT: PowerHelper: getFps() 168: Returned fps value: 0.000000
08-13 13:57:38.332 22745 22745 I top     : type=1400 audit(0.0:2810748): avc:  denied  { getattr } for  path="/proc/1398" dev="proc" ino=5639982 scontext=u:r:system_app:s0 tcontext=u:r:hal_allocator_default:s0 tclass=dir permissive=1
08-13 13:57:38.332 22745 22745 I top     : type=1400 audit(0.0:2810749): avc:  denied  { search } for  name="1398" dev="proc" ino=5639982 scontext=u:r:system_app:s0 tcontext=u:r:hal_allocator_default:s0 tclass=dir permissive=1
08-13 13:57:38.780  1442  1625 I ANDR-PWR-OPT: PowerHelper: getNodeData() 196: FPS0.000000 FRAMECOUNT0
08-13 13:57:38.780  1442  1625 I ANDR-PWR-OPT: PowerHelper: getFps() 168: Returned fps value: 0.000000
08-13 13:57:39.164 22670 22670 W HidlServiceManagement: Waited one second for vendor.qti.diaghal@1.0::Idiag/default
08-13 13:57:39.165   829   829 I hwservicemanager: Since vendor.qti.diaghal@1.0::Idiag/default is not registered, trying to start it as a lazy HAL (if it's not configured to be a lazy HAL, it may be stuck starting or still starting).
08-13 13:57:39.166 22670 22670 I HidlServiceManagement: getService: Trying again for vendor.qti.diaghal@1.0::Idiag/default...
08-13 13:57:39.168   829 22751 W libc    : Unable to set property "ctl.interface_start" to "vendor.qti.diaghal@1.0::Idiag/default": error code: 0x20
08-13 13:57:39.168   829 22751 I hwservicemanager: Tried to start vendor.qti.diaghal@1.0::Idiag/default as a lazy service, but was unable to. Usually this happens when a service is not installed, but if the service is intended to be used as a lazy service, then it may be configured incorrectly.
08-13 13:57:39.280  1442  1625 I ANDR-PWR-OPT: PowerHelper: getNodeData() 196: FPS0.000000 FRAMECOUNT0
08-13 13:57:39.280  1442  1625 I ANDR-PWR-OPT: PowerHelper: getFps() 168: Returned fps value: 0.000000
08-13 13:57:39.780  1442  1625 I ANDR-PWR-OPT: PowerHelper: getNodeData() 196: FPS0.000000 FRAMECOUNT0
08-13 13:57:39.780  1442  1625 I ANDR-PWR-OPT: PowerHelper: getFps() 168: Returned fps value: 0.000000
08-13 13:57:40.052 22752 22752 I top     : type=1400 audit(0.0:2810750): avc:  denied  { read } for  scontext=u:r:system_app:s0 tcontext=u:r:vendor_hal_spu_qti:s0 tclass=file permissive=1
08-13 13:57:40.056 22752 22752 I top     : type=1400 audit(0.0:2810751): avc:  denied  { open } for  path="/proc/1438/stat" dev="proc" ino=5645385 scontext=u:r:system_app:s0 tcontext=u:r:vendor_hal_spu_qti:s0 tclass=file permissive=1
08-13 13:57:40.141  1451  1717 I SDM     : DisplayBase::CommitThread: Received idle timeout, panel: video, timeout: 70000 us
08-13 13:57:40.161  1451  1717 I SDM     : HWDeviceDRM::SetupConcurrentWriteback: Tear down the Concurrent Writeback topology
08-13 13:57:40.166 22670 22670 W HidlServiceManagement: Waited one second for vendor.qti.diaghal@1.0::Idiag/default
08-13 13:57:40.167   829   829 I hwservicemanager: Since vendor.qti.diaghal@1.0::Idiag/default is not registered, trying to start it as a lazy HAL (if it's not configured to be a lazy HAL, it may be stuck starting or still starting).
08-13 13:57:40.168 22670 22670 I HidlServiceManagement: getService: Trying again for vendor.qti.diaghal@1.0::Idiag/default...
08-13 13:57:40.171   829 22756 W libc    : Unable to set property "ctl.interface_start" to "vendor.qti.diaghal@1.0::Idiag/default": error code: 0x20
08-13 13:57:40.171   829 22756 I hwservicemanager: Tried to start vendor.qti.diaghal@1.0::Idiag/default as a lazy service, but was unable to. Usually this happens when a service is not installed, but if the service is intended to be used as a lazy service, then it may be configured incorrectly.
08-13 13:57:40.233  1451  1717 I SDM     : DisplayBase::CommitThread: Received idle timeout, panel: video, timeout: 70000 us
08-13 13:57:40.280  1442  1625 I ANDR-PWR-OPT: PowerHelper: getNodeData() 196: FPS0.300000 FRAMECOUNT4
08-13 13:57:40.280  1442  1625 I ANDR-PWR-OPT: PowerHelper: getFps() 168: Returned fps value: 0.300000
08-13 13:57:40.780  1442  1625 I ANDR-PWR-OPT: PowerHelper: getNodeData() 196: FPS0.300000 FRAMECOUNT4
08-13 13:57:40.780  1442  1625 I ANDR-PWR-OPT: PowerHelper: getFps() 168: Returned fps value: 0.300000
08-13 13:57:40.859  2312  9637 D InputDispatcher: mergeMotionEntryLocked - original entry: MotionEvent
08-13 13:57:40.859  2312  9637 D InputDispatcher: mergeMotionEntryLocked - mRealTouchInputDeviceId=5, mRealTouchInputSource=53250
08-13 13:57:40.859  2312  9637 D InputDispatcher: mergeMotionEntryLocked - do not need merge
08-13 13:57:40.861  2312  9637 D InputDispatcher: mergeMotionEntryLocked - original entry: MotionEvent
08-13 13:57:40.861  2312  9637 D InputDispatcher: mergeMotionEntryLocked - mRealTouchInputDeviceId=5, mRealTouchInputSource=53250
08-13 13:57:40.861  2312  9637 D InputDispatcher: mergeMotionEntryLocked - do not need merge
08-13 13:57:40.861  2312  9637 D InputDispatcher: resetMergeMotionEntryLocked
08-13 13:57:40.863 22499 22523 I WinlatorXRequest: seq=828 opcode=40 data=0 bytes=12
08-13 13:57:40.864 22499 22523 I WinlatorXRequest: seq=829 opcode=40 data=0 bytes=12
08-13 13:57:40.866 22499 22523 I WinlatorXRequest: seq=830 opcode=40 data=0 bytes=12
08-13 13:57:40.867 22499 22523 I WinlatorXRequest: seq=831 opcode=18 data=0 bytes=24
08-13 13:57:40.867 22499 22523 I WinlatorXRequest: seq=832 opcode=42 data=2 bytes=8
08-13 13:57:40.868 22499 22523 I WinlatorXRequest: seq=833 opcode=43 data=0 bytes=0
08-13 13:57:40.868 22499 22523 I WinlatorXRequest: seq=834 opcode=18 data=0 bytes=24
08-13 13:57:40.869 22499 22523 I WinlatorXRequest: seq=835 opcode=40 data=0 bytes=12
08-13 13:57:40.871 22499 22523 I WinlatorXRequest: seq=836 opcode=18 data=0 bytes=24
08-13 13:57:40.871 22499 22523 I WinlatorXRequest: seq=837 opcode=42 data=2 bytes=8
08-13 13:57:40.871 22499 22523 I WinlatorXRequest: seq=838 opcode=43 data=0 bytes=0
08-13 13:57:40.871 22499 22523 I WinlatorXRequest: seq=839 opcode=18 data=0 bytes=24
08-13 13:57:40.871 22499 22523 I WinlatorXRequest: seq=840 opcode=40 data=0 bytes=12
08-13 13:57:40.872 22499 22523 I WinlatorXRequest: seq=841 opcode=40 data=0 bytes=12
08-13 13:57:40.872 22499 22523 I WinlatorXRequest: seq=842 opcode=40 data=0 bytes=12
08-13 13:57:40.872 22499 22523 I WinlatorXRequest: seq=843 opcode=40 data=0 bytes=12
08-13 13:57:40.872 22499 22523 I WinlatorXRequest: seq=844 opcode=40 data=0 bytes=12
08-13 13:57:40.873 22499 22523 I WinlatorXRequest: seq=845 opcode=40 data=0 bytes=12
08-13 13:57:40.873 22499 22523 I WinlatorXRequest: seq=846 opcode=40 data=0 bytes=12
08-13 13:57:40.873 22499 22523 I WinlatorXRequest: seq=847 opcode=40 data=0 bytes=12
08-13 13:57:40.874 22499 22523 I WinlatorXRequest: seq=848 opcode=40 data=0 bytes=12
08-13 13:57:40.874 22499 22523 I WinlatorXRequest: seq=849 opcode=40 data=0 bytes=12
08-13 13:57:40.874 22499 22523 I WinlatorXRequest: seq=850 opcode=40 data=0 bytes=12
08-13 13:57:40.875 22499 22523 I WinlatorXRequest: seq=851 opcode=40 data=0 bytes=12
08-13 13:57:40.876 22499 22523 I WinlatorXRequest: seq=852 opcode=40 data=0 bytes=12
08-13 13:57:40.876 22499 22523 I WinlatorXRequest: seq=853 opcode=40 data=0 bytes=12
08-13 13:57:40.877 22499 22523 I WinlatorXRequest: seq=854 opcode=40 data=0 bytes=12
08-13 13:57:40.878 22499 22523 I WinlatorXRequest: seq=855 opcode=40 data=0 bytes=12
08-13 13:57:40.878 22499 22523 I WinlatorXRequest: seq=856 opcode=40 data=0 bytes=12
08-13 13:57:40.879 22499 22523 I WinlatorXRequest: seq=857 opcode=40 data=0 bytes=12
08-13 13:57:40.879 22499 22523 I WinlatorXRequest: seq=858 opcode=10 data=0 bytes=4
08-13 13:57:40.880 22499 22523 I WinlatorXRequest: seq=859 opcode=25 data=0 bytes=40
08-13 13:57:40.880 22499 22523 I WinlatorXRequest: seq=860 opcode=38 data=0 bytes=4
08-13 13:57:40.880 22499 22523 I WinlatorXRequest: seq=861 opcode=40 data=0 bytes=12
08-13 13:57:40.881 22499 22523 I WinlatorXRequest: seq=862 opcode=40 data=0 bytes=12
08-13 13:57:40.881 22499 22523 I WinlatorXRequest: seq=863 opcode=40 data=0 bytes=12
08-13 13:57:40.888 22531 22531 I wps     : type=1400 audit(0.0:2810752): avc:  denied  { link } for  name="#302600" dev="dm-53" ino=302600 scontext=u:r:untrusted_app_27:s0:c194,c256,c512,c768 tcontext=u:object_r:app_data_file:s0:c194,c256,c512,c768 tclass=file permissive=1 app=io.taowen.bx
08-13 13:57:40.894 22499 22523 I WinlatorXRequest: seq=864 opcode=155 data=2 bytes=4
08-13 13:57:40.895 22499 22523 I WinlatorXRequest: seq=865 opcode=43 data=0 bytes=0
08-13 13:57:40.901 22499 22523 I WinlatorXRequest: seq=866 opcode=60 data=0 bytes=4
08-13 13:57:40.901 22499 22523 I WinlatorXRequest: seq=867 opcode=54 data=0 bytes=4
08-13 13:57:40.901 22499 22523 I WinlatorXRequest: seq=868 opcode=4 data=0 bytes=4
08-13 13:57:40.901 22499 22523 I WinlatorXRequest: seq=869 opcode=43 data=0 bytes=0
08-13 13:57:40.902 22499 22523 I WinlatorXRequest: seq=870 opcode=16 data=0 bytes=20
08-13 13:57:40.902 22499 22523 I WinlatorXRequest: seq=871 opcode=20 data=0 bytes=20
08-13 13:57:40.902 22499 22523 I WinlatorXRequest: seq=872 opcode=16 data=0 bytes=24
08-13 13:57:40.902 22499 22523 I WinlatorXRequest: seq=873 opcode=25 data=0 bytes=40
08-13 13:57:40.902 22499 22523 I WinlatorXRequest: seq=874 opcode=12 data=0 bytes=12
08-13 13:57:40.903 22499 22523 I WinlatorXRequest: seq=875 opcode=8 data=0 bytes=4
08-13 13:57:40.903 22499 22523 I WinlatorXRequest: seq=876 opcode=43 data=0 bytes=0
08-13 13:57:40.912 22499 22523 I WinlatorXRequest: seq=877 opcode=42 data=0 bytes=8
08-13 13:57:40.912 22499 22523 I WinlatorXRequest: seq=878 opcode=40 data=0 bytes=12
08-13 13:57:40.914 22499 22523 I WinlatorXRequest: seq=879 opcode=40 data=0 bytes=12
08-13 13:57:40.914 22499 22523 I WinlatorXRequest: seq=880 opcode=40 data=0 bytes=12
08-13 13:57:40.914 22499 22523 I WinlatorXRequest: seq=881 opcode=40 data=0 bytes=12
08-13 13:57:40.914 22499 22523 I WinlatorXRequest: seq=882 opcode=40 data=0 bytes=12
08-13 13:57:40.917 22499 22523 I WinlatorXRequest: seq=883 opcode=40 data=0 bytes=12
08-13 13:57:40.917 22499 22523 I WinlatorXRequest: seq=884 opcode=40 data=0 bytes=12
08-13 13:57:40.917 22499 22523 I WinlatorXRequest: seq=885 opcode=40 data=0 bytes=12
08-13 13:57:40.918 22499 22523 I WinlatorXRequest: seq=886 opcode=40 data=0 bytes=12
08-13 13:57:40.918 22499 22523 I WinlatorXRequest: seq=887 opcode=40 data=0 bytes=12
08-13 13:57:40.918 22499 22523 I WinlatorXRequest: seq=888 opcode=40 data=0 bytes=12
08-13 13:57:40.918 22499 22523 I WinlatorXRequest: seq=889 opcode=40 data=0 bytes=12
08-13 13:57:40.919 22499 22523 I WinlatorXRequest: seq=890 opcode=40 data=0 bytes=12
08-13 13:57:40.919 22499 22523 I WinlatorXRequest: seq=891 opcode=40 data=0 bytes=12
08-13 13:57:40.919 22499 22523 I WinlatorXRequest: seq=892 opcode=40 data=0 bytes=12
08-13 13:57:40.921 22499 22523 I WinlatorXRequest: seq=893 opcode=40 data=0 bytes=12
08-13 13:57:40.922 22499 22523 I WinlatorXRequest: seq=894 opcode=18 data=0 bytes=56
08-13 13:57:40.931 22499 22523 I WinlatorXRequest: seq=895 opcode=18 data=0 bytes=56
08-13 13:57:40.934 22499 22523 I WinlatorXRequest: seq=896 opcode=18 data=0 bytes=92
08-13 13:57:40.934 22499 22523 I WinlatorXRequest: seq=897 opcode=18 data=0 bytes=92
08-13 13:57:40.934 22499 22523 I WinlatorXRequest: seq=898 opcode=40 data=0 bytes=12
08-13 13:57:40.934 22499 22523 I WinlatorXRequest: seq=899 opcode=40 data=0 bytes=12
08-13 13:57:40.934 22499 22523 I WinlatorXRequest: seq=900 opcode=40 data=0 bytes=12
08-13 13:57:40.934 22499 22523 I WinlatorXRequest: seq=901 opcode=40 data=0 bytes=12
08-13 13:57:40.934 22499 22523 I WinlatorXRequest: seq=902 opcode=40 data=0 bytes=12
08-13 13:57:40.934 22499 22523 I WinlatorXRequest: seq=903 opcode=40 data=0 bytes=12
08-13 13:57:40.935 22499 22523 I WinlatorXRequest: seq=904 opcode=40 data=0 bytes=12
08-13 13:57:40.935 22499 22523 I WinlatorXRequest: seq=905 opcode=40 data=0 bytes=12
08-13 13:57:40.935 22499 22523 I WinlatorXRequest: seq=906 opcode=40 data=0 bytes=12
08-13 13:57:40.935 22499 22523 I WinlatorXRequest: seq=907 opcode=40 data=0 bytes=12
08-13 13:57:40.964 22499 22523 I WinlatorXRequest: seq=908 opcode=43 data=0 bytes=0
08-13 13:57:40.969 22499 22523 I WinlatorXRequest: seq=909 opcode=60 data=0 bytes=4
08-13 13:57:40.969 22499 22523 I WinlatorXRequest: seq=910 opcode=55 data=0 bytes=16
08-13 13:57:40.969 22499 22523 I WinlatorXRequest: seq=911 opcode=59 data=3 bytes=16
08-13 13:57:40.969 22499 22523 I WinlatorXRequest: seq=912 opcode=155 data=3 bytes=36
08-13 13:57:40.969 22499 22523 I WinlatorXRequest: seq=913 opcode=56 data=0 bytes=12
08-13 13:57:40.969 22499 22523 I WinlatorXRequest: seq=914 opcode=60 data=0 bytes=4
08-13 13:57:40.969 22499 22523 I WinlatorXRequest: seq=915 opcode=55 data=0 bytes=16
08-13 13:57:40.969 22499 22523 I WinlatorXRequest: seq=916 opcode=59 data=3 bytes=16
08-13 13:57:40.969 22499 22523 I WinlatorXRequest: seq=917 opcode=155 data=3 bytes=36
08-13 13:57:40.970 22499 22523 I WinlatorXRequest: seq=918 opcode=56 data=0 bytes=12
08-13 13:57:40.975 22499 22523 I WinlatorXRequest: seq=919 opcode=43 data=0 bytes=0
08-13 13:57:40.976 22499 22523 I WinlatorXRequest: seq=920 opcode=60 data=0 bytes=4
08-13 13:57:40.976 22499 22523 I WinlatorXRequest: seq=921 opcode=55 data=0 bytes=16
08-13 13:57:40.976 22499 22523 I WinlatorXRequest: seq=922 opcode=59 data=3 bytes=48
08-13 13:57:40.976 22499 22523 I WinlatorXRequest: seq=923 opcode=155 data=3 bytes=36
08-13 13:57:40.976 22499 22523 I WinlatorXRequest: seq=924 opcode=155 data=3 bytes=36
08-13 13:57:40.976 22499 22523 I WinlatorXRequest: seq=925 opcode=155 data=3 bytes=36
08-13 13:57:40.976 22499 22523 I WinlatorXRequest: seq=926 opcode=155 data=3 bytes=36
08-13 13:57:40.976 22499 22523 I WinlatorXRequest: seq=927 opcode=155 data=3 bytes=36
08-13 13:57:40.976 22499 22523 I WinlatorXRequest: seq=928 opcode=56 data=0 bytes=12
08-13 13:57:40.976 22499 22523 I WinlatorXRequest: seq=929 opcode=60 data=0 bytes=4
08-13 13:57:40.976 22499 22523 I WinlatorXRequest: seq=930 opcode=55 data=0 bytes=16
08-13 13:57:40.976 22499 22523 I WinlatorXRequest: seq=931 opcode=59 data=3 bytes=48
08-13 13:57:40.976 22499 22523 I WinlatorXRequest: seq=932 opcode=155 data=3 bytes=36
08-13 13:57:40.980 22499 22523 I WinlatorXRequest: seq=933 opcode=155 data=3 bytes=36
08-13 13:57:40.980 22499 22523 I WinlatorXRequest: seq=934 opcode=155 data=3 bytes=36
08-13 13:57:40.980 22499 22523 I WinlatorXRequest: seq=935 opcode=155 data=3 bytes=36
08-13 13:57:40.980 22499 22523 I WinlatorXRequest: seq=936 opcode=155 data=3 bytes=36
08-13 13:57:40.980 22499 22523 I WinlatorXRequest: seq=937 opcode=56 data=0 bytes=12
08-13 13:57:40.982  1451  1717 I SDM     : DisplayBase::CommitThread: Received idle timeout, panel: video, timeout: 70000 us
08-13 13:57:40.985 22499 22523 I WinlatorXRequest: seq=938 opcode=18 data=0 bytes=56
08-13 13:57:40.985 22499 22523 I WinlatorXRequest: seq=939 opcode=18 data=0 bytes=56
08-13 13:57:40.985 22499 22523 I WinlatorXRequest: seq=940 opcode=18 data=0 bytes=20
08-13 13:57:40.985 22499 22523 I WinlatorXRequest: seq=941 opcode=18 data=0 bytes=28
08-13 13:57:40.985 22499 22523 I WinlatorXRequest: seq=942 opcode=18 data=0 bytes=28
08-13 13:57:40.985 22499 22523 I WinlatorXRequest: seq=943 opcode=18 data=0 bytes=28
08-13 13:57:40.985 22499 22523 I WinlatorXRequest: seq=944 opcode=18 data=0 bytes=28
08-13 13:57:40.985 22499 22523 I WinlatorXRequest: seq=945 opcode=18 data=0 bytes=20
08-13 13:57:40.985 22499 22523 I WinlatorXRequest: seq=946 opcode=18 data=0 bytes=28
08-13 13:57:40.985 22499 22523 I WinlatorXRequest: seq=947 opcode=18 data=0 bytes=28
08-13 13:57:40.985 22499 22523 I WinlatorXRequest: seq=948 opcode=18 data=0 bytes=20
08-13 13:57:40.985 22499 22523 I WinlatorXRequest: seq=949 opcode=18 data=0 bytes=28
08-13 13:57:40.985 22499 22523 I WinlatorXRequest: seq=950 opcode=18 data=0 bytes=28
08-13 13:57:40.985 22499 22523 I WinlatorXRequest: seq=951 opcode=18 data=0 bytes=20
08-13 13:57:40.986 22499 22523 I WinlatorXRequest: seq=952 opcode=18 data=0 bytes=56
08-13 13:57:40.986 22499 22523 I WinlatorXRequest: seq=953 opcode=18 data=0 bytes=56
08-13 13:57:40.986 22499 22523 I WinlatorXRequest: seq=954 opcode=18 data=0 bytes=28
08-13 13:57:40.986 22499 22523 I WinlatorXRequest: seq=955 opcode=18 data=0 bytes=28
08-13 13:57:40.986 22499 22523 I WinlatorXRequest: seq=956 opcode=18 data=0 bytes=56
08-13 13:57:41.002  1451  1717 I SDM     : HWDeviceDRM::SetupConcurrentWriteback: Tear down the Concurrent Writeback topology
08-13 13:57:41.068 22766 22766 I top     : type=1400 audit(0.0:2810753): avc:  denied  { read } for  scontext=u:r:system_app:s0 tcontext=u:r:hal_fingerprint_default:s0 tclass=file permissive=1
08-13 13:57:41.068 22766 22766 I top     : type=1400 audit(0.0:2810754): avc:  denied  { read } for  scontext=u:r:system_app:s0 tcontext=u:r:vendor_hal_capabilityconfigstore_qti_default:s0 tclass=file permissive=1
08-13 13:57:41.068 22766 22766 I top     : type=1400 audit(0.0:2810755): avc:  denied  { read } for  scontext=u:r:system_app:s0 tcontext=u:r:hal_light_default:s0 tclass=file permissive=1
08-13 13:57:41.068 22766 22766 I top     : type=1400 audit(0.0:2810756): avc:  denied  { read } for  scontext=u:r:system_app:s0 tcontext=u:r:vendor_qwesd:s0 tclass=file permissive=1
08-13 13:57:41.072 22766 22766 I top     : type=1400 audit(0.0:2810757): avc:  denied  { getattr } for  path="/proc/1112" dev="proc" ino=5642534 scontext=u:r:system_app:s0 tcontext=u:r:vendor_hal_keymint_spu_qti:s0 tclass=dir permissive=1
08-13 13:57:41.082  1451  1717 I SDM     : DisplayBase::CommitThread: Received idle timeout, panel: video, timeout: 70000 us
08-13 13:57:41.101 22499 22523 I WinlatorXRequest: seq=957 opcode=18 data=0 bytes=56
08-13 13:57:41.101 22499 22523 I WinlatorXRequest: seq=958 opcode=4 data=0 bytes=4
08-13 13:57:41.101 22499 22523 I WinlatorXRequest: seq=959 opcode=79 data=0 bytes=4
08-13 13:57:41.101 22499 22523 I WinlatorXRequest: seq=960 opcode=40 data=0 bytes=12
08-13 13:57:41.102 22499 22523 I WinlatorXRequest: seq=961 opcode=40 data=0 bytes=12
08-13 13:57:41.102 22499 22523 I WinlatorXRequest: seq=962 opcode=40 data=0 bytes=12
08-13 13:57:41.102 22499 22523 I WinlatorXRequest: seq=963 opcode=40 data=0 bytes=12
08-13 13:57:41.103  1451  1717 I SDM     : HWDeviceDRM::SetupConcurrentWriteback: Tear down the Concurrent Writeback topology
08-13 13:57:41.103 22499 22523 I WinlatorXRequest: seq=964 opcode=40 data=0 bytes=12
08-13 13:57:41.103 22499 22523 I WinlatorXRequest: seq=965 opcode=40 data=0 bytes=12
08-13 13:57:41.103 22499 22523 I WinlatorXRequest: seq=966 opcode=40 data=0 bytes=12
08-13 13:57:41.103 22499 22523 I WinlatorXRequest: seq=967 opcode=40 data=0 bytes=12
08-13 13:57:41.104 22499 22523 I WinlatorXRequest: seq=968 opcode=40 data=0 bytes=12
08-13 13:57:41.104 22499 22523 I WinlatorXRequest: seq=969 opcode=40 data=0 bytes=12
08-13 13:57:41.104 22499 22523 I WinlatorXRequest: seq=970 opcode=40 data=0 bytes=12
08-13 13:57:41.104 22499 22523 I WinlatorXRequest: seq=971 opcode=40 data=0 bytes=12
08-13 13:57:41.104 22499 22523 I WinlatorXRequest: seq=972 opcode=40 data=0 bytes=12
08-13 13:57:41.104 22499 22523 I WinlatorXRequest: seq=973 opcode=40 data=0 bytes=12
08-13 13:57:41.104 22499 22523 I WinlatorXRequest: seq=974 opcode=40 data=0 bytes=12
08-13 13:57:41.104 22499 22523 I WinlatorXRequest: seq=975 opcode=40 data=0 bytes=12
08-13 13:57:41.104 22499 22523 I WinlatorXRequest: seq=976 opcode=40 data=0 bytes=12
08-13 13:57:41.104 22499 22523 I WinlatorXRequest: seq=977 opcode=40 data=0 bytes=12
08-13 13:57:41.104 22499 22523 I WinlatorXRequest: seq=978 opcode=40 data=0 bytes=12
08-13 13:57:41.104 22499 22523 I WinlatorXRequest: seq=979 opcode=40 data=0 bytes=12
08-13 13:57:41.105 22499 22523 I WinlatorXRequest: seq=980 opcode=40 data=0 bytes=12
08-13 13:57:41.105 22499 22523 I WinlatorXRequest: seq=981 opcode=40 data=0 bytes=12
08-13 13:57:41.105 22499 22523 I WinlatorXRequest: seq=982 opcode=40 data=0 bytes=12
08-13 13:57:41.105 22499 22523 I WinlatorXRequest: seq=983 opcode=40 data=0 bytes=12
08-13 13:57:41.105 22499 22523 I WinlatorXRequest: seq=984 opcode=40 data=0 bytes=12
08-13 13:57:41.105 22499 22523 I WinlatorXRequest: seq=985 opcode=40 data=0 bytes=12
08-13 13:57:41.105 22499 22523 I WinlatorXRequest: seq=986 opcode=40 data=0 bytes=12
08-13 13:57:41.105 22499 22523 I WinlatorXRequest: seq=987 opcode=40 data=0 bytes=12
08-13 13:57:41.105 22499 22523 I WinlatorXRequest: seq=988 opcode=40 data=0 bytes=12
08-13 13:57:41.109 22499 22523 I WinlatorXRequest: seq=989 opcode=43 data=0 bytes=0
08-13 13:57:41.121 22499 22523 I WinlatorXRequest: seq=990 opcode=60 data=0 bytes=4
08-13 13:57:41.121 22499 22523 I WinlatorXRequest: seq=991 opcode=55 data=0 bytes=16
08-13 13:57:41.121 22499 22523 I WinlatorXRequest: seq=992 opcode=59 data=3 bytes=88
08-13 13:57:41.121 22499 22523 I WinlatorXRequest: seq=993 opcode=155 data=3 bytes=36
08-13 13:57:41.121 22499 22523 I WinlatorXRequest: seq=994 opcode=155 data=3 bytes=36
08-13 13:57:41.121 22499 22523 I WinlatorXRequest: seq=995 opcode=155 data=3 bytes=36
08-13 13:57:41.121 22499 22523 I WinlatorXRequest: seq=996 opcode=155 data=3 bytes=36
08-13 13:57:41.121 22499 22523 I WinlatorXRequest: seq=997 opcode=155 data=3 bytes=36
08-13 13:57:41.121 22499 22523 I WinlatorXRequest: seq=998 opcode=155 data=3 bytes=36
08-13 13:57:41.121 22499 22523 I WinlatorXRequest: seq=999 opcode=155 data=3 bytes=36
08-13 13:57:41.122 22499 22523 I WinlatorXRequest: seq=1000 opcode=155 data=3 bytes=36
08-13 13:57:41.122 22499 22523 I WinlatorXRequest: seq=1001 opcode=155 data=3 bytes=36
08-13 13:57:41.122 22499 22523 I WinlatorXRequest: seq=1002 opcode=155 data=3 bytes=36
08-13 13:57:41.123 22499 22523 I WinlatorXRequest: seq=1003 opcode=56 data=0 bytes=12
08-13 13:57:41.123 22499 22523 I WinlatorXRequest: seq=1004 opcode=60 data=0 bytes=4
08-13 13:57:41.123 22499 22523 I WinlatorXRequest: seq=1005 opcode=55 data=0 bytes=16
08-13 13:57:41.123 22499 22523 I WinlatorXRequest: seq=1006 opcode=59 data=3 bytes=16
08-13 13:57:41.123 22499 22523 I WinlatorXRequest: seq=1007 opcode=155 data=3 bytes=36
08-13 13:57:41.124 22499 22523 I WinlatorXRequest: seq=1008 opcode=56 data=0 bytes=12
08-13 13:57:41.127 22499 22523 I WinlatorXRequest: seq=1009 opcode=40 data=0 bytes=12
08-13 13:57:41.127 22499 22523 I WinlatorXRequest: seq=1010 opcode=40 data=0 bytes=12
08-13 13:57:41.127 22499 22523 I WinlatorXRequest: seq=1011 opcode=40 data=0 bytes=12
08-13 13:57:41.127 22499 22523 I WinlatorXRequest: seq=1012 opcode=43 data=0 bytes=0
08-13 13:57:41.128 22499 22523 I WinlatorXRequest: seq=1013 opcode=60 data=0 bytes=4
08-13 13:57:41.128 22499 22523 I WinlatorXRequest: seq=1014 opcode=55 data=0 bytes=16
08-13 13:57:41.128 22499 22523 I WinlatorXRequest: seq=1015 opcode=59 data=3 bytes=16
08-13 13:57:41.128 22499 22523 I WinlatorXRequest: seq=1016 opcode=155 data=3 bytes=36
08-13 13:57:41.129 22499 22523 I WinlatorXRequest: seq=1017 opcode=56 data=0 bytes=12
08-13 13:57:41.129 22499 22523 I WinlatorXRequest: seq=1018 opcode=60 data=0 bytes=4
08-13 13:57:41.129 22499 22523 I WinlatorXRequest: seq=1019 opcode=55 data=0 bytes=16
08-13 13:57:41.129 22499 22523 I WinlatorXRequest: seq=1020 opcode=59 data=3 bytes=16
08-13 13:57:41.129 22499 22523 I WinlatorXRequest: seq=1021 opcode=155 data=3 bytes=36
08-13 13:57:41.129 22499 22523 I WinlatorXRequest: seq=1022 opcode=56 data=0 bytes=12
08-13 13:57:41.129 22499 22523 I WinlatorXRequest: seq=1023 opcode=59 data=3 bytes=16
08-13 13:57:41.129 22499 22523 I WinlatorXRequest: seq=1024 opcode=155 data=3 bytes=36
08-13 13:57:41.130 22499 22523 I WinlatorXRequest: seq=1025 opcode=56 data=0 bytes=12
08-13 13:57:41.133 22499 22523 I WinlatorXRequest: seq=1026 opcode=43 data=0 bytes=0
08-13 13:57:41.142 22499 22530 I BionicX : /data/user/0/io.taowen.bx/files/rootfs/opt/kingsoft/wps-office/office6: /data/user/0/io.taowen.bx/files/rootfs/opt/kingsoft/wps-office/office6: Is a directory
08-13 13:57:41.144 22499 22523 I WinlatorXRequest: seq=1027 opcode=60 data=0 bytes=4
08-13 13:57:41.144 22499 22523 I WinlatorXRequest: seq=1028 opcode=55 data=0 bytes=16
08-13 13:57:41.144 22499 22523 I WinlatorXRequest: seq=1029 opcode=59 data=3 bytes=40
08-13 13:57:41.144 22499 22523 I WinlatorXRequest: seq=1030 opcode=155 data=3 bytes=36
08-13 13:57:41.144 22499 22523 I WinlatorXRequest: seq=1031 opcode=155 data=3 bytes=36
08-13 13:57:41.144 22499 22523 I WinlatorXRequest: seq=1032 opcode=155 data=3 bytes=36
08-13 13:57:41.144 22499 22523 I WinlatorXRequest: seq=1033 opcode=155 data=3 bytes=36
08-13 13:57:41.144 22499 22523 I WinlatorXRequest: seq=1034 opcode=56 data=0 bytes=12
08-13 13:57:41.146 22499 22523 I WinlatorXRequest: seq=1035 opcode=60 data=0 bytes=4
08-13 13:57:41.146 22499 22523 I WinlatorXRequest: seq=1036 opcode=55 data=0 bytes=16
08-13 13:57:41.146 22499 22523 I WinlatorXRequest: seq=1037 opcode=59 data=3 bytes=32
08-13 13:57:41.146 22499 22523 I WinlatorXRequest: seq=1038 opcode=155 data=3 bytes=36
08-13 13:57:41.146 22499 22523 I WinlatorXRequest: seq=1039 opcode=155 data=3 bytes=36
08-13 13:57:41.146 22499 22523 I WinlatorXRequest: seq=1040 opcode=155 data=3 bytes=36
08-13 13:57:41.147 22499 22523 I WinlatorXRequest: seq=1041 opcode=56 data=0 bytes=12
08-13 13:57:41.147 22499 22523 I WinlatorXRequest: seq=1042 opcode=43 data=0 bytes=0
08-13 13:57:41.148 22499 22523 I WinlatorXRequest: seq=1043 opcode=60 data=0 bytes=4
08-13 13:57:41.148 22499 22523 I WinlatorXRequest: seq=1044 opcode=55 data=0 bytes=16
08-13 13:57:41.148 22499 22523 I WinlatorXRequest: seq=1045 opcode=59 data=3 bytes=40
08-13 13:57:41.148 22499 22523 I WinlatorXRequest: seq=1046 opcode=155 data=3 bytes=36
08-13 13:57:41.148 22499 22523 I WinlatorXRequest: seq=1047 opcode=155 data=3 bytes=36
08-13 13:57:41.148 22499 22523 I WinlatorXRequest: seq=1048 opcode=155 data=3 bytes=36
08-13 13:57:41.148 22499 22523 I WinlatorXRequest: seq=1049 opcode=155 data=3 bytes=36
08-13 13:57:41.148 22499 22523 I WinlatorXRequest: seq=1050 opcode=56 data=0 bytes=12
08-13 13:57:41.149 22499 22523 I WinlatorXRequest: seq=1051 opcode=18 data=0 bytes=92
08-13 13:57:41.160 22499 22523 I WinlatorXRequest: seq=1052 opcode=23 data=0 bytes=4
08-13 13:57:41.160 22499 22523 I WinlatorXRequest: seq=1053 opcode=23 data=0 bytes=4
08-13 13:57:41.160 22499 22523 I WinlatorXRequest: seq=1054 opcode=23 data=0 bytes=4
08-13 13:57:41.160 22499 22523 I WinlatorXRequest: seq=1055 opcode=23 data=0 bytes=4
08-13 13:57:41.160 22499 22523 I WinlatorXRequest: seq=1056 opcode=40 data=0 bytes=12
08-13 13:57:41.161 22499 22523 I WinlatorXRequest: seq=1057 opcode=40 data=0 bytes=12
08-13 13:57:41.162 22499 22523 I WinlatorXRequest: seq=1058 opcode=2 data=0 bytes=12
08-13 13:57:41.163 22499 22523 I WinlatorXRequest: seq=1 opcode=98 data=0 bytes=16
08-13 13:57:41.164 22499 22523 I WinlatorXRequest: seq=2 opcode=156 data=0 bytes=0
08-13 13:57:41.164 22499 22523 I WinlatorXRequest: seq=3 opcode=55 data=0 bytes=16
08-13 13:57:41.164 22499 22523 I WinlatorXRequest: seq=4 opcode=20 data=0 bytes=20
08-13 13:57:41.164 22499 22523 I WinlatorXRequest: seq=5 opcode=98 data=0 bytes=16
08-13 13:57:41.164 22499 22523 I WinlatorXRequest: seq=6 opcode=148 data=0 bytes=4
08-13 13:57:41.164 22499 22523 I WinlatorXRequest: seq=7 opcode=148 data=23 bytes=16
08-13 13:57:41.165 22499 22523 I WinlatorXRequest: seq=8 opcode=148 data=1 bytes=12
08-13 13:57:41.166 22499 22523 I WinlatorXRequest: seq=1059 opcode=40 data=0 bytes=12
08-13 13:57:41.166 22499 22523 I WinlatorXRequest: seq=1060 opcode=40 data=0 bytes=12
08-13 13:57:41.168 22670 22670 W HidlServiceManagement: Waited one second for vendor.qti.diaghal@1.0::Idiag/default
08-13 13:57:41.169   829   829 I hwservicemanager: Since vendor.qti.diaghal@1.0::Idiag/default is not registered, trying to start it as a lazy HAL (if it's not configured to be a lazy HAL, it may be stuck starting or still starting).
08-13 13:57:41.169 22670 22670 I HidlServiceManagement: getService: Trying again for vendor.qti.diaghal@1.0::Idiag/default...
08-13 13:57:41.172   829 22771 W libc    : Unable to set property "ctl.interface_start" to "vendor.qti.diaghal@1.0::Idiag/default": error code: 0x20
08-13 13:57:41.172   829 22771 I hwservicemanager: Tried to start vendor.qti.diaghal@1.0::Idiag/default as a lazy service, but was unable to. Usually this happens when a service is not installed, but if the service is intended to be used as a lazy service, then it may be configured incorrectly.
08-13 13:57:41.176 22499 22523 I WinlatorXRequest: seq=1061 opcode=59 data=3 bytes=1512
08-13 13:57:41.176 22499 22523 I WinlatorXRequest: seq=1062 opcode=155 data=3 bytes=36
08-13 13:57:41.176 22499 22523 I WinlatorXRequest: seq=1063 opcode=155 data=3 bytes=36
08-13 13:57:41.176 22499 22523 I WinlatorXRequest: seq=1064 opcode=155 data=3 bytes=36
08-13 13:57:41.176 22499 22523 I WinlatorXRequest: seq=1065 opcode=155 data=3 bytes=36
08-13 13:57:41.176 22499 22523 I WinlatorXRequest: seq=1066 opcode=155 data=3 bytes=36
08-13 13:57:41.176 22499 22523 I WinlatorXRequest: seq=1067 opcode=155 data=3 bytes=36
08-13 13:57:41.176 22499 22523 I WinlatorXRequest: seq=1068 opcode=155 data=3 bytes=36
08-13 13:57:41.176 22499 22523 I WinlatorXRequest: seq=1069 opcode=155 data=3 bytes=36
08-13 13:57:41.176 22499 22523 I WinlatorXRequest: seq=1070 opcode=155 data=3 bytes=36
08-13 13:57:41.176 22499 22523 I WinlatorXRequest: seq=1071 opcode=155 data=3 bytes=36
08-13 13:57:41.176 22499 22523 I WinlatorXRequest: seq=1072 opcode=155 data=3 bytes=36
08-13 13:57:41.176 22499 22523 I WinlatorXRequest: seq=1073 opcode=155 data=3 bytes=36
08-13 13:57:41.177 22499 22523 I WinlatorXRequest: seq=1074 opcode=155 data=3 bytes=36
08-13 13:57:41.177 22499 22523 I WinlatorXRequest: seq=1075 opcode=155 data=3 bytes=36
08-13 13:57:41.177 22499 22523 I WinlatorXRequest: seq=1076 opcode=155 data=3 bytes=36
08-13 13:57:41.177 22499 22523 I WinlatorXRequest: seq=1077 opcode=155 data=3 bytes=36
08-13 13:57:41.177 22499 22523 I WinlatorXRequest: seq=1078 opcode=155 data=3 bytes=36
08-13 13:57:41.177 22499 22523 I WinlatorXRequest: seq=1079 opcode=155 data=3 bytes=36
08-13 13:57:41.177 22499 22523 I WinlatorXRequest: seq=1080 opcode=155 data=3 bytes=36
08-13 13:57:41.177 22499 22523 I WinlatorXRequest: seq=1081 opcode=155 data=3 bytes=36
08-13 13:57:41.177 22499 22523 I WinlatorXRequest: seq=1082 opcode=155 data=3 bytes=36
08-13 13:57:41.177 22499 22523 I WinlatorXRequest: seq=1083 opcode=155 data=3 bytes=36
08-13 13:57:41.177 22499 22523 I WinlatorXRequest: seq=1084 opcode=155 data=3 bytes=36
08-13 13:57:41.177 22499 22523 I WinlatorXRequest: seq=1085 opcode=155 data=3 bytes=36
08-13 13:57:41.177 22499 22523 I WinlatorXRequest: seq=1086 opcode=155 data=3 bytes=36
08-13 13:57:41.177 22499 22523 I WinlatorXRequest: seq=1087 opcode=155 data=3 bytes=36
08-13 13:57:41.177 22499 22523 I WinlatorXRequest: seq=1088 opcode=155 data=3 bytes=36
08-13 13:57:41.177 22499 22523 I WinlatorXRequest: seq=1089 opcode=155 data=3 bytes=36
08-13 13:57:41.177 22499 22523 I WinlatorXRequest: seq=1090 opcode=155 data=3 bytes=36
08-13 13:57:41.177 22499 22523 I WinlatorXRequest: seq=1091 opcode=155 data=3 bytes=36
08-13 13:57:41.177 22499 22523 I WinlatorXRequest: seq=1092 opcode=155 data=3 bytes=36
08-13 13:57:41.177 22499 22523 I WinlatorXRequest: seq=1093 opcode=155 data=3 bytes=36
08-13 13:57:41.177 22499 22523 I WinlatorXRequest: seq=1094 opcode=155 data=3 bytes=36
08-13 13:57:41.179 22499 22523 I WinlatorXRequest: seq=1095 opcode=155 data=3 bytes=36
08-13 13:57:41.179 22499 22523 I WinlatorXRequest: seq=1096 opcode=155 data=3 bytes=36
08-13 13:57:41.179 22499 22523 I WinlatorXRequest: seq=1097 opcode=155 data=3 bytes=36
08-13 13:57:41.179 22499 22523 I WinlatorXRequest: seq=1098 opcode=155 data=3 bytes=36
08-13 13:57:41.179 22499 22523 I WinlatorXRequest: seq=1099 opcode=155 data=3 bytes=36
08-13 13:57:41.179 22499 22523 I WinlatorXRequest: seq=1100 opcode=155 data=3 bytes=36
08-13 13:57:41.179 22499 22523 I WinlatorXRequest: seq=1101 opcode=155 data=3 bytes=36
08-13 13:57:41.179 22499 22523 I WinlatorXRequest: seq=1102 opcode=155 data=3 bytes=36
08-13 13:57:41.179 22499 22523 I WinlatorXRequest: seq=1103 opcode=155 data=3 bytes=36
08-13 13:57:41.180 22499 22523 I WinlatorXRequest: seq=1104 opcode=155 data=3 bytes=36
08-13 13:57:41.180 22499 22523 I WinlatorXRequest: seq=1105 opcode=155 data=3 bytes=36
08-13 13:57:41.180 22499 22523 I WinlatorXRequest: seq=1106 opcode=155 data=3 bytes=36
08-13 13:57:41.180 22499 22523 I WinlatorXRequest: seq=1107 opcode=155 data=3 bytes=36
08-13 13:57:41.180 22499 22523 I WinlatorXRequest: seq=1108 opcode=155 data=3 bytes=36
08-13 13:57:41.180 22499 22523 I WinlatorXRequest: seq=1109 opcode=155 data=3 bytes=36
08-13 13:57:41.180 22499 22523 I WinlatorXRequest: seq=1110 opcode=155 data=3 bytes=36
08-13 13:57:41.180 22499 22523 I WinlatorXRequest: seq=1111 opcode=155 data=3 bytes=36
08-13 13:57:41.180 22499 22523 I WinlatorXRequest: seq=1112 opcode=155 data=3 bytes=36
08-13 13:57:41.180 22499 22523 I WinlatorXRequest: seq=1113 opcode=155 data=3 bytes=36
08-13 13:57:41.180 22499 22523 I WinlatorXRequest: seq=1114 opcode=155 data=3 bytes=36
08-13 13:57:41.180 22499 22523 I WinlatorXRequest: seq=1115 opcode=155 data=3 bytes=36
08-13 13:57:41.180 22499 22523 I WinlatorXRequest: seq=1116 opcode=155 data=3 bytes=36
08-13 13:57:41.180 22499 22523 I WinlatorXRequest: seq=1117 opcode=155 data=3 bytes=36
08-13 13:57:41.180 22499 22523 I WinlatorXRequest: seq=1118 opcode=155 data=3 bytes=36
08-13 13:57:41.180 22499 22523 I WinlatorXRequest: seq=1119 opcode=155 data=3 bytes=36
08-13 13:57:41.180 22499 22523 I WinlatorXRequest: seq=1120 opcode=155 data=3 bytes=36
08-13 13:57:41.180 22499 22523 I WinlatorXRequest: seq=1121 opcode=155 data=3 bytes=36
08-13 13:57:41.180 22499 22523 I WinlatorXRequest: seq=1122 opcode=155 data=3 bytes=36
08-13 13:57:41.180 22499 22523 I WinlatorXRequest: seq=1123 opcode=155 data=3 bytes=36
08-13 13:57:41.180 22499 22523 I WinlatorXRequest: seq=1124 opcode=155 data=3 bytes=36
08-13 13:57:41.180 22499 22523 I WinlatorXRequest: seq=1125 opcode=155 data=3 bytes=36
08-13 13:57:41.180 22499 22523 I WinlatorXRequest: seq=1126 opcode=155 data=3 bytes=36
08-13 13:57:41.180 22499 22523 I WinlatorXRequest: seq=1127 opcode=155 data=3 bytes=36
08-13 13:57:41.180 22499 22523 I WinlatorXRequest: seq=1128 opcode=155 data=3 bytes=36
08-13 13:57:41.180 22499 22523 I WinlatorXRequest: seq=1129 opcode=155 data=3 bytes=36
08-13 13:57:41.180 22499 22523 I WinlatorXRequest: seq=1130 opcode=155 data=3 bytes=36
08-13 13:57:41.180 22499 22523 I WinlatorXRequest: seq=1131 opcode=155 data=3 bytes=36
08-13 13:57:41.180 22499 22523 I WinlatorXRequest: seq=1132 opcode=155 data=3 bytes=36
08-13 13:57:41.180 22499 22523 I WinlatorXRequest: seq=1133 opcode=155 data=3 bytes=36
08-13 13:57:41.180 22499 22523 I WinlatorXRequest: seq=1134 opcode=155 data=3 bytes=36
08-13 13:57:41.181 22499 22523 I WinlatorXRequest: seq=1135 opcode=155 data=3 bytes=36
08-13 13:57:41.181 22499 22523 I WinlatorXRequest: seq=1136 opcode=155 data=3 bytes=36
08-13 13:57:41.181 22499 22523 I WinlatorXRequest: seq=1137 opcode=155 data=3 bytes=36
08-13 13:57:41.181 22499 22523 I WinlatorXRequest: seq=1138 opcode=155 data=3 bytes=36
08-13 13:57:41.181 22499 22523 I WinlatorXRequest: seq=1139 opcode=155 data=3 bytes=36
08-13 13:57:41.181 22499 22523 I WinlatorXRequest: seq=1140 opcode=155 data=3 bytes=36
08-13 13:57:41.181 22499 22523 I WinlatorXRequest: seq=1141 opcode=155 data=3 bytes=36
08-13 13:57:41.181 22499 22523 I WinlatorXRequest: seq=1142 opcode=155 data=3 bytes=36
08-13 13:57:41.181 22499 22523 I WinlatorXRequest: seq=1143 opcode=155 data=3 bytes=36
08-13 13:57:41.181 22499 22523 I WinlatorXRequest: seq=1144 opcode=155 data=3 bytes=36
08-13 13:57:41.181 22499 22523 I WinlatorXRequest: seq=1145 opcode=155 data=3 bytes=36
08-13 13:57:41.181 22499 22523 I WinlatorXRequest: seq=1146 opcode=155 data=3 bytes=36
08-13 13:57:41.181 22499 22523 I WinlatorXRequest: seq=1147 opcode=155 data=3 bytes=36
08-13 13:57:41.181 22499 22523 I WinlatorXRequest: seq=1148 opcode=155 data=3 bytes=36
08-13 13:57:41.181 22499 22523 I WinlatorXRequest: seq=1149 opcode=155 data=3 bytes=36
08-13 13:57:41.181 22499 22523 I WinlatorXRequest: seq=1150 opcode=155 data=3 bytes=36
08-13 13:57:41.181 22499 22523 I WinlatorXRequest: seq=1151 opcode=155 data=3 bytes=36
08-13 13:57:41.181 22499 22523 I WinlatorXRequest: seq=1152 opcode=155 data=3 bytes=36
08-13 13:57:41.181 22499 22523 I WinlatorXRequest: seq=1153 opcode=155 data=3 bytes=36
08-13 13:57:41.181 22499 22523 I WinlatorXRequest: seq=1154 opcode=155 data=3 bytes=36
08-13 13:57:41.181 22499 22523 I WinlatorXRequest: seq=1155 opcode=155 data=3 bytes=36
08-13 13:57:41.181 22499 22523 I WinlatorXRequest: seq=1156 opcode=155 data=3 bytes=36
08-13 13:57:41.181 22499 22523 I WinlatorXRequest: seq=1157 opcode=155 data=3 bytes=36
08-13 13:57:41.181 22499 22523 I WinlatorXRequest: seq=1158 opcode=155 data=3 bytes=36
08-13 13:57:41.181 22499 22523 I WinlatorXRequest: seq=1159 opcode=155 data=3 bytes=36
08-13 13:57:41.181 22499 22523 I WinlatorXRequest: seq=1160 opcode=155 data=3 bytes=36
08-13 13:57:41.181 22499 22523 I WinlatorXRequest: seq=1161 opcode=155 data=3 bytes=36
08-13 13:57:41.181 22499 22523 I WinlatorXRequest: seq=1162 opcode=155 data=3 bytes=36
08-13 13:57:41.181 22499 22523 I WinlatorXRequest: seq=1163 opcode=155 data=3 bytes=36
08-13 13:57:41.181 22499 22523 I WinlatorXRequest: seq=1164 opcode=155 data=3 bytes=36
08-13 13:57:41.181 22499 22523 I WinlatorXRequest: seq=1165 opcode=155 data=3 bytes=36
08-13 13:57:41.181 22499 22523 I WinlatorXRequest: seq=1166 opcode=155 data=3 bytes=36
08-13 13:57:41.182 22499 22523 I WinlatorXRequest: seq=1167 opcode=155 data=3 bytes=36
08-13 13:57:41.182 22499 22523 I WinlatorXRequest: seq=1168 opcode=155 data=3 bytes=36
08-13 13:57:41.182 22499 22523 I WinlatorXRequest: seq=1169 opcode=155 data=3 bytes=36
08-13 13:57:41.182 22499 22523 I WinlatorXRequest: seq=1170 opcode=155 data=3 bytes=36
08-13 13:57:41.182 22499 22523 I WinlatorXRequest: seq=1171 opcode=155 data=3 bytes=36
08-13 13:57:41.182 22499 22523 I WinlatorXRequest: seq=1172 opcode=155 data=3 bytes=36
08-13 13:57:41.182 22499 22523 I WinlatorXRequest: seq=1173 opcode=155 data=3 bytes=36
08-13 13:57:41.182 22499 22523 I WinlatorXRequest: seq=1174 opcode=155 data=3 bytes=36
08-13 13:57:41.182 22499 22523 I WinlatorXRequest: seq=1175 opcode=155 data=3 bytes=36
08-13 13:57:41.182 22499 22523 I WinlatorXRequest: seq=1176 opcode=155 data=3 bytes=36
08-13 13:57:41.182 22499 22523 I WinlatorXRequest: seq=1177 opcode=155 data=3 bytes=36
08-13 13:57:41.182 22499 22523 I WinlatorXRequest: seq=1178 opcode=155 data=3 bytes=36
08-13 13:57:41.182 22499 22523 I WinlatorXRequest: seq=1179 opcode=155 data=3 bytes=36
08-13 13:57:41.182 22499 22523 I WinlatorXRequest: seq=1180 opcode=155 data=3 bytes=36
08-13 13:57:41.182 22499 22523 I WinlatorXRequest: seq=1181 opcode=155 data=3 bytes=36
08-13 13:57:41.182 22499 22523 I WinlatorXRequest: seq=1182 opcode=155 data=3 bytes=36
08-13 13:57:41.182 22499 22523 I WinlatorXRequest: seq=1183 opcode=155 data=3 bytes=36
08-13 13:57:41.182 22499 22523 I WinlatorXRequest: seq=1184 opcode=155 data=3 bytes=36
08-13 13:57:41.182 22499 22523 I WinlatorXRequest: seq=1185 opcode=155 data=3 bytes=36
08-13 13:57:41.182 22499 22523 I WinlatorXRequest: seq=1186 opcode=155 data=3 bytes=36
08-13 13:57:41.182 22499 22523 I WinlatorXRequest: seq=1187 opcode=155 data=3 bytes=36
08-13 13:57:41.182 22499 22523 I WinlatorXRequest: seq=1188 opcode=155 data=3 bytes=36
08-13 13:57:41.182 22499 22523 I WinlatorXRequest: seq=1189 opcode=155 data=3 bytes=36
08-13 13:57:41.182 22499 22523 I WinlatorXRequest: seq=1190 opcode=155 data=3 bytes=36
08-13 13:57:41.182 22499 22523 I WinlatorXRequest: seq=1191 opcode=155 data=3 bytes=36
08-13 13:57:41.182 22499 22523 I WinlatorXRequest: seq=1192 opcode=155 data=3 bytes=36
08-13 13:57:41.182 22499 22523 I WinlatorXRequest: seq=1193 opcode=155 data=3 bytes=36
08-13 13:57:41.182 22499 22523 I WinlatorXRequest: seq=1194 opcode=155 data=3 bytes=36
08-13 13:57:41.182 22499 22523 I WinlatorXRequest: seq=1195 opcode=155 data=3 bytes=36
08-13 13:57:41.182 22499 22523 I WinlatorXRequest: seq=1196 opcode=155 data=3 bytes=36
08-13 13:57:41.182 22499 22523 I WinlatorXRequest: seq=1197 opcode=155 data=3 bytes=36
08-13 13:57:41.183 22499 22523 I WinlatorXRequest: seq=1198 opcode=155 data=3 bytes=36
08-13 13:57:41.183 22499 22523 I WinlatorXRequest: seq=1199 opcode=155 data=3 bytes=36
08-13 13:57:41.183 22499 22523 I WinlatorXRequest: seq=1200 opcode=155 data=3 bytes=36
08-13 13:57:41.183 22499 22523 I WinlatorXRequest: seq=1201 opcode=155 data=3 bytes=36
08-13 13:57:41.183 22499 22523 I WinlatorXRequest: seq=1202 opcode=155 data=3 bytes=36
08-13 13:57:41.183 22499 22523 I WinlatorXRequest: seq=1203 opcode=155 data=3 bytes=36
08-13 13:57:41.183 22499 22523 I WinlatorXRequest: seq=1204 opcode=155 data=3 bytes=36
08-13 13:57:41.183 22499 22523 I WinlatorXRequest: seq=1205 opcode=155 data=3 bytes=36
08-13 13:57:41.183 22499 22523 I WinlatorXRequest: seq=1206 opcode=155 data=3 bytes=36
08-13 13:57:41.183 22499 22523 I WinlatorXRequest: seq=1207 opcode=155 data=3 bytes=36
08-13 13:57:41.183 22499 22523 I WinlatorXRequest: seq=1208 opcode=155 data=3 bytes=36
08-13 13:57:41.183 22499 22523 I WinlatorXRequest: seq=1209 opcode=155 data=3 bytes=36
08-13 13:57:41.183 22499 22523 I WinlatorXRequest: seq=1210 opcode=155 data=3 bytes=36
08-13 13:57:41.183 22499 22523 I WinlatorXRequest: seq=1211 opcode=155 data=3 bytes=36
08-13 13:57:41.183 22499 22523 I WinlatorXRequest: seq=1212 opcode=155 data=3 bytes=36
08-13 13:57:41.183 22499 22523 I WinlatorXRequest: seq=1213 opcode=155 data=3 bytes=36
08-13 13:57:41.183 22499 22523 I WinlatorXRequest: seq=1214 opcode=155 data=3 bytes=36
08-13 13:57:41.183 22499 22523 I WinlatorXRequest: seq=1215 opcode=155 data=3 bytes=36
08-13 13:57:41.183 22499 22523 I WinlatorXRequest: seq=1216 opcode=155 data=3 bytes=36
08-13 13:57:41.183 22499 22523 I WinlatorXRequest: seq=1217 opcode=155 data=3 bytes=36
08-13 13:57:41.183 22499 22523 I WinlatorXRequest: seq=1218 opcode=155 data=3 bytes=36
08-13 13:57:41.183 22499 22523 I WinlatorXRequest: seq=1219 opcode=155 data=3 bytes=36
08-13 13:57:41.183 22499 22523 I WinlatorXRequest: seq=1220 opcode=155 data=3 bytes=36
08-13 13:57:41.183 22499 22523 I WinlatorXRequest: seq=1221 opcode=155 data=3 bytes=36
08-13 13:57:41.183 22499 22523 I WinlatorXRequest: seq=1222 opcode=155 data=3 bytes=36
08-13 13:57:41.183 22499 22523 I WinlatorXRequest: seq=1223 opcode=155 data=3 bytes=36
08-13 13:57:41.183 22499 22523 I WinlatorXRequest: seq=1224 opcode=155 data=3 bytes=36
08-13 13:57:41.183 22499 22523 I WinlatorXRequest: seq=1225 opcode=155 data=3 bytes=36
08-13 13:57:41.183 22499 22523 I WinlatorXRequest: seq=1226 opcode=155 data=3 bytes=36
08-13 13:57:41.183 22499 22523 I WinlatorXRequest: seq=1227 opcode=155 data=3 bytes=36
08-13 13:57:41.184 22499 22523 I WinlatorXRequest: seq=1228 opcode=155 data=3 bytes=36
08-13 13:57:41.184 22499 22523 I WinlatorXRequest: seq=1229 opcode=155 data=3 bytes=36
08-13 13:57:41.184 22499 22523 I WinlatorXRequest: seq=1230 opcode=155 data=3 bytes=36
08-13 13:57:41.184 22499 22523 I WinlatorXRequest: seq=1231 opcode=155 data=3 bytes=36
08-13 13:57:41.184 22499 22523 I WinlatorXRequest: seq=1232 opcode=155 data=3 bytes=36
08-13 13:57:41.184 22499 22523 I WinlatorXRequest: seq=1233 opcode=155 data=3 bytes=36
08-13 13:57:41.184 22499 22523 I WinlatorXRequest: seq=1234 opcode=155 data=3 bytes=36
08-13 13:57:41.184 22499 22523 I WinlatorXRequest: seq=1235 opcode=155 data=3 bytes=36
08-13 13:57:41.184 22499 22523 I WinlatorXRequest: seq=1236 opcode=155 data=3 bytes=36
08-13 13:57:41.184 22499 22523 I WinlatorXRequest: seq=1237 opcode=155 data=3 bytes=36
08-13 13:57:41.184 22499 22523 I WinlatorXRequest: seq=1238 opcode=155 data=3 bytes=36
08-13 13:57:41.184 22499 22523 I WinlatorXRequest: seq=1239 opcode=155 data=3 bytes=36
08-13 13:57:41.184 22499 22523 I WinlatorXRequest: seq=1240 opcode=155 data=3 bytes=36
08-13 13:57:41.184 22499 22523 I WinlatorXRequest: seq=1241 opcode=155 data=3 bytes=36
08-13 13:57:41.184 22499 22523 I WinlatorXRequest: seq=1242 opcode=155 data=3 bytes=36
08-13 13:57:41.184 22499 22523 I WinlatorXRequest: seq=1243 opcode=155 data=3 bytes=36
08-13 13:57:41.184 22499 22523 I WinlatorXRequest: seq=1244 opcode=155 data=3 bytes=36
08-13 13:57:41.184 22499 22523 I WinlatorXRequest: seq=1245 opcode=155 data=3 bytes=36
08-13 13:57:41.184 22499 22523 I WinlatorXRequest: seq=1246 opcode=155 data=3 bytes=36
08-13 13:57:41.184 22499 22523 I WinlatorXRequest: seq=1247 opcode=155 data=3 bytes=36
08-13 13:57:41.184 22499 22523 I WinlatorXRequest: seq=1248 opcode=155 data=3 bytes=36
08-13 13:57:41.184 22499 22523 I WinlatorXRequest: seq=1249 opcode=155 data=3 bytes=36
08-13 13:57:41.184 22499 22523 I WinlatorXRequest: seq=1250 opcode=56 data=0 bytes=12
08-13 13:57:41.184 22499 22523 I WinlatorXRequest: seq=1251 opcode=60 data=0 bytes=4
08-13 13:57:41.184 22499 22523 I WinlatorXRequest: seq=1252 opcode=55 data=0 bytes=16
08-13 13:57:41.184 22499 22523 I WinlatorXRequest: seq=1253 opcode=59 data=3 bytes=1512
08-13 13:57:41.185 22499 22523 I WinlatorXRequest: seq=1254 opcode=155 data=3 bytes=36
08-13 13:57:41.185 22499 22523 I WinlatorXRequest: seq=1255 opcode=155 data=3 bytes=36
08-13 13:57:41.185 22499 22523 I WinlatorXRequest: seq=1256 opcode=155 data=3 bytes=36
08-13 13:57:41.185 22499 22523 I WinlatorXRequest: seq=1257 opcode=155 data=3 bytes=36
08-13 13:57:41.185 22499 22523 I WinlatorXRequest: seq=1258 opcode=155 data=3 bytes=36
08-13 13:57:41.185 22499 22523 I WinlatorXRequest: seq=1259 opcode=155 data=3 bytes=36
08-13 13:57:41.185 22499 22523 I WinlatorXRequest: seq=1260 opcode=155 data=3 bytes=36
08-13 13:57:41.185 22499 22523 I WinlatorXRequest: seq=1261 opcode=155 data=3 bytes=36
08-13 13:57:41.185 22499 22523 I WinlatorXRequest: seq=1262 opcode=155 data=3 bytes=36
08-13 13:57:41.185 22499 22523 I WinlatorXRequest: seq=1263 opcode=155 data=3 bytes=36
08-13 13:57:41.185 22499 22523 I WinlatorXRequest: seq=1264 opcode=155 data=3 bytes=36
08-13 13:57:41.185 22499 22523 I WinlatorXRequest: seq=1265 opcode=155 data=3 bytes=36
08-13 13:57:41.185 22499 22523 I WinlatorXRequest: seq=1266 opcode=155 data=3 bytes=36
08-13 13:57:41.185 22499 22523 I WinlatorXRequest: seq=1267 opcode=155 data=3 bytes=36
08-13 13:57:41.185 22499 22523 I WinlatorXRequest: seq=1268 opcode=155 data=3 bytes=36
08-13 13:57:41.185 22499 22523 I WinlatorXRequest: seq=1269 opcode=155 data=3 bytes=36
08-13 13:57:41.185 22499 22523 I WinlatorXRequest: seq=1270 opcode=155 data=3 bytes=36
08-13 13:57:41.185 22499 22523 I WinlatorXRequest: seq=1271 opcode=155 data=3 bytes=36
08-13 13:57:41.185 22499 22523 I WinlatorXRequest: seq=1272 opcode=155 data=3 bytes=36
08-13 13:57:41.185 22499 22523 I WinlatorXRequest: seq=1273 opcode=155 data=3 bytes=36
08-13 13:57:41.185 22499 22523 I WinlatorXRequest: seq=1274 opcode=155 data=3 bytes=36
08-13 13:57:41.185 22499 22523 I WinlatorXRequest: seq=1275 opcode=155 data=3 bytes=36
08-13 13:57:41.185 22499 22523 I WinlatorXRequest: seq=1276 opcode=155 data=3 bytes=36
08-13 13:57:41.185 22499 22523 I WinlatorXRequest: seq=1277 opcode=155 data=3 bytes=36
08-13 13:57:41.185 22499 22523 I WinlatorXRequest: seq=1278 opcode=155 data=3 bytes=36
08-13 13:57:41.185 22499 22523 I WinlatorXRequest: seq=1279 opcode=155 data=3 bytes=36
08-13 13:57:41.185 22499 22523 I WinlatorXRequest: seq=1280 opcode=155 data=3 bytes=36
08-13 13:57:41.186 22499 22523 I WinlatorXRequest: seq=1281 opcode=155 data=3 bytes=36
08-13 13:57:41.186 22499 22523 I WinlatorXRequest: seq=1282 opcode=155 data=3 bytes=36
08-13 13:57:41.186 22499 22523 I WinlatorXRequest: seq=1283 opcode=155 data=3 bytes=36
08-13 13:57:41.186 22499 22523 I WinlatorXRequest: seq=1284 opcode=155 data=3 bytes=36
08-13 13:57:41.186 22499 22523 I WinlatorXRequest: seq=1285 opcode=155 data=3 bytes=36
08-13 13:57:41.186 22499 22523 I WinlatorXRequest: seq=1286 opcode=155 data=3 bytes=36
08-13 13:57:41.186 22499 22523 I WinlatorXRequest: seq=1287 opcode=155 data=3 bytes=36
08-13 13:57:41.186 22499 22523 I WinlatorXRequest: seq=1288 opcode=155 data=3 bytes=36
08-13 13:57:41.186 22499 22523 I WinlatorXRequest: seq=1289 opcode=155 data=3 bytes=36
08-13 13:57:41.186 22499 22523 I WinlatorXRequest: seq=1290 opcode=155 data=3 bytes=36
08-13 13:57:41.186 22499 22523 I WinlatorXRequest: seq=1291 opcode=155 data=3 bytes=36
08-13 13:57:41.186 22499 22523 I WinlatorXRequest: seq=1292 opcode=155 data=3 bytes=36
08-13 13:57:41.189 22499 22523 I WinlatorXRequest: seq=1293 opcode=155 data=3 bytes=36
08-13 13:57:41.189 22499 22523 I WinlatorXRequest: seq=1294 opcode=155 data=3 bytes=36
08-13 13:57:41.189 22499 22523 I WinlatorXRequest: seq=1295 opcode=155 data=3 bytes=36
08-13 13:57:41.189 22499 22523 I WinlatorXRequest: seq=1296 opcode=155 data=3 bytes=36
08-13 13:57:41.189 22499 22523 I WinlatorXRequest: seq=1297 opcode=155 data=3 bytes=36
08-13 13:57:41.189 22499 22523 I WinlatorXRequest: seq=1298 opcode=155 data=3 bytes=36
08-13 13:57:41.189 22499 22523 I WinlatorXRequest: seq=1299 opcode=155 data=3 bytes=36
08-13 13:57:41.189 22499 22523 I WinlatorXRequest: seq=1300 opcode=155 data=3 bytes=36
08-13 13:57:41.189 22499 22523 I WinlatorXRequest: seq=1301 opcode=155 data=3 bytes=36
08-13 13:57:41.189 22499 22523 I WinlatorXRequest: seq=1302 opcode=155 data=3 bytes=36
08-13 13:57:41.189 22499 22523 I WinlatorXRequest: seq=1303 opcode=155 data=3 bytes=36
08-13 13:57:41.189 22499 22523 I WinlatorXRequest: seq=1304 opcode=155 data=3 bytes=36
08-13 13:57:41.189 22499 22523 I WinlatorXRequest: seq=1305 opcode=155 data=3 bytes=36
08-13 13:57:41.189 22499 22523 I WinlatorXRequest: seq=1306 opcode=155 data=3 bytes=36
08-13 13:57:41.189 22499 22523 I WinlatorXRequest: seq=1307 opcode=155 data=3 bytes=36
08-13 13:57:41.189 22499 22523 I WinlatorXRequest: seq=1308 opcode=155 data=3 bytes=36
08-13 13:57:41.189 22499 22523 I WinlatorXRequest: seq=1309 opcode=155 data=3 bytes=36
08-13 13:57:41.189 22499 22523 I WinlatorXRequest: seq=1310 opcode=155 data=3 bytes=36
08-13 13:57:41.189 22499 22523 I WinlatorXRequest: seq=1311 opcode=155 data=3 bytes=36
08-13 13:57:41.189 22499 22523 I WinlatorXRequest: seq=1312 opcode=155 data=3 bytes=36
08-13 13:57:41.189 22499 22523 I WinlatorXRequest: seq=1313 opcode=155 data=3 bytes=36
08-13 13:57:41.189 22499 22523 I WinlatorXRequest: seq=1314 opcode=155 data=3 bytes=36
08-13 13:57:41.189 22499 22523 I WinlatorXRequest: seq=1315 opcode=155 data=3 bytes=36
08-13 13:57:41.189 22499 22523 I WinlatorXRequest: seq=1316 opcode=155 data=3 bytes=36
08-13 13:57:41.189 22499 22523 I WinlatorXRequest: seq=1317 opcode=155 data=3 bytes=36
08-13 13:57:41.189 22499 22523 I WinlatorXRequest: seq=1318 opcode=155 data=3 bytes=36
08-13 13:57:41.189 22499 22523 I WinlatorXRequest: seq=1319 opcode=155 data=3 bytes=36
08-13 13:57:41.189 22499 22523 I WinlatorXRequest: seq=1320 opcode=155 data=3 bytes=36
08-13 13:57:41.189 22499 22523 I WinlatorXRequest: seq=1321 opcode=155 data=3 bytes=36
08-13 13:57:41.190 22499 22523 I WinlatorXRequest: seq=1322 opcode=155 data=3 bytes=36
08-13 13:57:41.190 22499 22523 I WinlatorXRequest: seq=1323 opcode=155 data=3 bytes=36
08-13 13:57:41.190 22499 22523 I WinlatorXRequest: seq=1324 opcode=155 data=3 bytes=36
08-13 13:57:41.190 22499 22523 I WinlatorXRequest: seq=1325 opcode=155 data=3 bytes=36
08-13 13:57:41.190 22499 22523 I WinlatorXRequest: seq=1326 opcode=155 data=3 bytes=36
08-13 13:57:41.190 22499 22523 I WinlatorXRequest: seq=1327 opcode=155 data=3 bytes=36
08-13 13:57:41.190 22499 22523 I WinlatorXRequest: seq=1328 opcode=155 data=3 bytes=36
08-13 13:57:41.190 22499 22523 I WinlatorXRequest: seq=1329 opcode=155 data=3 bytes=36
08-13 13:57:41.190 22499 22523 I WinlatorXRequest: seq=1330 opcode=155 data=3 bytes=36
08-13 13:57:41.190 22499 22523 I WinlatorXRequest: seq=1331 opcode=155 data=3 bytes=36
08-13 13:57:41.190 22499 22523 I WinlatorXRequest: seq=1332 opcode=155 data=3 bytes=36
08-13 13:57:41.190 22499 22523 I WinlatorXRequest: seq=1333 opcode=155 data=3 bytes=36
08-13 13:57:41.190 22499 22523 I WinlatorXRequest: seq=1334 opcode=155 data=3 bytes=36
08-13 13:57:41.190 22499 22523 I WinlatorXRequest: seq=1335 opcode=155 data=3 bytes=36
08-13 13:57:41.190 22499 22523 I WinlatorXRequest: seq=1336 opcode=155 data=3 bytes=36
08-13 13:57:41.190 22499 22523 I WinlatorXRequest: seq=1337 opcode=155 data=3 bytes=36
08-13 13:57:41.190 22499 22523 I WinlatorXRequest: seq=1338 opcode=155 data=3 bytes=36
08-13 13:57:41.190 22499 22523 I WinlatorXRequest: seq=1339 opcode=155 data=3 bytes=36
08-13 13:57:41.190 22499 22523 I WinlatorXRequest: seq=1340 opcode=155 data=3 bytes=36
08-13 13:57:41.190 22499 22523 I WinlatorXRequest: seq=1341 opcode=155 data=3 bytes=36
08-13 13:57:41.190 22499 22523 I WinlatorXRequest: seq=1342 opcode=155 data=3 bytes=36
08-13 13:57:41.190 22499 22523 I WinlatorXRequest: seq=1343 opcode=155 data=3 bytes=36
08-13 13:57:41.190 22499 22523 I WinlatorXRequest: seq=1344 opcode=155 data=3 bytes=36
08-13 13:57:41.190 22499 22523 I WinlatorXRequest: seq=1345 opcode=155 data=3 bytes=36
08-13 13:57:41.190 22499 22523 I WinlatorXRequest: seq=1346 opcode=155 data=3 bytes=36
08-13 13:57:41.190 22499 22523 I WinlatorXRequest: seq=1347 opcode=155 data=3 bytes=36
08-13 13:57:41.190 22499 22523 I WinlatorXRequest: seq=1348 opcode=155 data=3 bytes=36
08-13 13:57:41.190 22499 22523 I WinlatorXRequest: seq=1349 opcode=155 data=3 bytes=36
08-13 13:57:41.190 22499 22523 I WinlatorXRequest: seq=1350 opcode=155 data=3 bytes=36
08-13 13:57:41.190 22499 22523 I WinlatorXRequest: seq=1351 opcode=155 data=3 bytes=36
08-13 13:57:41.190 22499 22523 I WinlatorXRequest: seq=1352 opcode=155 data=3 bytes=36
08-13 13:57:41.190 22499 22523 I WinlatorXRequest: seq=1353 opcode=155 data=3 bytes=36
08-13 13:57:41.190 22499 22523 I WinlatorXRequest: seq=1354 opcode=155 data=3 bytes=36
08-13 13:57:41.190 22499 22523 I WinlatorXRequest: seq=1355 opcode=155 data=3 bytes=36
08-13 13:57:41.190 22499 22523 I WinlatorXRequest: seq=1356 opcode=155 data=3 bytes=36
08-13 13:57:41.190 22499 22523 I WinlatorXRequest: seq=1357 opcode=155 data=3 bytes=36
08-13 13:57:41.190 22499 22523 I WinlatorXRequest: seq=1358 opcode=155 data=3 bytes=36
08-13 13:57:41.190 22499 22523 I WinlatorXRequest: seq=1359 opcode=155 data=3 bytes=36
08-13 13:57:41.190 22499 22523 I WinlatorXRequest: seq=1360 opcode=155 data=3 bytes=36
08-13 13:57:41.190 22499 22523 I WinlatorXRequest: seq=1361 opcode=155 data=3 bytes=36
08-13 13:57:41.190 22499 22523 I WinlatorXRequest: seq=1362 opcode=155 data=3 bytes=36
08-13 13:57:41.190 22499 22523 I WinlatorXRequest: seq=1363 opcode=155 data=3 bytes=36
08-13 13:57:41.190 22499 22523 I WinlatorXRequest: seq=1364 opcode=155 data=3 bytes=36
08-13 13:57:41.191 22499 22523 I WinlatorXRequest: seq=1365 opcode=155 data=3 bytes=36
08-13 13:57:41.191 22499 22523 I WinlatorXRequest: seq=1366 opcode=155 data=3 bytes=36
08-13 13:57:41.191 22499 22523 I WinlatorXRequest: seq=1367 opcode=155 data=3 bytes=36
08-13 13:57:41.191 22499 22523 I WinlatorXRequest: seq=1368 opcode=155 data=3 bytes=36
08-13 13:57:41.191 22499 22523 I WinlatorXRequest: seq=1369 opcode=155 data=3 bytes=36
08-13 13:57:41.191 22499 22523 I WinlatorXRequest: seq=1370 opcode=155 data=3 bytes=36
08-13 13:57:41.191 22499 22523 I WinlatorXRequest: seq=1371 opcode=155 data=3 bytes=36
08-13 13:57:41.191 22499 22523 I WinlatorXRequest: seq=1372 opcode=155 data=3 bytes=36
08-13 13:57:41.191 22499 22523 I WinlatorXRequest: seq=1373 opcode=155 data=3 bytes=36
08-13 13:57:41.191 22499 22523 I WinlatorXRequest: seq=1374 opcode=155 data=3 bytes=36
08-13 13:57:41.191 22499 22523 I WinlatorXRequest: seq=1375 opcode=155 data=3 bytes=36
08-13 13:57:41.191 22499 22523 I WinlatorXRequest: seq=1376 opcode=155 data=3 bytes=36
08-13 13:57:41.191 22499 22523 I WinlatorXRequest: seq=1377 opcode=155 data=3 bytes=36
08-13 13:57:41.191 22499 22523 I WinlatorXRequest: seq=1378 opcode=155 data=3 bytes=36
08-13 13:57:41.191 22499 22523 I WinlatorXRequest: seq=1379 opcode=155 data=3 bytes=36
08-13 13:57:41.191 22499 22523 I WinlatorXRequest: seq=1380 opcode=155 data=3 bytes=36
08-13 13:57:41.191 22499 22523 I WinlatorXRequest: seq=1381 opcode=155 data=3 bytes=36
08-13 13:57:41.191 22499 22523 I WinlatorXRequest: seq=1382 opcode=155 data=3 bytes=36
08-13 13:57:41.191 22499 22523 I WinlatorXRequest: seq=1383 opcode=155 data=3 bytes=36
08-13 13:57:41.191 22499 22523 I WinlatorXRequest: seq=1384 opcode=155 data=3 bytes=36
08-13 13:57:41.191 22499 22523 I WinlatorXRequest: seq=1385 opcode=155 data=3 bytes=36
08-13 13:57:41.191 22499 22523 I WinlatorXRequest: seq=1386 opcode=155 data=3 bytes=36
08-13 13:57:41.191 22499 22523 I WinlatorXRequest: seq=1387 opcode=155 data=3 bytes=36
08-13 13:57:41.191 22499 22523 I WinlatorXRequest: seq=1388 opcode=155 data=3 bytes=36
08-13 13:57:41.191 22499 22523 I WinlatorXRequest: seq=1389 opcode=155 data=3 bytes=36
08-13 13:57:41.191 22499 22523 I WinlatorXRequest: seq=1390 opcode=155 data=3 bytes=36
08-13 13:57:41.191 22499 22523 I WinlatorXRequest: seq=1391 opcode=155 data=3 bytes=36
08-13 13:57:41.191 22499 22523 I WinlatorXRequest: seq=1392 opcode=155 data=3 bytes=36
08-13 13:57:41.192 22499 22523 I WinlatorXRequest: seq=1393 opcode=155 data=3 bytes=36
08-13 13:57:41.192 22499 22523 I WinlatorXRequest: seq=1394 opcode=155 data=3 bytes=36
08-13 13:57:41.192 22499 22523 I WinlatorXRequest: seq=1395 opcode=155 data=3 bytes=36
08-13 13:57:41.192 22499 22523 I WinlatorXRequest: seq=1396 opcode=155 data=3 bytes=36
08-13 13:57:41.192 22499 22523 I WinlatorXRequest: seq=1397 opcode=155 data=3 bytes=36
08-13 13:57:41.192 22499 22523 I WinlatorXRequest: seq=1398 opcode=155 data=3 bytes=36
08-13 13:57:41.192 22499 22523 I WinlatorXRequest: seq=1399 opcode=155 data=3 bytes=36
08-13 13:57:41.192 22499 22523 I WinlatorXRequest: seq=1400 opcode=155 data=3 bytes=36
08-13 13:57:41.192 22499 22523 I WinlatorXRequest: seq=1401 opcode=155 data=3 bytes=36
08-13 13:57:41.192 22499 22523 I WinlatorXRequest: seq=1402 opcode=155 data=3 bytes=36
08-13 13:57:41.192 22499 22523 I WinlatorXRequest: seq=1403 opcode=155 data=3 bytes=36
08-13 13:57:41.192 22499 22523 I WinlatorXRequest: seq=1404 opcode=155 data=3 bytes=36
08-13 13:57:41.192 22499 22523 I WinlatorXRequest: seq=1405 opcode=155 data=3 bytes=36
08-13 13:57:41.192 22499 22523 I WinlatorXRequest: seq=1406 opcode=155 data=3 bytes=36
08-13 13:57:41.192 22499 22523 I WinlatorXRequest: seq=1407 opcode=155 data=3 bytes=36
08-13 13:57:41.192 22499 22523 I WinlatorXRequest: seq=1408 opcode=155 data=3 bytes=36
08-13 13:57:41.192 22499 22523 I WinlatorXRequest: seq=1409 opcode=155 data=3 bytes=36
08-13 13:57:41.192 22499 22523 I WinlatorXRequest: seq=1410 opcode=155 data=3 bytes=36
08-13 13:57:41.192 22499 22523 I WinlatorXRequest: seq=1411 opcode=155 data=3 bytes=36
08-13 13:57:41.192 22499 22523 I WinlatorXRequest: seq=1412 opcode=155 data=3 bytes=36
08-13 13:57:41.192 22499 22523 I WinlatorXRequest: seq=1413 opcode=155 data=3 bytes=36
08-13 13:57:41.192 22499 22523 I WinlatorXRequest: seq=1414 opcode=155 data=3 bytes=36
08-13 13:57:41.192 22499 22523 I WinlatorXRequest: seq=1415 opcode=155 data=3 bytes=36
08-13 13:57:41.192 22499 22523 I WinlatorXRequest: seq=1416 opcode=155 data=3 bytes=36
08-13 13:57:41.192 22499 22523 I WinlatorXRequest: seq=1417 opcode=155 data=3 bytes=36
08-13 13:57:41.192 22499 22523 I WinlatorXRequest: seq=1418 opcode=155 data=3 bytes=36
08-13 13:57:41.192 22499 22523 I WinlatorXRequest: seq=1419 opcode=155 data=3 bytes=36
08-13 13:57:41.192 22499 22523 I WinlatorXRequest: seq=1420 opcode=155 data=3 bytes=36
08-13 13:57:41.192 22499 22523 I WinlatorXRequest: seq=1421 opcode=155 data=3 bytes=36
08-13 13:57:41.192 22499 22523 I WinlatorXRequest: seq=1422 opcode=155 data=3 bytes=36
08-13 13:57:41.192 22499 22523 I WinlatorXRequest: seq=1423 opcode=155 data=3 bytes=36
08-13 13:57:41.192 22499 22523 I WinlatorXRequest: seq=1424 opcode=155 data=3 bytes=36
08-13 13:57:41.192 22499 22523 I WinlatorXRequest: seq=1425 opcode=155 data=3 bytes=36
08-13 13:57:41.193 22499 22523 I WinlatorXRequest: seq=1426 opcode=155 data=3 bytes=36
08-13 13:57:41.193 22499 22523 I WinlatorXRequest: seq=1427 opcode=155 data=3 bytes=36
08-13 13:57:41.193 22499 22523 I WinlatorXRequest: seq=1428 opcode=155 data=3 bytes=36
08-13 13:57:41.193 22499 22523 I WinlatorXRequest: seq=1429 opcode=155 data=3 bytes=36
08-13 13:57:41.193 22499 22523 I WinlatorXRequest: seq=1430 opcode=155 data=3 bytes=36
08-13 13:57:41.193 22499 22523 I WinlatorXRequest: seq=1431 opcode=155 data=3 bytes=36
08-13 13:57:41.193 22499 22523 I WinlatorXRequest: seq=1432 opcode=155 data=3 bytes=36
08-13 13:57:41.193 22499 22523 I WinlatorXRequest: seq=1433 opcode=155 data=3 bytes=36
08-13 13:57:41.193 22499 22523 I WinlatorXRequest: seq=1434 opcode=155 data=3 bytes=36
08-13 13:57:41.193 22499 22523 I WinlatorXRequest: seq=1435 opcode=155 data=3 bytes=36
08-13 13:57:41.193 22499 22523 I WinlatorXRequest: seq=1436 opcode=155 data=3 bytes=36
08-13 13:57:41.193 22499 22523 I WinlatorXRequest: seq=1437 opcode=155 data=3 bytes=36
08-13 13:57:41.193 22499 22523 I WinlatorXRequest: seq=1438 opcode=155 data=3 bytes=36
08-13 13:57:41.193 22499 22523 I WinlatorXRequest: seq=1439 opcode=155 data=3 bytes=36
08-13 13:57:41.193 22499 22523 I WinlatorXRequest: seq=1440 opcode=155 data=3 bytes=36
08-13 13:57:41.193 22499 22523 I WinlatorXRequest: seq=1441 opcode=155 data=3 bytes=36
08-13 13:57:41.193 22499 22523 I WinlatorXRequest: seq=1442 opcode=56 data=0 bytes=12
08-13 13:57:41.193 22499 22523 I WinlatorXRequest: seq=1443 opcode=43 data=0 bytes=0
08-13 13:57:41.195 22499 22523 I WinlatorXRequest: seq=1444 opcode=60 data=0 bytes=4
08-13 13:57:41.195 22499 22523 I WinlatorXRequest: seq=1445 opcode=55 data=0 bytes=16
08-13 13:57:41.195 22499 22523 I WinlatorXRequest: seq=1446 opcode=59 data=3 bytes=64
08-13 13:57:41.195 22499 22523 I WinlatorXRequest: seq=1447 opcode=155 data=3 bytes=36
08-13 13:57:41.195 22499 22523 I WinlatorXRequest: seq=1448 opcode=155 data=3 bytes=36
08-13 13:57:41.195 22499 22523 I WinlatorXRequest: seq=1449 opcode=155 data=3 bytes=36
08-13 13:57:41.197 22499 22523 I WinlatorXRequest: seq=1450 opcode=155 data=3 bytes=36
08-13 13:57:41.197 22499 22523 I WinlatorXRequest: seq=1451 opcode=155 data=3 bytes=36
08-13 13:57:41.197 22499 22523 I WinlatorXRequest: seq=1452 opcode=155 data=3 bytes=36
08-13 13:57:41.198 22499 22523 I WinlatorXRequest: seq=1453 opcode=155 data=3 bytes=36
08-13 13:57:41.198 22499 22523 I WinlatorXRequest: seq=1454 opcode=56 data=0 bytes=12
08-13 13:57:41.198 22499 22523 I WinlatorXRequest: seq=1455 opcode=43 data=0 bytes=0
08-13 13:57:41.198 22499 22523 I WinlatorXRequest: seq=1456 opcode=59 data=3 bytes=40
08-13 13:57:41.198 22499 22523 I WinlatorXRequest: seq=1457 opcode=155 data=3 bytes=36
08-13 13:57:41.199 22499 22523 I WinlatorXRequest: seq=1458 opcode=155 data=3 bytes=36
08-13 13:57:41.199 22499 22523 I WinlatorXRequest: seq=1459 opcode=155 data=3 bytes=36
08-13 13:57:41.199 22499 22523 I WinlatorXRequest: seq=1460 opcode=155 data=3 bytes=36
08-13 13:57:41.199 22499 22523 I WinlatorXRequest: seq=1461 opcode=56 data=0 bytes=12
08-13 13:57:41.199 22499 22523 I WinlatorXRequest: seq=1462 opcode=43 data=0 bytes=0
08-13 13:57:41.199 22499 22523 I WinlatorXRequest: seq=1463 opcode=59 data=3 bytes=16
08-13 13:57:41.199 22499 22523 I WinlatorXRequest: seq=1464 opcode=155 data=3 bytes=36
08-13 13:57:41.199 22499 22523 I WinlatorXRequest: seq=1465 opcode=56 data=0 bytes=12
08-13 13:57:41.202 22499 22523 I WinlatorXRequest: seq=1466 opcode=43 data=0 bytes=0
08-13 13:57:41.202 22499 22523 I WinlatorXRequest: seq=1467 opcode=59 data=3 bytes=40
08-13 13:57:41.202 22499 22523 I WinlatorXRequest: seq=1468 opcode=155 data=3 bytes=36
08-13 13:57:41.202 22499 22523 I WinlatorXRequest: seq=1469 opcode=155 data=3 bytes=36
08-13 13:57:41.203 22499 22523 I WinlatorXRequest: seq=1470 opcode=155 data=3 bytes=36
08-13 13:57:41.203 22499 22523 I WinlatorXRequest: seq=1471 opcode=155 data=3 bytes=36
08-13 13:57:41.203 22499 22523 I WinlatorXRequest: seq=1472 opcode=56 data=0 bytes=12
08-13 13:57:41.222 22499 22523 I WinlatorXRequest: seq=1473 opcode=43 data=0 bytes=0
08-13 13:57:41.224 22499 22523 I WinlatorXRequest: seq=1474 opcode=59 data=3 bytes=64
08-13 13:57:41.224 22499 22523 I WinlatorXRequest: seq=1475 opcode=155 data=3 bytes=36
08-13 13:57:41.224 22499 22523 I WinlatorXRequest: seq=1476 opcode=155 data=3 bytes=36
08-13 13:57:41.224 22499 22523 I WinlatorXRequest: seq=1477 opcode=155 data=3 bytes=36
08-13 13:57:41.224 22499 22523 I WinlatorXRequest: seq=1478 opcode=155 data=3 bytes=36
08-13 13:57:41.224 22499 22523 I WinlatorXRequest: seq=1479 opcode=155 data=3 bytes=36
08-13 13:57:41.231 22499 22523 I WinlatorXRequest: seq=1480 opcode=155 data=3 bytes=36
08-13 13:57:41.231 22499 22523 I WinlatorXRequest: seq=1481 opcode=155 data=3 bytes=36
08-13 13:57:41.232 22499 22523 I WinlatorXRequest: seq=1482 opcode=56 data=0 bytes=12
08-13 13:57:41.232 22499 22523 I WinlatorXRequest: seq=1483 opcode=43 data=0 bytes=0
08-13 13:57:41.233 22499 22523 I WinlatorXRequest: seq=1484 opcode=59 data=3 bytes=16
08-13 13:57:41.233 22499 22523 I WinlatorXRequest: seq=1485 opcode=155 data=3 bytes=36
08-13 13:57:41.233 22499 22523 I WinlatorXRequest: seq=1486 opcode=56 data=0 bytes=12
08-13 13:57:41.242 22499 22523 I WinlatorXRequest: seq=1487 opcode=43 data=0 bytes=0
08-13 13:57:41.244 22499 22523 I WinlatorXRequest: seq=1488 opcode=59 data=3 bytes=64
08-13 13:57:41.244 22499 22523 I WinlatorXRequest: seq=1489 opcode=155 data=3 bytes=36
08-13 13:57:41.244 22499 22523 I WinlatorXRequest: seq=1490 opcode=155 data=3 bytes=36
08-13 13:57:41.244 22499 22523 I WinlatorXRequest: seq=1491 opcode=155 data=3 bytes=36
08-13 13:57:41.244 22499 22523 I WinlatorXRequest: seq=1492 opcode=155 data=3 bytes=36
08-13 13:57:41.246 22499 22523 I WinlatorXRequest: seq=1493 opcode=155 data=3 bytes=36
08-13 13:57:41.246 22499 22523 I WinlatorXRequest: seq=1494 opcode=155 data=3 bytes=36
08-13 13:57:41.246 22499 22523 I WinlatorXRequest: seq=1495 opcode=155 data=3 bytes=36
08-13 13:57:41.246 22499 22523 I WinlatorXRequest: seq=1496 opcode=56 data=0 bytes=12
08-13 13:57:41.246 22499 22523 I WinlatorXRequest: seq=1497 opcode=43 data=0 bytes=0
08-13 13:57:41.248 22499 22523 I WinlatorXRequest: seq=1498 opcode=59 data=3 bytes=16
08-13 13:57:41.248 22499 22523 I WinlatorXRequest: seq=1499 opcode=155 data=3 bytes=36
08-13 13:57:41.254 22499 22523 I WinlatorXRequest: seq=1500 opcode=56 data=0 bytes=12
08-13 13:57:41.262 22499 22523 I WinlatorXRequest: seq=1501 opcode=43 data=0 bytes=0
08-13 13:57:41.263 22499 22523 I WinlatorXRequest: seq=1502 opcode=59 data=3 bytes=64
08-13 13:57:41.263 22499 22523 I WinlatorXRequest: seq=1503 opcode=155 data=3 bytes=36
08-13 13:57:41.263 22499 22523 I WinlatorXRequest: seq=1504 opcode=155 data=3 bytes=36
08-13 13:57:41.263 22499 22523 I WinlatorXRequest: seq=1505 opcode=155 data=3 bytes=36
08-13 13:57:41.263 22499 22523 I WinlatorXRequest: seq=1506 opcode=155 data=3 bytes=36
08-13 13:57:41.264 22499 22523 I WinlatorXRequest: seq=1507 opcode=155 data=3 bytes=36
08-13 13:57:41.264 22499 22523 I WinlatorXRequest: seq=1508 opcode=155 data=3 bytes=36
08-13 13:57:41.265 22499 22523 I WinlatorXRequest: seq=1509 opcode=155 data=3 bytes=36
08-13 13:57:41.265 22499 22523 I WinlatorXRequest: seq=1510 opcode=56 data=0 bytes=12
08-13 13:57:41.265 22499 22523 I WinlatorXRequest: seq=1511 opcode=43 data=0 bytes=0
08-13 13:57:41.265 22499 22523 I WinlatorXRequest: seq=1512 opcode=59 data=3 bytes=16
08-13 13:57:41.266 22499 22523 I WinlatorXRequest: seq=1513 opcode=155 data=3 bytes=36
08-13 13:57:41.266 22499 22523 I WinlatorXRequest: seq=1514 opcode=56 data=0 bytes=12
08-13 13:57:41.280  1442  1625 I ANDR-PWR-OPT: PowerHelper: getNodeData() 196: FPS25.900000 FRAMECOUNT27
08-13 13:57:41.280  1442  1625 I ANDR-PWR-OPT: PowerHelper: getFps() 168: Returned fps value: 25.900000
08-13 13:57:41.282 22499 22523 I WinlatorXRequest: seq=1515 opcode=43 data=0 bytes=0
08-13 13:57:41.284 22499 22523 I WinlatorXRequest: seq=1516 opcode=59 data=3 bytes=64
08-13 13:57:41.284 22499 22523 I WinlatorXRequest: seq=1517 opcode=155 data=3 bytes=36
08-13 13:57:41.284 22499 22523 I WinlatorXRequest: seq=1518 opcode=155 data=3 bytes=36
08-13 13:57:41.284 22499 22523 I WinlatorXRequest: seq=1519 opcode=155 data=3 bytes=36
08-13 13:57:41.284 22499 22523 I WinlatorXRequest: seq=1520 opcode=155 data=3 bytes=36
08-13 13:57:41.284 22499 22523 I WinlatorXRequest: seq=1521 opcode=155 data=3 bytes=36
08-13 13:57:41.284 22499 22523 I WinlatorXRequest: seq=1522 opcode=155 data=3 bytes=36
08-13 13:57:41.284 22499 22523 I WinlatorXRequest: seq=1523 opcode=155 data=3 bytes=36
08-13 13:57:41.284 22499 22523 I WinlatorXRequest: seq=1524 opcode=56 data=0 bytes=12
08-13 13:57:41.284 22499 22523 I WinlatorXRequest: seq=1525 opcode=43 data=0 bytes=0
08-13 13:57:41.286 22499 22523 I WinlatorXRequest: seq=1526 opcode=59 data=3 bytes=16
08-13 13:57:41.286 22499 22523 I WinlatorXRequest: seq=1527 opcode=155 data=3 bytes=36
08-13 13:57:41.286 22499 22523 I WinlatorXRequest: seq=1528 opcode=56 data=0 bytes=12
08-13 13:57:41.301 22499 22523 I WinlatorXRequest: seq=1529 opcode=43 data=0 bytes=0
08-13 13:57:41.303 22499 22523 I WinlatorXRequest: seq=1530 opcode=59 data=3 bytes=64
08-13 13:57:41.304 22499 22523 I WinlatorXRequest: seq=1531 opcode=155 data=3 bytes=36
08-13 13:57:41.304 22499 22523 I WinlatorXRequest: seq=1532 opcode=155 data=3 bytes=36
08-13 13:57:41.304 22499 22523 I WinlatorXRequest: seq=1533 opcode=155 data=3 bytes=36
08-13 13:57:41.304 22499 22523 I WinlatorXRequest: seq=1534 opcode=155 data=3 bytes=36
08-13 13:57:41.304 22499 22523 I WinlatorXRequest: seq=1535 opcode=155 data=3 bytes=36
08-13 13:57:41.304 22499 22523 I WinlatorXRequest: seq=1536 opcode=155 data=3 bytes=36
08-13 13:57:41.304 22499 22523 I WinlatorXRequest: seq=1537 opcode=155 data=3 bytes=36
08-13 13:57:41.305 22499 22523 I WinlatorXRequest: seq=1538 opcode=56 data=0 bytes=12
08-13 13:57:41.305 22499 22523 I WinlatorXRequest: seq=1539 opcode=43 data=0 bytes=0
08-13 13:57:41.306 22499 22523 I WinlatorXRequest: seq=1540 opcode=59 data=3 bytes=16
08-13 13:57:41.306 22499 22523 I WinlatorXRequest: seq=1541 opcode=155 data=3 bytes=36
08-13 13:57:41.312 22499 22523 I WinlatorXRequest: seq=1542 opcode=56 data=0 bytes=12
08-13 13:57:41.321 22499 22523 I WinlatorXRequest: seq=1543 opcode=43 data=0 bytes=0
08-13 13:57:41.323 22499 22523 I WinlatorXRequest: seq=1544 opcode=59 data=3 bytes=64
08-13 13:57:41.323 22499 22523 I WinlatorXRequest: seq=1545 opcode=155 data=3 bytes=36
08-13 13:57:41.323 22499 22523 I WinlatorXRequest: seq=1546 opcode=155 data=3 bytes=36
08-13 13:57:41.323 22499 22523 I WinlatorXRequest: seq=1547 opcode=155 data=3 bytes=36
08-13 13:57:41.323 22499 22523 I WinlatorXRequest: seq=1548 opcode=155 data=3 bytes=36
08-13 13:57:41.323 22499 22523 I WinlatorXRequest: seq=1549 opcode=155 data=3 bytes=36
08-13 13:57:41.323 22499 22523 I WinlatorXRequest: seq=1550 opcode=155 data=3 bytes=36
08-13 13:57:41.323 22499 22523 I WinlatorXRequest: seq=1551 opcode=155 data=3 bytes=36
08-13 13:57:41.324 22499 22523 I WinlatorXRequest: seq=1552 opcode=56 data=0 bytes=12
08-13 13:57:41.324 22499 22523 I WinlatorXRequest: seq=1553 opcode=43 data=0 bytes=0
08-13 13:57:41.325 22499 22523 I WinlatorXRequest: seq=1554 opcode=59 data=3 bytes=16
08-13 13:57:41.325 22499 22523 I WinlatorXRequest: seq=1555 opcode=155 data=3 bytes=36
08-13 13:57:41.325 22499 22523 I WinlatorXRequest: seq=1556 opcode=56 data=0 bytes=12
08-13 13:57:41.340 22499 22523 I WinlatorXRequest: seq=1557 opcode=43 data=0 bytes=0
08-13 13:57:41.341 22499 22523 I WinlatorXRequest: seq=1558 opcode=59 data=3 bytes=16
08-13 13:57:41.341 22499 22523 I WinlatorXRequest: seq=1559 opcode=155 data=3 bytes=36
08-13 13:57:41.341 22499 22523 I WinlatorXRequest: seq=1560 opcode=56 data=0 bytes=12
08-13 13:57:41.343 22499 22523 I WinlatorXRequest: seq=1561 opcode=59 data=3 bytes=40
08-13 13:57:41.343 22499 22523 I WinlatorXRequest: seq=1562 opcode=155 data=3 bytes=36
08-13 13:57:41.343 22499 22523 I WinlatorXRequest: seq=1563 opcode=155 data=3 bytes=36
08-13 13:57:41.343 22499 22523 I WinlatorXRequest: seq=1564 opcode=155 data=3 bytes=36
08-13 13:57:41.343 22499 22523 I WinlatorXRequest: seq=1565 opcode=155 data=3 bytes=36
08-13 13:57:41.343 22499 22523 I WinlatorXRequest: seq=1566 opcode=56 data=0 bytes=12
08-13 13:57:41.344 22499 22523 I WinlatorXRequest: seq=1567 opcode=43 data=0 bytes=0
08-13 13:57:41.345 22499 22523 I WinlatorXRequest: seq=1568 opcode=59 data=3 bytes=16
08-13 13:57:41.345 22499 22523 I WinlatorXRequest: seq=1569 opcode=155 data=3 bytes=36
08-13 13:57:41.345 22499 22523 I WinlatorXRequest: seq=1570 opcode=56 data=0 bytes=12
08-13 13:57:41.362 22499 22523 I WinlatorXRequest: seq=1571 opcode=43 data=0 bytes=0
08-13 13:57:41.364 22499 22523 I WinlatorXRequest: seq=1572 opcode=59 data=3 bytes=40
08-13 13:57:41.364 22499 22523 I WinlatorXRequest: seq=1573 opcode=155 data=3 bytes=36
08-13 13:57:41.364 22499 22523 I WinlatorXRequest: seq=1574 opcode=155 data=3 bytes=36
08-13 13:57:41.364 22499 22523 I WinlatorXRequest: seq=1575 opcode=155 data=3 bytes=36
08-13 13:57:41.364 22499 22523 I WinlatorXRequest: seq=1576 opcode=155 data=3 bytes=36
08-13 13:57:41.364 22499 22523 I WinlatorXRequest: seq=1577 opcode=56 data=0 bytes=12
08-13 13:57:41.370 22499 22523 I WinlatorXRequest: seq=1578 opcode=43 data=0 bytes=0
08-13 13:57:41.371 22499 22523 I WinlatorXRequest: seq=1579 opcode=59 data=3 bytes=16
08-13 13:57:41.371 22499 22523 I WinlatorXRequest: seq=1580 opcode=155 data=3 bytes=36
08-13 13:57:41.372 22499 22523 I WinlatorXRequest: seq=1581 opcode=56 data=0 bytes=12
08-13 13:57:41.380  1583  1776 E ComposerExtn: SmoMoState::FrameIsLate: queued_frames >= 2
08-13 13:57:41.382 22499 22523 I WinlatorXRequest: seq=1582 opcode=43 data=0 bytes=0
08-13 13:57:41.384 22499 22523 I WinlatorXRequest: seq=1583 opcode=59 data=3 bytes=40
08-13 13:57:41.384 22499 22523 I WinlatorXRequest: seq=1584 opcode=155 data=3 bytes=36
08-13 13:57:41.384 22499 22523 I WinlatorXRequest: seq=1585 opcode=155 data=3 bytes=36
08-13 13:57:41.384 22499 22523 I WinlatorXRequest: seq=1586 opcode=155 data=3 bytes=36
08-13 13:57:41.384 22499 22523 I WinlatorXRequest: seq=1587 opcode=155 data=3 bytes=36
08-13 13:57:41.384 22499 22523 I WinlatorXRequest: seq=1588 opcode=56 data=0 bytes=12
08-13 13:57:41.384 22499 22523 I WinlatorXRequest: seq=1589 opcode=43 data=0 bytes=0
08-13 13:57:41.385 22499 22523 I WinlatorXRequest: seq=1590 opcode=59 data=3 bytes=16
08-13 13:57:41.385 22499 22523 I WinlatorXRequest: seq=1591 opcode=155 data=3 bytes=36
08-13 13:57:41.386 22499 22523 I WinlatorXRequest: seq=1592 opcode=56 data=0 bytes=12
08-13 13:57:41.391  1583  1776 E ComposerExtn: SmoMoState::FrameIsLate: queued_frames >= 2
08-13 13:57:41.398  1583  1776 E ComposerExtn: SmoMoState::FrameIsLate: queued_frames >= 2
08-13 13:57:41.402 22499 22523 I WinlatorXRequest: seq=1593 opcode=43 data=0 bytes=0
08-13 13:57:41.404 22499 22523 I WinlatorXRequest: seq=1594 opcode=59 data=3 bytes=40
08-13 13:57:41.404 22499 22523 I WinlatorXRequest: seq=1595 opcode=155 data=3 bytes=36
08-13 13:57:41.404 22499 22523 I WinlatorXRequest: seq=1596 opcode=155 data=3 bytes=36
08-13 13:57:41.405 22499 22523 I WinlatorXRequest: seq=1597 opcode=155 data=3 bytes=36
08-13 13:57:41.405 22499 22523 I WinlatorXRequest: seq=1598 opcode=155 data=3 bytes=36
08-13 13:57:41.405 22499 22523 I WinlatorXRequest: seq=1599 opcode=56 data=0 bytes=12
08-13 13:57:41.405 22499 22523 I WinlatorXRequest: seq=1600 opcode=43 data=0 bytes=0
08-13 13:57:41.406 22499 22523 I WinlatorXRequest: seq=1601 opcode=59 data=3 bytes=16
08-13 13:57:41.407 22499 22523 I WinlatorXRequest: seq=1602 opcode=155 data=3 bytes=36
08-13 13:57:41.413 22499 22523 I WinlatorXRequest: seq=1603 opcode=56 data=0 bytes=12
08-13 13:57:41.413  1583  1776 E ComposerExtn: SmoMoState::FrameIsLate: queued_frames >= 2
08-13 13:57:41.417  1583  1776 E ComposerExtn: SmoMoState::FrameIsLate: queued_frames >= 2
08-13 13:57:41.422 22499 22523 I WinlatorXRequest: seq=1604 opcode=43 data=0 bytes=0
08-13 13:57:41.423 22499 22523 I WinlatorXRequest: seq=1605 opcode=59 data=3 bytes=40
08-13 13:57:41.424 22499 22523 I WinlatorXRequest: seq=1606 opcode=155 data=3 bytes=36
08-13 13:57:41.424 22499 22523 I WinlatorXRequest: seq=1607 opcode=155 data=3 bytes=36
08-13 13:57:41.424 22499 22523 I WinlatorXRequest: seq=1608 opcode=155 data=3 bytes=36
08-13 13:57:41.424 22499 22523 I WinlatorXRequest: seq=1609 opcode=155 data=3 bytes=36
08-13 13:57:41.425 22499 22523 I WinlatorXRequest: seq=1610 opcode=56 data=0 bytes=12
08-13 13:57:41.425 22499 22523 I WinlatorXRequest: seq=1611 opcode=43 data=0 bytes=0
08-13 13:57:41.426  1583  1776 E ComposerExtn: SmoMoState::FrameIsLate: queued_frames >= 2
08-13 13:57:41.426 22499 22523 I WinlatorXRequest: seq=1612 opcode=59 data=3 bytes=16
08-13 13:57:41.426 22499 22523 I WinlatorXRequest: seq=1613 opcode=155 data=3 bytes=36
08-13 13:57:41.426 22499 22523 I WinlatorXRequest: seq=1614 opcode=56 data=0 bytes=12
08-13 13:57:41.436  1583  1776 E ComposerExtn: SmoMoState::FrameIsLate: queued_frames >= 2
08-13 13:57:41.442 22499 22523 I WinlatorXRequest: seq=1615 opcode=43 data=0 bytes=0
08-13 13:57:41.443 22499 22523 I WinlatorXRequest: seq=1616 opcode=59 data=3 bytes=40
08-13 13:57:41.443 22499 22523 I WinlatorXRequest: seq=1617 opcode=155 data=3 bytes=36
08-13 13:57:41.443 22499 22523 I WinlatorXRequest: seq=1618 opcode=155 data=3 bytes=36
08-13 13:57:41.444 22499 22523 I WinlatorXRequest: seq=1619 opcode=155 data=3 bytes=36
08-13 13:57:41.444 22499 22523 I WinlatorXRequest: seq=1620 opcode=155 data=3 bytes=36
08-13 13:57:41.446 22499 22523 I WinlatorXRequest: seq=1621 opcode=56 data=0 bytes=12
08-13 13:57:41.446 22499 22523 I WinlatorXRequest: seq=1622 opcode=43 data=0 bytes=0
08-13 13:57:41.447  1583  1776 E ComposerExtn: SmoMoState::FrameIsLate: queued_frames >= 2
08-13 13:57:41.447 22499 22523 I WinlatorXRequest: seq=1623 opcode=59 data=3 bytes=16
08-13 13:57:41.448 22499 22523 I WinlatorXRequest: seq=1624 opcode=155 data=3 bytes=36
08-13 13:57:41.451 22499 22523 I WinlatorXRequest: seq=1625 opcode=56 data=0 bytes=12
08-13 13:57:41.451  1583  1776 E ComposerExtn: SmoMoState::FrameIsLate: queued_frames >= 2
08-13 13:57:41.458  1583  1776 E ComposerExtn: SmoMoState::FrameIsLate: queued_frames >= 2
08-13 13:57:41.461 22499 22523 I WinlatorXRequest: seq=1626 opcode=59 data=3 bytes=16
08-13 13:57:41.461 22499 22523 I WinlatorXRequest: seq=1627 opcode=155 data=3 bytes=36
08-13 13:57:41.461 22499 22523 I WinlatorXRequest: seq=1628 opcode=56 data=0 bytes=12
08-13 13:57:41.461 22499 22523 I WinlatorXRequest: seq=1629 opcode=60 data=0 bytes=4
08-13 13:57:41.461 22499 22523 I WinlatorXRequest: seq=1630 opcode=55 data=0 bytes=16
08-13 13:57:41.462 22499 22523 I WinlatorXRequest: seq=1631 opcode=59 data=3 bytes=16
08-13 13:57:41.462 22499 22523 I WinlatorXRequest: seq=1632 opcode=155 data=3 bytes=36
08-13 13:57:41.462 22499 22523 I WinlatorXRequest: seq=1633 opcode=56 data=0 bytes=12
08-13 13:57:41.462 22499 22523 I WinlatorXRequest: seq=1634 opcode=43 data=0 bytes=0
08-13 13:57:41.464 22499 22523 I WinlatorXRequest: seq=1635 opcode=60 data=0 bytes=4
08-13 13:57:41.464 22499 22523 I WinlatorXRequest: seq=1636 opcode=55 data=0 bytes=16
08-13 13:57:41.470 22499 22523 I WinlatorXRequest: seq=1637 opcode=59 data=3 bytes=40
08-13 13:57:41.470 22499 22523 I WinlatorXRequest: seq=1638 opcode=155 data=3 bytes=36
08-13 13:57:41.470 22499 22523 I WinlatorXRequest: seq=1639 opcode=155 data=3 bytes=36
08-13 13:57:41.471 22499 22523 I WinlatorXRequest: seq=1640 opcode=155 data=3 bytes=36
08-13 13:57:41.471 22499 22523 I WinlatorXRequest: seq=1641 opcode=155 data=3 bytes=36
08-13 13:57:41.471 22499 22523 I WinlatorXRequest: seq=1642 opcode=56 data=0 bytes=12
08-13 13:57:41.471 22499 22523 I WinlatorXRequest: seq=1643 opcode=43 data=0 bytes=0
08-13 13:57:41.471  1583  1776 E ComposerExtn: SmoMoState::FrameIsLate: queued_frames >= 2
08-13 13:57:41.472 22499 22523 I WinlatorXRequest: seq=1644 opcode=59 data=3 bytes=16
08-13 13:57:41.472 22499 22523 I WinlatorXRequest: seq=1645 opcode=155 data=3 bytes=36
08-13 13:57:41.473 22499 22523 I WinlatorXRequest: seq=1646 opcode=56 data=0 bytes=12
08-13 13:57:41.474  1583  1776 E ComposerExtn: SmoMoState::FrameIsLate: queued_frames >= 2
08-13 13:57:41.482 22499 22523 I WinlatorXRequest: seq=1647 opcode=43 data=0 bytes=0
08-13 13:57:41.482  1583  1776 E ComposerExtn: SmoMoState::FrameIsLate: queued_frames >= 2
08-13 13:57:41.483 22499 22523 I WinlatorXRequest: seq=1648 opcode=59 data=3 bytes=40
08-13 13:57:41.484 22499 22523 I WinlatorXRequest: seq=1649 opcode=155 data=3 bytes=36
08-13 13:57:41.484 22499 22523 I WinlatorXRequest: seq=1650 opcode=155 data=3 bytes=36
08-13 13:57:41.484 22499 22523 I WinlatorXRequest: seq=1651 opcode=155 data=3 bytes=36
08-13 13:57:41.484 22499 22523 I WinlatorXRequest: seq=1652 opcode=155 data=3 bytes=36
08-13 13:57:41.484 22499 22523 I WinlatorXRequest: seq=1653 opcode=56 data=0 bytes=12
08-13 13:57:41.484 22499 22523 I WinlatorXRequest: seq=1654 opcode=43 data=0 bytes=0
08-13 13:57:41.485 22499 22523 I WinlatorXRequest: seq=1655 opcode=59 data=3 bytes=16
08-13 13:57:41.485 22499 22523 I WinlatorXRequest: seq=1656 opcode=155 data=3 bytes=36
08-13 13:57:41.486 22499 22523 I WinlatorXRequest: seq=1657 opcode=56 data=0 bytes=12
08-13 13:57:41.493  1583  1776 E ComposerExtn: SmoMoState::FrameIsLate: queued_frames >= 2
08-13 13:57:41.498  1583  1776 E ComposerExtn: SmoMoState::FrameIsLate: queued_frames >= 2
08-13 13:57:41.502 22499 22523 I WinlatorXRequest: seq=1658 opcode=43 data=0 bytes=0
08-13 13:57:41.505 22499 22523 I WinlatorXRequest: seq=1659 opcode=59 data=3 bytes=40
08-13 13:57:41.505 22499 22523 I WinlatorXRequest: seq=1660 opcode=155 data=3 bytes=36
08-13 13:57:41.505 22499 22523 I WinlatorXRequest: seq=1661 opcode=155 data=3 bytes=36
08-13 13:57:41.505 22499 22523 I WinlatorXRequest: seq=1662 opcode=155 data=3 bytes=36
08-13 13:57:41.505 22499 22523 I WinlatorXRequest: seq=1663 opcode=155 data=3 bytes=36
08-13 13:57:41.505 22499 22523 I WinlatorXRequest: seq=1664 opcode=56 data=0 bytes=12
08-13 13:57:41.508 22499 22523 I WinlatorXRequest: seq=1665 opcode=43 data=0 bytes=0
08-13 13:57:41.508  1583  1776 E ComposerExtn: SmoMoState::FrameIsLate: queued_frames >= 2
08-13 13:57:41.509 22499 22523 I WinlatorXRequest: seq=1666 opcode=59 data=3 bytes=16
08-13 13:57:41.509 22499 22523 I WinlatorXRequest: seq=1667 opcode=155 data=3 bytes=36
08-13 13:57:41.509 22499 22523 I WinlatorXRequest: seq=1668 opcode=56 data=0 bytes=12
08-13 13:57:41.516  1583  1776 E ComposerExtn: SmoMoState::FrameIsLate: queued_frames >= 2
08-13 13:57:41.522 22499 22523 I WinlatorXRequest: seq=1669 opcode=43 data=0 bytes=0
08-13 13:57:41.523  1583  1776 E ComposerExtn: SmoMoState::FrameIsLate: queued_frames >= 2
08-13 13:57:41.524 22499 22523 I WinlatorXRequest: seq=1670 opcode=59 data=3 bytes=40
08-13 13:57:41.524 22499 22523 I WinlatorXRequest: seq=1671 opcode=155 data=3 bytes=36
08-13 13:57:41.524 22499 22523 I WinlatorXRequest: seq=1672 opcode=155 data=3 bytes=36
08-13 13:57:41.524 22499 22523 I WinlatorXRequest: seq=1673 opcode=155 data=3 bytes=36
08-13 13:57:41.524 22499 22523 I WinlatorXRequest: seq=1674 opcode=155 data=3 bytes=36
08-13 13:57:41.524 22499 22523 I WinlatorXRequest: seq=1675 opcode=56 data=0 bytes=12
08-13 13:57:41.524 22499 22523 I WinlatorXRequest: seq=1676 opcode=43 data=0 bytes=0
08-13 13:57:41.525 22499 22523 I WinlatorXRequest: seq=1677 opcode=59 data=3 bytes=16
08-13 13:57:41.525 22499 22523 I WinlatorXRequest: seq=1678 opcode=155 data=3 bytes=36
08-13 13:57:41.526 22499 22523 I WinlatorXRequest: seq=1679 opcode=56 data=0 bytes=12
08-13 13:57:41.532 22499 22523 I WinlatorXRequest: seq=1680 opcode=43 data=0 bytes=0
08-13 13:57:41.533  1583  1776 E ComposerExtn: SmoMoState::FrameIsLate: queued_frames >= 2
08-13 13:57:41.533 22499 22523 I WinlatorXRequest: seq=1681 opcode=59 data=3 bytes=24
08-13 13:57:41.533 22499 22523 I WinlatorXRequest: seq=1682 opcode=155 data=3 bytes=36
08-13 13:57:41.534 22499 22523 I WinlatorXRequest: seq=1683 opcode=155 data=3 bytes=36
08-13 13:57:41.534 22499 22523 I WinlatorXRequest: seq=1684 opcode=56 data=0 bytes=12
08-13 13:57:41.534 22499 22523 I WinlatorXRequest: seq=1685 opcode=43 data=0 bytes=0
08-13 13:57:41.535 22499 22523 I WinlatorXRequest: seq=1686 opcode=59 data=3 bytes=16
08-13 13:57:41.535 22499 22523 I WinlatorXRequest: seq=1687 opcode=155 data=3 bytes=36
08-13 13:57:41.536 22499 22523 I WinlatorXRequest: seq=1688 opcode=56 data=0 bytes=12
08-13 13:57:41.545 22499 22523 I WinlatorXRequest: seq=1689 opcode=43 data=0 bytes=0
08-13 13:57:41.545  1583  1776 E ComposerExtn: SmoMoState::FrameIsLate: queued_frames >= 2
08-13 13:57:41.546 22499 22523 I WinlatorXRequest: seq=1690 opcode=59 data=3 bytes=40
08-13 13:57:41.546 22499 22523 I WinlatorXRequest: seq=1691 opcode=155 data=3 bytes=36
08-13 13:57:41.546 22499 22523 I WinlatorXRequest: seq=1692 opcode=155 data=3 bytes=36
08-13 13:57:41.546 22499 22523 I WinlatorXRequest: seq=1693 opcode=155 data=3 bytes=36
08-13 13:57:41.546 22499 22523 I WinlatorXRequest: seq=1694 opcode=155 data=3 bytes=36
08-13 13:57:41.546 22499 22523 I WinlatorXRequest: seq=1695 opcode=56 data=0 bytes=12
08-13 13:57:41.550  1583  1776 E ComposerExtn: SmoMoState::FrameIsLate: queued_frames >= 2
08-13 13:57:41.556  1583  1776 E ComposerExtn: SmoMoState::FrameIsLate: queued_frames >= 2
08-13 13:57:41.563 22499 22523 I WinlatorXRequest: seq=1696 opcode=43 data=0 bytes=0
08-13 13:57:41.564 22499 22523 I WinlatorXRequest: seq=1697 opcode=59 data=3 bytes=40
08-13 13:57:41.564 22499 22523 I WinlatorXRequest: seq=1698 opcode=155 data=3 bytes=36
08-13 13:57:41.564 22499 22523 I WinlatorXRequest: seq=1699 opcode=155 data=3 bytes=36
08-13 13:57:41.565 22499 22523 I WinlatorXRequest: seq=1700 opcode=155 data=3 bytes=36
08-13 13:57:41.565 22499 22523 I WinlatorXRequest: seq=1701 opcode=155 data=3 bytes=36
08-13 13:57:41.567 22499 22523 I WinlatorXRequest: seq=1702 opcode=56 data=0 bytes=12
08-13 13:57:41.567  1583  1776 E ComposerExtn: SmoMoState::FrameIsLate: queued_frames >= 2
08-13 13:57:41.575  1583  1776 E ComposerExtn: SmoMoState::FrameIsLate: queued_frames >= 2
08-13 13:57:41.582 22499 22523 I WinlatorXRequest: seq=1703 opcode=43 data=0 bytes=0
08-13 13:57:41.583 22499 22523 I WinlatorXRequest: seq=1704 opcode=59 data=3 bytes=40
08-13 13:57:41.583 22499 22523 I WinlatorXRequest: seq=1705 opcode=155 data=3 bytes=36
08-13 13:57:41.584 22499 22523 I WinlatorXRequest: seq=1706 opcode=155 data=3 bytes=36
08-13 13:57:41.586 22499 22523 I WinlatorXRequest: seq=1707 opcode=155 data=3 bytes=36
08-13 13:57:41.586 22499 22523 I WinlatorXRequest: seq=1708 opcode=155 data=3 bytes=36
08-13 13:57:41.586 22499 22523 I WinlatorXRequest: seq=1709 opcode=56 data=0 bytes=12
08-13 13:57:41.586  1583  1776 E ComposerExtn: SmoMoState::FrameIsLate: queued_frames >= 2
08-13 13:57:41.591  1583  1776 E ComposerExtn: SmoMoState::FrameIsLate: queued_frames >= 2
08-13 13:57:41.603 22499 22523 I WinlatorXRequest: seq=1710 opcode=43 data=0 bytes=0
08-13 13:57:41.605 22499 22523 I WinlatorXRequest: seq=1711 opcode=59 data=3 bytes=40
08-13 13:57:41.605 22499 22523 I WinlatorXRequest: seq=1712 opcode=155 data=3 bytes=36
08-13 13:57:41.605 22499 22523 I WinlatorXRequest: seq=1713 opcode=155 data=3 bytes=36
08-13 13:57:41.606 22499 22523 I WinlatorXRequest: seq=1714 opcode=155 data=3 bytes=36
08-13 13:57:41.606 22499 22523 I WinlatorXRequest: seq=1715 opcode=155 data=3 bytes=36
08-13 13:57:41.606 22499 22523 I WinlatorXRequest: seq=1716 opcode=56 data=0 bytes=12
08-13 13:57:41.610  1583  1776 E ComposerExtn: SmoMoState::FrameIsLate: queued_frames >= 2
08-13 13:57:41.612  1583  1776 E ComposerExtn: SmoMoState::FrameIsLate: queued_frames >= 2
08-13 13:57:41.622 22499 22523 I WinlatorXRequest: seq=1717 opcode=43 data=0 bytes=0
08-13 13:57:41.623 22499 22523 I WinlatorXRequest: seq=1718 opcode=59 data=3 bytes=40
08-13 13:57:41.623 22499 22523 I WinlatorXRequest: seq=1719 opcode=155 data=3 bytes=36
08-13 13:57:41.624 22499 22523 I WinlatorXRequest: seq=1720 opcode=155 data=3 bytes=36
08-13 13:57:41.624 22499 22523 I WinlatorXRequest: seq=1721 opcode=155 data=3 bytes=36
08-13 13:57:41.624 22499 22523 I WinlatorXRequest: seq=1722 opcode=155 data=3 bytes=36
08-13 13:57:41.624 22499 22523 I WinlatorXRequest: seq=1723 opcode=56 data=0 bytes=12
08-13 13:57:41.642 22499 22523 I WinlatorXRequest: seq=1724 opcode=43 data=0 bytes=0
08-13 13:57:41.644 22499 22523 I WinlatorXRequest: seq=1725 opcode=59 data=3 bytes=40
08-13 13:57:41.644 22499 22523 I WinlatorXRequest: seq=1726 opcode=155 data=3 bytes=36
08-13 13:57:41.644 22499 22523 I WinlatorXRequest: seq=1727 opcode=155 data=3 bytes=36
08-13 13:57:41.644 22499 22523 I WinlatorXRequest: seq=1728 opcode=155 data=3 bytes=36
08-13 13:57:41.644 22499 22523 I WinlatorXRequest: seq=1729 opcode=155 data=3 bytes=36
08-13 13:57:41.644 22499 22523 I WinlatorXRequest: seq=1730 opcode=56 data=0 bytes=12
08-13 13:57:41.644 22499 22523 I WinlatorXRequest: seq=1731 opcode=43 data=0 bytes=0
08-13 13:57:41.645 22499 22523 I WinlatorXRequest: seq=1732 opcode=59 data=3 bytes=16
08-13 13:57:41.646 22499 22523 I WinlatorXRequest: seq=1733 opcode=155 data=3 bytes=36
08-13 13:57:41.647 22499 22523 I WinlatorXRequest: seq=1734 opcode=56 data=0 bytes=12
08-13 13:57:41.651  1583  1776 E ComposerExtn: SmoMoState::FrameIsLate: queued_frames >= 2
08-13 13:57:41.663 22499 22523 I WinlatorXRequest: seq=1735 opcode=59 data=3 bytes=16
08-13 13:57:41.663 22499 22523 I WinlatorXRequest: seq=1736 opcode=155 data=3 bytes=36
08-13 13:57:41.663 22499 22523 I WinlatorXRequest: seq=1737 opcode=56 data=0 bytes=12
08-13 13:57:41.683 22499 22523 I WinlatorXRequest: seq=1738 opcode=43 data=0 bytes=0
08-13 13:57:41.684 22499 22523 I WinlatorXRequest: seq=1739 opcode=59 data=3 bytes=16
08-13 13:57:41.684 22499 22523 I WinlatorXRequest: seq=1740 opcode=155 data=3 bytes=36
08-13 13:57:41.684 22499 22523 I WinlatorXRequest: seq=1741 opcode=56 data=0 bytes=12
08-13 13:57:41.702 22499 22523 I WinlatorXRequest: seq=1742 opcode=43 data=0 bytes=0
08-13 13:57:41.703 22499 22523 I WinlatorXRequest: seq=1743 opcode=59 data=3 bytes=16
08-13 13:57:41.703 22499 22523 I WinlatorXRequest: seq=1744 opcode=155 data=3 bytes=36
08-13 13:57:41.704 22499 22523 I WinlatorXRequest: seq=1745 opcode=56 data=0 bytes=12
08-13 13:57:41.722 22499 22523 I WinlatorXRequest: seq=1746 opcode=43 data=0 bytes=0
08-13 13:57:41.723 22499 22523 I WinlatorXRequest: seq=1747 opcode=59 data=3 bytes=16
08-13 13:57:41.723 22499 22523 I WinlatorXRequest: seq=1748 opcode=155 data=3 bytes=36
08-13 13:57:41.723 22499 22523 I WinlatorXRequest: seq=1749 opcode=56 data=0 bytes=12
08-13 13:57:41.743 22499 22523 I WinlatorXRequest: seq=1750 opcode=43 data=0 bytes=0
08-13 13:57:41.744 22499 22523 I WinlatorXRequest: seq=1751 opcode=59 data=3 bytes=16
08-13 13:57:41.744 22499 22523 I WinlatorXRequest: seq=1752 opcode=155 data=3 bytes=36
08-13 13:57:41.744 22499 22523 I WinlatorXRequest: seq=1753 opcode=56 data=0 bytes=12
08-13 13:57:41.762 22499 22523 I WinlatorXRequest: seq=1754 opcode=43 data=0 bytes=0
08-13 13:57:41.764 22499 22523 I WinlatorXRequest: seq=1755 opcode=59 data=3 bytes=16
08-13 13:57:41.764 22499 22523 I WinlatorXRequest: seq=1756 opcode=155 data=3 bytes=36
08-13 13:57:41.765 22499 22523 I WinlatorXRequest: seq=1757 opcode=56 data=0 bytes=12
08-13 13:57:41.780  1442  1625 I ANDR-PWR-OPT: PowerHelper: getNodeData() 196: FPS49.900002 FRAMECOUNT77
08-13 13:57:41.780  1442  1625 I ANDR-PWR-OPT: PowerHelper: getFps() 168: Returned fps value: 49.900002
08-13 13:57:41.783 22499 22523 I WinlatorXRequest: seq=1758 opcode=43 data=0 bytes=0
08-13 13:57:41.784 22499 22523 I WinlatorXRequest: seq=1759 opcode=59 data=3 bytes=16
08-13 13:57:41.784 22499 22523 I WinlatorXRequest: seq=1760 opcode=155 data=3 bytes=36
08-13 13:57:41.785 22499 22523 I WinlatorXRequest: seq=1761 opcode=56 data=0 bytes=12
08-13 13:57:41.802 22499 22523 I WinlatorXRequest: seq=1762 opcode=43 data=0 bytes=0
08-13 13:57:41.804 22499 22523 I WinlatorXRequest: seq=1763 opcode=59 data=3 bytes=16
08-13 13:57:41.804 22499 22523 I WinlatorXRequest: seq=1764 opcode=155 data=3 bytes=36
08-13 13:57:41.805 22499 22523 I WinlatorXRequest: seq=1765 opcode=56 data=0 bytes=12
08-13 13:57:41.822 22499 22523 I WinlatorXRequest: seq=1766 opcode=43 data=0 bytes=0
08-13 13:57:41.824 22499 22523 I WinlatorXRequest: seq=1767 opcode=59 data=3 bytes=16
08-13 13:57:41.824 22499 22523 I WinlatorXRequest: seq=1768 opcode=155 data=3 bytes=36
08-13 13:57:41.824 22499 22523 I WinlatorXRequest: seq=1769 opcode=56 data=0 bytes=12
08-13 13:57:41.843 22499 22523 I WinlatorXRequest: seq=1770 opcode=43 data=0 bytes=0
08-13 13:57:41.844 22499 22523 I WinlatorXRequest: seq=1771 opcode=59 data=3 bytes=16
08-13 13:57:41.844 22499 22523 I WinlatorXRequest: seq=1772 opcode=155 data=3 bytes=36
08-13 13:57:41.844 22499 22523 I WinlatorXRequest: seq=1773 opcode=56 data=0 bytes=12
08-13 13:57:41.863 22499 22523 I WinlatorXRequest: seq=1774 opcode=43 data=0 bytes=0
08-13 13:57:41.863 22499 22523 I WinlatorXRequest: seq=1775 opcode=59 data=3 bytes=16
08-13 13:57:41.863 22499 22523 I WinlatorXRequest: seq=1776 opcode=155 data=3 bytes=36
08-13 13:57:41.864 22499 22523 I WinlatorXRequest: seq=1777 opcode=56 data=0 bytes=12
08-13 13:57:41.882 22499 22523 I WinlatorXRequest: seq=1778 opcode=43 data=0 bytes=0
08-13 13:57:41.883 22499 22523 I WinlatorXRequest: seq=1779 opcode=59 data=3 bytes=16
08-13 13:57:41.883 22499 22523 I WinlatorXRequest: seq=1780 opcode=155 data=3 bytes=36
08-13 13:57:41.884 22499 22523 I WinlatorXRequest: seq=1781 opcode=56 data=0 bytes=12
08-13 13:57:41.903 22499 22523 I WinlatorXRequest: seq=1782 opcode=43 data=0 bytes=0
08-13 13:57:41.904 22499 22523 I WinlatorXRequest: seq=1783 opcode=59 data=3 bytes=16
08-13 13:57:41.904 22499 22523 I WinlatorXRequest: seq=1784 opcode=155 data=3 bytes=36
08-13 13:57:41.904 22499 22523 I WinlatorXRequest: seq=1785 opcode=56 data=0 bytes=12
08-13 13:57:41.923 22499 22523 I WinlatorXRequest: seq=1786 opcode=43 data=0 bytes=0
08-13 13:57:41.924 22499 22523 I WinlatorXRequest: seq=1787 opcode=59 data=3 bytes=16
08-13 13:57:41.924 22499 22523 I WinlatorXRequest: seq=1788 opcode=155 data=3 bytes=36
08-13 13:57:41.924 22499 22523 I WinlatorXRequest: seq=1789 opcode=56 data=0 bytes=12
08-13 13:57:41.929  2312  9637 D InputDispatcher: mergeMotionEntryLocked - original entry: MotionEvent
08-13 13:57:41.929  2312  9637 D InputDispatcher: mergeMotionEntryLocked - mRealTouchInputDeviceId=5, mRealTouchInputSource=53250
08-13 13:57:41.929  2312  9637 D InputDispatcher: mergeMotionEntryLocked - do not need merge
08-13 13:57:41.931  2312  9637 D InputDispatcher: mergeMotionEntryLocked - original entry: MotionEvent
08-13 13:57:41.931  2312  9637 D InputDispatcher: mergeMotionEntryLocked - mRealTouchInputDeviceId=5, mRealTouchInputSource=53250
08-13 13:57:41.931  2312  9637 D InputDispatcher: mergeMotionEntryLocked - do not need merge
08-13 13:57:41.931  2312  9637 D InputDispatcher: resetMergeMotionEntryLocked
08-13 13:57:41.932  1583  2262 E ComposerExtn: SmoMoState::FrameIsLate: queued_frames >= 2
08-13 13:57:41.932 22499 22523 I WinlatorXRequest: seq=1790 opcode=40 data=0 bytes=12
08-13 13:57:41.932 22499 22523 I WinlatorXRequest: seq=1791 opcode=40 data=0 bytes=12
08-13 13:57:41.933 22499 22523 I WinlatorXRequest: seq=1792 opcode=18 data=0 bytes=24
08-13 13:57:41.933 22499 22523 I WinlatorXRequest: seq=1793 opcode=42 data=2 bytes=8
08-13 13:57:41.933 22499 22523 I WinlatorXRequest: seq=1794 opcode=43 data=0 bytes=0
08-13 13:57:41.933 22499 22523 I WinlatorXRequest: seq=1795 opcode=18 data=0 bytes=24
08-13 13:57:41.933 22499 22523 I WinlatorXRequest: seq=1796 opcode=40 data=0 bytes=12
08-13 13:57:41.933 22499 22523 I WinlatorXRequest: seq=1797 opcode=18 data=0 bytes=24
08-13 13:57:41.933 22499 22523 I WinlatorXRequest: seq=1798 opcode=42 data=2 bytes=8
08-13 13:57:41.933 22499 22523 I WinlatorXRequest: seq=1799 opcode=43 data=0 bytes=0
08-13 13:57:41.933 22499 22523 I WinlatorXRequest: seq=1800 opcode=18 data=0 bytes=24
08-13 13:57:41.933 22499 22523 I WinlatorXRequest: seq=1801 opcode=40 data=0 bytes=12
08-13 13:57:41.933 22499 22523 I WinlatorXRequest: seq=1802 opcode=40 data=0 bytes=12
08-13 13:57:41.934 22499 22523 I WinlatorXRequest: seq=1803 opcode=40 data=0 bytes=12
08-13 13:57:41.935 22499 22523 I WinlatorXRequest: seq=1804 opcode=40 data=0 bytes=12
08-13 13:57:41.935 22499 22523 I WinlatorXRequest: seq=1805 opcode=40 data=0 bytes=12
08-13 13:57:41.935 22499 22523 I WinlatorXRequest: seq=1806 opcode=40 data=0 bytes=12
08-13 13:57:41.936 22499 22523 I WinlatorXRequest: seq=1807 opcode=40 data=0 bytes=12
08-13 13:57:41.936 22499 22523 I WinlatorXRequest: seq=1808 opcode=40 data=0 bytes=12
08-13 13:57:41.936 22499 22523 I WinlatorXRequest: seq=1809 opcode=40 data=0 bytes=12
08-13 13:57:41.937 22499 22523 I WinlatorXRequest: seq=1810 opcode=40 data=0 bytes=12
08-13 13:57:41.943 22499 22523 I WinlatorXRequest: seq=1811 opcode=59 data=3 bytes=16
08-13 13:57:41.943 22499 22523 I WinlatorXRequest: seq=1812 opcode=155 data=3 bytes=36
08-13 13:57:41.944 22499 22523 I WinlatorXRequest: seq=1813 opcode=56 data=0 bytes=12
08-13 13:57:41.944 22499 22523 I WinlatorXRequest: seq=1814 opcode=60 data=0 bytes=4
08-13 13:57:41.944 22499 22523 I WinlatorXRequest: seq=1815 opcode=55 data=0 bytes=16
08-13 13:57:41.944 22499 22523 I WinlatorXRequest: seq=1816 opcode=59 data=3 bytes=16
08-13 13:57:41.944 22499 22523 I WinlatorXRequest: seq=1817 opcode=155 data=3 bytes=36
08-13 13:57:41.945 22499 22523 I WinlatorXRequest: seq=1818 opcode=56 data=0 bytes=12
08-13 13:57:41.950 22499 22523 I WinlatorXRequest: seq=1819 opcode=43 data=0 bytes=0
08-13 13:57:41.951 22499 22523 I WinlatorXRequest: seq=1820 opcode=60 data=0 bytes=4
08-13 13:57:41.951 22499 22523 I WinlatorXRequest: seq=1821 opcode=55 data=0 bytes=16
08-13 13:57:41.952 22499 22523 I WinlatorXRequest: seq=1822 opcode=59 data=3 bytes=24
08-13 13:57:41.952 22499 22523 I WinlatorXRequest: seq=1823 opcode=155 data=3 bytes=36
08-13 13:57:41.952 22499 22523 I WinlatorXRequest: seq=1824 opcode=155 data=3 bytes=36
08-13 13:57:41.952 22499 22523 I WinlatorXRequest: seq=1825 opcode=56 data=0 bytes=12
08-13 13:57:41.952 22499 22523 I WinlatorXRequest: seq=1826 opcode=60 data=0 bytes=4
08-13 13:57:41.952 22499 22523 I WinlatorXRequest: seq=1827 opcode=55 data=0 bytes=16
08-13 13:57:41.952 22499 22523 I WinlatorXRequest: seq=1828 opcode=59 data=3 bytes=16
08-13 13:57:41.952 22499 22523 I WinlatorXRequest: seq=1829 opcode=155 data=3 bytes=36
08-13 13:57:41.952  1583  2262 E ComposerExtn: SmoMoState::FrameIsLate: queued_frames >= 2
08-13 13:57:41.952 22499 22523 I WinlatorXRequest: seq=1830 opcode=56 data=0 bytes=12
08-13 13:57:41.955 22499 22523 I WinlatorXRequest: seq=1831 opcode=23 data=0 bytes=4
08-13 13:57:41.955 22499 22523 I WinlatorXRequest: seq=1832 opcode=23 data=0 bytes=4
08-13 13:57:41.957 22499 22523 I WinlatorXRequest: seq=1833 opcode=23 data=0 bytes=4
08-13 13:57:41.958 22499 22523 I WinlatorXRequest: seq=1834 opcode=23 data=0 bytes=4
08-13 13:57:41.958 22499 22523 I WinlatorXRequest: seq=1835 opcode=40 data=0 bytes=12
08-13 13:57:41.958  1583  2262 E ComposerExtn: SmoMoState::FrameIsLate: queued_frames >= 2
08-13 13:57:41.959 22499 22523 I WinlatorXRequest: seq=1836 opcode=40 data=0 bytes=12
08-13 13:57:41.961 22499 22523 I WinlatorXRequest: seq=1837 opcode=40 data=0 bytes=12
08-13 13:57:41.961 22499 22523 I WinlatorXRequest: seq=1838 opcode=40 data=0 bytes=12
08-13 13:57:41.963 22499 22523 I WinlatorXRequest: seq=1839 opcode=60 data=0 bytes=4
08-13 13:57:41.963 22499 22523 I WinlatorXRequest: seq=1840 opcode=55 data=0 bytes=16
08-13 13:57:41.963 22499 22523 I WinlatorXRequest: seq=1841 opcode=59 data=3 bytes=16
08-13 13:57:41.963 22499 22523 I WinlatorXRequest: seq=1842 opcode=155 data=3 bytes=36
08-13 13:57:41.963 22499 22523 I WinlatorXRequest: seq=1843 opcode=56 data=0 bytes=12
08-13 13:57:41.963 22499 22523 I WinlatorXRequest: seq=1844 opcode=60 data=0 bytes=4
08-13 13:57:41.963 22499 22523 I WinlatorXRequest: seq=1845 opcode=55 data=0 bytes=16
08-13 13:57:41.963 22499 22523 I WinlatorXRequest: seq=1846 opcode=59 data=3 bytes=16
08-13 13:57:41.963 22499 22523 I WinlatorXRequest: seq=1847 opcode=155 data=3 bytes=36
08-13 13:57:41.963 22499 22523 I WinlatorXRequest: seq=1848 opcode=56 data=0 bytes=12
08-13 13:57:41.963 22499 22523 I WinlatorXRequest: seq=1849 opcode=40 data=0 bytes=12
08-13 13:57:41.963 22499 22523 I WinlatorXRequest: seq=1850 opcode=40 data=0 bytes=12
08-13 13:57:41.963 22499 22523 I WinlatorXRequest: seq=1851 opcode=40 data=0 bytes=12
08-13 13:57:41.964 22499 22523 I WinlatorXRequest: seq=1852 opcode=40 data=0 bytes=12
08-13 13:57:41.965 22499 22523 I WinlatorXRequest: seq=1853 opcode=43 data=0 bytes=0
08-13 13:57:41.966 22499 22523 I WinlatorXRequest: seq=1854 opcode=60 data=0 bytes=4
08-13 13:57:41.966 22499 22523 I WinlatorXRequest: seq=1855 opcode=55 data=0 bytes=16
08-13 13:57:41.966 22499 22523 I WinlatorXRequest: seq=1856 opcode=59 data=3 bytes=16
08-13 13:57:41.966 22499 22523 I WinlatorXRequest: seq=1857 opcode=155 data=3 bytes=36
08-13 13:57:41.966 22499 22523 I WinlatorXRequest: seq=1858 opcode=56 data=0 bytes=12
08-13 13:57:41.966  1583  2262 E ComposerExtn: SmoMoState::FrameIsLate: queued_frames >= 2
08-13 13:57:41.968 22499 22523 I WinlatorXRequest: seq=1859 opcode=23 data=0 bytes=4
08-13 13:57:41.968 22499 22523 I WinlatorXRequest: seq=1860 opcode=23 data=0 bytes=4
08-13 13:57:41.968 22499 22523 I WinlatorXRequest: seq=1861 opcode=23 data=0 bytes=4
08-13 13:57:41.969 22499 22523 I WinlatorXRequest: seq=1862 opcode=23 data=0 bytes=4
08-13 13:57:41.969 22499 22523 I WinlatorXRequest: seq=1863 opcode=40 data=0 bytes=12
08-13 13:57:41.969 22499 22523 I WinlatorXRequest: seq=1864 opcode=40 data=0 bytes=12
08-13 13:57:41.970  1583  2262 E ComposerExtn: SmoMoState::FrameIsLate: queued_frames >= 2
08-13 13:57:41.972 22499 22523 I WinlatorXRequest: seq=1865 opcode=40 data=0 bytes=12
08-13 13:57:41.972 22499 22523 I WinlatorXRequest: seq=1866 opcode=40 data=0 bytes=12
08-13 13:57:41.973 22499 22523 I WinlatorXRequest: seq=1867 opcode=59 data=3 bytes=16
08-13 13:57:41.973 22499 22523 I WinlatorXRequest: seq=1868 opcode=155 data=3 bytes=36
08-13 13:57:41.973 22499 22523 I WinlatorXRequest: seq=1869 opcode=56 data=0 bytes=12
08-13 13:57:41.973 22499 22523 I WinlatorXRequest: seq=1870 opcode=60 data=0 bytes=4
08-13 13:57:41.973 22499 22523 I WinlatorXRequest: seq=1871 opcode=55 data=0 bytes=16
08-13 13:57:41.973 22499 22523 I WinlatorXRequest: seq=1872 opcode=59 data=3 bytes=16
08-13 13:57:41.973 22499 22523 I WinlatorXRequest: seq=1873 opcode=155 data=3 bytes=36
08-13 13:57:41.973 22499 22523 I WinlatorXRequest: seq=1874 opcode=56 data=0 bytes=12
08-13 13:57:41.982  1583  2262 E ComposerExtn: SmoMoState::FrameIsLate: queued_frames >= 2
08-13 13:57:41.982 22499 22523 I WinlatorXRequest: seq=1875 opcode=43 data=0 bytes=0
08-13 13:57:41.983 22499 22523 I WinlatorXRequest: seq=1876 opcode=60 data=0 bytes=4
08-13 13:57:41.983 22499 22523 I WinlatorXRequest: seq=1877 opcode=55 data=0 bytes=16
08-13 13:57:41.983 22499 22523 I WinlatorXRequest: seq=1878 opcode=59 data=3 bytes=16
08-13 13:57:41.983 22499 22523 I WinlatorXRequest: seq=1879 opcode=155 data=3 bytes=36
08-13 13:57:41.983 22499 22523 I WinlatorXRequest: seq=1880 opcode=56 data=0 bytes=12
08-13 13:57:41.993  1583  2262 E ComposerExtn: SmoMoState::FrameIsLate: queued_frames >= 2
08-13 13:57:42.000  1583  2262 E ComposerExtn: SmoMoState::FrameIsLate: queued_frames >= 2
08-13 13:57:42.002 22499 22523 I WinlatorXRequest: seq=1881 opcode=43 data=0 bytes=0
08-13 13:57:42.003 22499 22523 I WinlatorXRequest: seq=1882 opcode=59 data=3 bytes=16
08-13 13:57:42.003 22499 22523 I WinlatorXRequest: seq=1883 opcode=155 data=3 bytes=36
08-13 13:57:42.003 22499 22523 I WinlatorXRequest: seq=1884 opcode=56 data=0 bytes=12
08-13 13:57:42.010  1583  2262 E ComposerExtn: SmoMoState::FrameIsLate: queued_frames >= 2
08-13 13:57:42.022 22499 22523 I WinlatorXRequest: seq=1885 opcode=43 data=0 bytes=0
08-13 13:57:42.024 22499 22523 I WinlatorXRequest: seq=1886 opcode=59 data=3 bytes=16
08-13 13:57:42.024 22499 22523 I WinlatorXRequest: seq=1887 opcode=155 data=3 bytes=36
08-13 13:57:42.024 22499 22523 I WinlatorXRequest: seq=1888 opcode=56 data=0 bytes=12
08-13 13:57:42.042 22499 22523 I WinlatorXRequest: seq=1889 opcode=43 data=0 bytes=0
08-13 13:57:42.043 22499 22523 I WinlatorXRequest: seq=1890 opcode=59 data=3 bytes=16
08-13 13:57:42.043 22499 22523 I WinlatorXRequest: seq=1891 opcode=155 data=3 bytes=36
08-13 13:57:42.044 22499 22523 I WinlatorXRequest: seq=1892 opcode=56 data=0 bytes=12
08-13 13:57:42.062 22499 22523 I WinlatorXRequest: seq=1893 opcode=43 data=0 bytes=0
08-13 13:57:42.063 22499 22523 I WinlatorXRequest: seq=1894 opcode=59 data=3 bytes=16
08-13 13:57:42.063 22499 22523 I WinlatorXRequest: seq=1895 opcode=155 data=3 bytes=36
08-13 13:57:42.064 22499 22523 I WinlatorXRequest: seq=1896 opcode=56 data=0 bytes=12
08-13 13:57:42.072 22778 22778 I top     : type=1400 audit(0.0:2810806): avc:  denied  { open } for  path="/proc/1491/stat" dev="proc" ino=5645421 scontext=u:r:system_app:s0 tcontext=u:r:vendor_hal_secureprocessor_qti:s0 tclass=file permissive=1
08-13 13:57:42.072 22778 22778 I top     : type=1400 audit(0.0:2810807): avc:  denied  { getattr } for  path="/proc/1515" dev="proc" ino=5645361 scontext=u:r:system_app:s0 tcontext=u:r:vendor_hal_trustedui_qti:s0 tclass=dir permissive=1
08-13 13:57:42.072 22778 22778 I top     : type=1400 audit(0.0:2810808): avc:  denied  { search } for  name="1515" dev="proc" ino=5645361 scontext=u:r:system_app:s0 tcontext=u:r:vendor_hal_trustedui_qti:s0 tclass=dir permissive=1
08-13 13:57:42.072 22778 22778 I top     : type=1400 audit(0.0:2810809): avc:  denied  { getattr } for  path="/proc/1518" dev="proc" ino=5640002 scontext=u:r:system_app:s0 tcontext=u:r:hal_vibrator_default:s0 tclass=dir permissive=1
08-13 13:57:42.072 22778 22778 I top     : type=1400 audit(0.0:2810810): avc:  denied  { search } for  name="1518" dev="proc" ino=5640002 scontext=u:r:system_app:s0 tcontext=u:r:hal_vibrator_default:s0 tclass=dir permissive=1
08-13 13:57:42.083 22499 22523 I WinlatorXRequest: seq=1897 opcode=43 data=0 bytes=0
08-13 13:57:42.084 22499 22523 I WinlatorXRequest: seq=1898 opcode=59 data=3 bytes=16
08-13 13:57:42.084 22499 22523 I WinlatorXRequest: seq=1899 opcode=155 data=3 bytes=36
08-13 13:57:42.084 22499 22523 I WinlatorXRequest: seq=1900 opcode=56 data=0 bytes=12
08-13 13:57:42.103 22499 22523 I WinlatorXRequest: seq=1901 opcode=43 data=0 bytes=0
08-13 13:57:42.104 22499 22523 I WinlatorXRequest: seq=1902 opcode=59 data=3 bytes=16
08-13 13:57:42.104 22499 22523 I WinlatorXRequest: seq=1903 opcode=155 data=3 bytes=36
08-13 13:57:42.105 22499 22523 I WinlatorXRequest: seq=1904 opcode=56 data=0 bytes=12
08-13 13:57:42.115  2312  2369 W ActivityManager: Timeout executing service: ServiceRecord{6de6e55 u0 com.qti.diagservices/.QTIDiagServices}
08-13 13:57:42.119  2312 22779 D ActivityManager: created ANR temporary file:/data/anr/temp_anr_1883320117208431975.txt
08-13 13:57:42.119  2312 22779 I ActivityManager: Collecting stacks for pid 22670 into temporary file temp_anr_1883320117208431975.txt
08-13 13:57:42.120  2312 22780 D ActivityManager: created ANR temporary file:/data/anr/temp_anr_1619901130542663159.txt
08-13 13:57:42.120  2312 22780 I ActivityManager: Collecting stacks for pid 22670 into temporary file temp_anr_1619901130542663159.txt
08-13 13:57:42.122 22499 22523 I WinlatorXRequest: seq=1905 opcode=43 data=0 bytes=0
08-13 13:57:42.123  2312 22780 I system_server: libdebuggerd_client: started dumping process 22670
08-13 13:57:42.123 22499 22523 I WinlatorXRequest: seq=1906 opcode=59 data=3 bytes=16
08-13 13:57:42.124 22499 22523 I WinlatorXRequest: seq=1907 opcode=155 data=3 bytes=36
08-13 13:57:42.124  2312 22779 I system_server: libdebuggerd_client: started dumping process 22670
08-13 13:57:42.124 22499 22523 I WinlatorXRequest: seq=1908 opcode=56 data=0 bytes=12
08-13 13:57:42.125  1148  1148 I tombstoned: registered intercept for pid 22670 and type kDebuggerdJavaBacktrace
08-13 13:57:42.125  1148  1148 W tombstoned: pid 22670 already intercepted, type 2
08-13 13:57:42.125  2312 22779 E system_server: libdebuggerd_client: unexpected registration response: 0
08-13 13:57:42.126 22670 22671 I ti.diagservices: Thread[2,tid=22671,WaitingInMainSignalCatcherLoop,Thread*=0xb4000074cf555f50,peer=0x20b0020,"Signal Catcher"]: reacting to signal 3
08-13 13:57:42.126 22670 22671 I ti.diagservices: 
08-13 13:57:42.129  2312 22779 W ActivityManager: Dumping Java threads failed, initiating native stack dump.
08-13 13:57:42.129  2312 22779 I system_server: libdebuggerd_client: started dumping process 22670
08-13 13:57:42.130  1148  1148 W tombstoned: pid 22670 already intercepted, type 0
08-13 13:57:42.130  2312 22779 E system_server: libdebuggerd_client: unexpected registration response: 0
08-13 13:57:42.130  2312 22781 I ActivityManager: dumpStackTraces pids=null
08-13 13:57:42.130  2312 22781 I ActivityManager: Dumping to /data/anr/anr_2026-08-13-13-57-42-130
08-13 13:57:42.131  2312 22779 W ActivityManager: Native stack dump failed!
08-13 13:57:42.142 22499 22523 I WinlatorXRequest: seq=1909 opcode=43 data=0 bytes=0
08-13 13:57:42.143 22499 22523 I WinlatorXRequest: seq=1910 opcode=59 data=3 bytes=16
08-13 13:57:42.143 22499 22523 I WinlatorXRequest: seq=1911 opcode=155 data=3 bytes=36
08-13 13:57:42.143 22499 22523 I WinlatorXRequest: seq=1912 opcode=56 data=0 bytes=12
08-13 13:57:42.153  2312 22781 I ActivityManager: dumpStackTraces nativepids=null
08-13 13:57:42.153  2312 22781 I ActivityManager: dumpStackTraces extraPids=null
08-13 13:57:42.153  2312 22781 I ActivityManager: Done dumping
08-13 13:57:42.156  1148  1148 I tombstoned: received crash request for pid 22670
08-13 13:57:42.157  1148  1148 I tombstoned: found intercept fd 512 for pid 22670 and type kDebuggerdJavaBacktrace
08-13 13:57:42.157 22670 22671 I ti.diagservices: Wrote stack traces to tombstoned
08-13 13:57:42.157  1148  1148 W tombstoned: skipping tombstone file creation due to intercept
08-13 13:57:42.157  2312 22780 I system_server: libdebuggerd_client: done dumping process 22670
08-13 13:57:42.158  2312 22781 E ActivityManager: ANR in com.qti.diagservices
08-13 13:57:42.158  2312 22781 E ActivityManager: PID: 22670
08-13 13:57:42.158  2312 22781 E ActivityManager: Reason: executing service com.qti.diagservices/.QTIDiagServices
08-13 13:57:42.158  2312 22781 E ActivityManager: ErrorId: eee21afd-17b1-4ef7-8828-1101b4fd3aa2
08-13 13:57:42.158  2312 22781 E ActivityManager: Frozen: false
08-13 13:57:42.158  2312 22781 E ActivityManager: Load: 0.0 / 0.0 / 0.0
08-13 13:57:42.158  2312 22781 E ActivityManager: ----- Output from /proc/pressure/memory -----
08-13 13:57:42.158  2312 22781 E ActivityManager: some avg10=0.00 avg60=0.00 avg300=0.00 total=5077296
08-13 13:57:42.158  2312 22781 E ActivityManager: full avg10=0.00 avg60=0.00 avg300=0.00 total=4075547
08-13 13:57:42.158  2312 22781 E ActivityManager: ----- End output from /proc/pressure/memory -----
08-13 13:57:42.158  2312 22781 E ActivityManager: ----- Output from /proc/pressure/cpu -----
08-13 13:57:42.158  2312 22781 E ActivityManager: some avg10=4.54 avg60=6.46 avg300=10.32 total=3918884797
08-13 13:57:42.158  2312 22781 E ActivityManager: full avg10=0.00 avg60=0.00 avg300=0.00 total=0
08-13 13:57:42.158  2312 22781 E ActivityManager: ----- End output from /proc/pressure/cpu -----
08-13 13:57:42.158  2312 22781 E ActivityManager: ----- Output from /proc/pressure/io -----
08-13 13:57:42.158  2312 22781 E ActivityManager: some avg10=0.00 avg60=0.00 avg300=0.00 total=31814401
08-13 13:57:42.158  2312 22781 E ActivityManager: full avg10=0.00 avg60=0.00 avg300=0.00 total=20500692
08-13 13:57:42.158  2312 22781 E ActivityManager: ----- End output from /proc/pressure/io -----
08-13 13:57:42.158  2312 22781 E ActivityManager: 
08-13 13:57:42.158  2312 22781 E ActivityManager: CPU usage from 20113ms to -2ms ago (2026-08-13 13:57:22.006 to 2026-08-13 13:57:42.121):
08-13 13:57:42.158  2312 22781 E ActivityManager:   7.1% 3855/com.ayaneo.gamewindow: 2.4% user + 4.6% kernel / faults: 1738 minor
08-13 13:57:42.158  2312 22781 E ActivityManager:   4.8% 22499/io.taowen.bx: 2.7% user + 2% kernel / faults: 81862 minor
08-13 13:57:42.158  2312 22781 E ActivityManager:   2.3% 1583/surfaceflinger: 1.4% user + 0.8% kernel / faults: 4 minor
08-13 13:57:42.158  2312 22781 E ActivityManager:   2.3% 22531/wps: 1.8% user + 0.4% kernel / faults: 9672 minor
08-13 13:57:42.158  2312 22781 E ActivityManager:   1.3% 1451/vendor.qti.hardware.display.composer-service: 0.7% user + 0.5% kernel / faults: 13 minor
08-13 13:57:42.158  2312 22781 E ActivityManager:   0.9% 2312/system_server: 0.4% user + 0.4% kernel / faults: 272 minor
08-13 13:57:42.158  2312 22781 E ActivityManager:   0.4% 969/crtc_commit:198: 0% user + 0.4% kernel
08-13 13:57:42.158  2312 22781 E ActivityManager:   0.4% 1877/cnss_diag: 0.2% user + 0.1% kernel
08-13 13:57:42.158  2312 22781 E ActivityManager:   0.3% 811/logd: 0.1% user + 0.2% kernel / faults: 49 minor
08-13 13:57:42.158  2312 22781 E ActivityManager:   0.3% 14818/kworker/0:1-events: 0% user + 0.3% kernel
08-13 13:57:42.158  2312 22781 E ActivityManager: 4.9% TOTAL: 1.8% user + 2.2% kernel + 0% iowait + 0.6% irq + 0.1% softirq
08-13 13:57:42.158  2312 22781 E ActivityManager: CPU usage from 61649848ms to 61649848ms ago (1970-01-01 08:00:00.000 to 1970-01-01 08:00:00.000) with 0% awake:
08-13 13:57:42.158  2312 22781 E ActivityManager: 0% TOTAL: 0% user + 0% kernel
08-13 13:57:42.159  2312 22781 I ActivityManager: Killing 22670:com.qti.diagservices/1000 (adj -800): bg anr
08-13 13:57:42.160  2312 22781 D ActivityManager: Completed ANR of com.qti.diagservices in 41ms, latency 2ms
08-13 13:57:42.162 22499 22523 I WinlatorXRequest: seq=1913 opcode=43 data=0 bytes=0
08-13 13:57:42.163 22499 22523 I WinlatorXRequest: seq=1914 opcode=59 data=3 bytes=16
08-13 13:57:42.163 22499 22523 I WinlatorXRequest: seq=1915 opcode=155 data=3 bytes=36
08-13 13:57:42.163 22499 22523 I WinlatorXRequest: seq=1916 opcode=56 data=0 bytes=12
08-13 13:57:42.165  2312  2395 I libprocessgroup: Successfully killed process cgroup uid 1000 pid 22670 in 5ms
08-13 13:57:42.167  2312  9637 I ActivityManager: Process com.qti.diagservices (pid 22670) has died: pers PER 
08-13 13:57:42.167  1514  1514 I vendor.qti.hardware.servicetrackeraidl-service: killProcess is called for pid : 22670
08-13 13:57:42.167  2312  9637 W ActivityManager: Scheduling restart of crashed service com.qti.diagservices/.QTIDiagServices in 0ms for persistent
08-13 13:57:42.167  1514  1514 I vendor.qti.hardware.servicetrackeraidl-service: process with pid 22670 is service
08-13 13:57:42.167  1300  1300 I Zygote  : Process 22670 exited due to signal 9 (Killed)
08-13 13:57:42.167  2312  9637 W ActivityManager: Re-adding persistent process ProcessRecord{72f52a1 22670:com.qti.diagservices/1000}
08-13 13:57:42.168  2312  9637 I ActivityManager: com.qti.diagservices is exempt from freezer
08-13 13:57:42.168  2312  9637 D CompatibilityChangeReporter: Compat change id reported: 135634846; UID 1000; state: DISABLED
08-13 13:57:42.168  2312  9637 D CompatibilityChangeReporter: Compat change id reported: 177438394; UID 1000; state: DISABLED
08-13 13:57:42.168  2312  9637 D CompatibilityChangeReporter: Compat change id reported: 135772972; UID 1000; state: DISABLED
08-13 13:57:42.168  2312  9637 D CompatibilityChangeReporter: Compat change id reported: 135754954; UID 1000; state: ENABLED
08-13 13:57:42.168  2312  9637 W ProcessStats: Tracking association SourceState{c50967d com.google.android.gms.persistent/10097 BFgs #44079} whose proc state 4 is better than process ProcessState{76b85c9 com.google.android.gms.unstable/10097 pkg=com.google.android.gms} proc state 14 (0 skipped)
08-13 13:57:42.171  2312  2395 I libprocessgroup: Successfully killed process cgroup uid 1000 pid 22670 in 0ms
08-13 13:57:42.175  1300  1300 D Zygote  : Forked child process 22783
08-13 13:57:42.175  2312  2370 I ActivityManager: Start proc 22783:com.qti.diagservices/1000 for restart com.qti.diagservices
08-13 13:57:42.182 22499 22523 I WinlatorXRequest: seq=1917 opcode=43 data=0 bytes=0
08-13 13:57:42.182 22783 22783 I ti.diagservices: Using CollectorTypeCMC GC.
08-13 13:57:42.182 22499 22523 I WinlatorXRequest: seq=1918 opcode=59 data=3 bytes=16
08-13 13:57:42.182 22499 22523 I WinlatorXRequest: seq=1919 opcode=155 data=3 bytes=36
08-13 13:57:42.182 22499 22523 I WinlatorXRequest: seq=1920 opcode=56 data=0 bytes=12
08-13 13:57:42.186 22783 22783 D nativeloader: Load libframework-connectivity-tiramisu-jni.so using APEX ns com_android_tethering for caller /apex/com.android.tethering/javalib/framework-connectivity-t.jar: ok
08-13 13:57:42.189  2312  9637 D CompatibilityInfo: mCompatibilityFlags - 0
08-13 13:57:42.189  2312  9637 D CompatibilityInfo: applicationDensity - 440
08-13 13:57:42.189  2312  9637 D CompatibilityInfo: applicationScale - 1.0
08-13 13:57:42.191 22783 22783 D CompatibilityChangeReporter: Compat change id reported: 171979766; UID 1000; state: ENABLED
08-13 13:57:42.191 22783 22783 D CompatibilityChangeReporter: Compat change id reported: 242716250; UID 1000; state: ENABLED
08-13 13:57:42.194 22783 22783 D nativeloader: Configuring clns-shared-4 for other apk /system_ext/app/QTIDiagServices/QTIDiagServices.apk. target_sdk_version=34, uses_libraries=, library_path=/system_ext/app/QTIDiagServices/lib/arm64:/system_ext/app/QTIDiagServices/QTIDiagServices.apk!/lib/arm64-v8a:/system/lib64:/system_ext/lib64, permitted_path=/data:/mnt/expand:/data/user/0/com.qti.diagservices:/system_ext/app/QTIDiagServices:/system/lib64:/system_ext/lib64
08-13 13:57:42.197 22783 22783 D nativeloader: Load libframework-connectivity-jni.so using APEX ns com_android_tethering for caller /apex/com.android.tethering/javalib/framework-connectivity.jar: ok
08-13 13:57:42.197 22783 22783 I Perf    : Connecting to perf service.
08-13 13:57:42.199 22783 22783 V GraphicsEnvironment: Currently set values for:
08-13 13:57:42.200 22783 22783 V GraphicsEnvironment:   angle_gl_driver_selection_pkgs=[]
08-13 13:57:42.200 22783 22783 V GraphicsEnvironment:   angle_gl_driver_selection_values=[]
08-13 13:57:42.200 22783 22783 V GraphicsEnvironment: ANGLE GameManagerService for com.qti.diagservices: false
08-13 13:57:42.200 22783 22783 V GraphicsEnvironment: com.qti.diagservices is not listed in per-application setting
08-13 13:57:42.202 22499 22523 I WinlatorXRequest: seq=1921 opcode=43 data=0 bytes=0
08-13 13:57:42.202 22783 22783 E ANDR-PERF-CLIENT-SYS: death recipent object is fine
08-13 13:57:42.202 22499 22523 I WinlatorXRequest: seq=1922 opcode=59 data=3 bytes=16
08-13 13:57:42.203 22499 22523 I WinlatorXRequest: seq=1923 opcode=155 data=3 bytes=36
08-13 13:57:42.202  2312  9637 I ActivityManager: Flag disabled. Ignoring finishAttachApplication from uid: 1000. pid: 22783
08-13 13:57:42.203 22499 22523 I WinlatorXRequest: seq=1924 opcode=56 data=0 bytes=12
08-13 13:57:42.203 22783 22783 E DiagJNIInterface: Trying to load libDiagService
08-13 13:57:42.205 22783 22783 D nativeloader: Load /system_ext/lib64/libDiagService.so using class loader ns clns-shared-4 (caller=/system_ext/app/QTIDiagServices/QTIDiagServices.apk): ok
08-13 13:57:42.205 22783 22783 E ti.diagservices: diag: Diag_LSM_Init: invoked for pid: 22783 with init_count: 0
08-13 13:57:42.206   829   829 I hwservicemanager: Since vendor.qti.diaghal@1.0::Idiag/default is not registered, trying to start it as a lazy HAL (if it's not configured to be a lazy HAL, it may be stuck starting or still starting).
08-13 13:57:42.208   829   829 I hwservicemanager: Since vendor.qti.diaghal@1.0::Idiag/default is not registered, trying to start it as a lazy HAL (if it's not configured to be a lazy HAL, it may be stuck starting or still starting).
08-13 13:57:42.208 22783 22783 I HidlServiceManagement: getService: Trying again for vendor.qti.diaghal@1.0::Idiag/default...
08-13 13:57:42.209   829 22797 W libc    : Unable to set property "ctl.interface_start" to "vendor.qti.diaghal@1.0::Idiag/default": error code: 0x20
08-13 13:57:42.209   829 22797 I hwservicemanager: Tried to start vendor.qti.diaghal@1.0::Idiag/default as a lazy service, but was unable to. Usually this happens when a service is not installed, but if the service is intended to be used as a lazy service, then it may be configured incorrectly.
08-13 13:57:42.209   829 22799 W libc    : Unable to set property "ctl.interface_start" to "vendor.qti.diaghal@1.0::Idiag/default": error code: 0x20
08-13 13:57:42.209   829 22799 I hwservicemanager: Tried to start vendor.qti.diaghal@1.0::Idiag/default as a lazy service, but was unable to. Usually this happens when a service is not installed, but if the service is intended to be used as a lazy service, then it may be configured incorrectly.
08-13 13:57:42.222 22499 22523 I WinlatorXRequest: seq=1925 opcode=43 data=0 bytes=0
08-13 13:57:42.223 22499 22523 I WinlatorXRequest: seq=1926 opcode=59 data=3 bytes=16
08-13 13:57:42.223 22499 22523 I WinlatorXRequest: seq=1927 opcode=155 data=3 bytes=36
08-13 13:57:42.223 22499 22523 I WinlatorXRequest: seq=1928 opcode=56 data=0 bytes=12
08-13 13:57:42.242 22499 22523 I WinlatorXRequest: seq=1929 opcode=43 data=0 bytes=0
08-13 13:57:42.243 22499 22523 I WinlatorXRequest: seq=1930 opcode=59 data=3 bytes=16
08-13 13:57:42.243 22499 22523 I WinlatorXRequest: seq=1931 opcode=155 data=3 bytes=36
08-13 13:57:42.244 22499 22523 I WinlatorXRequest: seq=1932 opcode=56 data=0 bytes=12
08-13 13:57:42.262 22499 22523 I WinlatorXRequest: seq=1933 opcode=43 data=0 bytes=0
08-13 13:57:42.264 22499 22523 I WinlatorXRequest: seq=1934 opcode=59 data=3 bytes=16
08-13 13:57:42.264 22499 22523 I WinlatorXRequest: seq=1935 opcode=155 data=3 bytes=36
08-13 13:57:42.264 22499 22523 I WinlatorXRequest: seq=1936 opcode=56 data=0 bytes=12
08-13 13:57:42.280  1442  1625 I ANDR-PWR-OPT: PowerHelper: getNodeData() 196: FPS80.900002 FRAMECOUNT81
08-13 13:57:42.281  1442  1625 I ANDR-PWR-OPT: PowerHelper: getFps() 168: Returned fps value: 80.900002
08-13 13:57:42.282 22499 22523 I WinlatorXRequest: seq=1937 opcode=43 data=0 bytes=0
08-13 13:57:42.284 22499 22523 I WinlatorXRequest: seq=1938 opcode=59 data=3 bytes=16
08-13 13:57:42.284 22499 22523 I WinlatorXRequest: seq=1939 opcode=155 data=3 bytes=36
08-13 13:57:42.284 22499 22523 I WinlatorXRequest: seq=1940 opcode=56 data=0 bytes=12
08-13 13:57:42.303 22499 22523 I WinlatorXRequest: seq=1941 opcode=43 data=0 bytes=0
08-13 13:57:42.304 22499 22523 I WinlatorXRequest: seq=1942 opcode=59 data=3 bytes=16
08-13 13:57:42.304 22499 22523 I WinlatorXRequest: seq=1943 opcode=155 data=3 bytes=36
08-13 13:57:42.305 22499 22523 I WinlatorXRequest: seq=1944 opcode=56 data=0 bytes=12
08-13 13:57:42.322 22499 22523 I WinlatorXRequest: seq=1945 opcode=43 data=0 bytes=0
08-13 13:57:42.323 22499 22523 I WinlatorXRequest: seq=1946 opcode=59 data=3 bytes=16
08-13 13:57:42.323 22499 22523 I WinlatorXRequest: seq=1947 opcode=155 data=3 bytes=36
08-13 13:57:42.324 22499 22523 I WinlatorXRequest: seq=1948 opcode=56 data=0 bytes=12
08-13 13:57:42.340  2312  2395 I ActivityManager: Process PhantomProcessRecord {48b2bb 22778:3855:top/1000} died
08-13 13:57:42.342 22499 22523 I WinlatorXRequest: seq=1949 opcode=43 data=0 bytes=0
08-13 13:57:42.342 22499 22523 I WinlatorXRequest: seq=1950 opcode=59 data=3 bytes=16
08-13 13:57:42.342 22499 22523 I WinlatorXRequest: seq=1951 opcode=155 data=3 bytes=36
08-13 13:57:42.342 22499 22523 I WinlatorXRequest: seq=1952 opcode=56 data=0 bytes=12
08-13 13:57:42.348 22499 22523 I WinlatorXRequest: seq=1953 opcode=43 data=0 bytes=0
08-13 13:57:42.348 22499 22523 I WinlatorXRequest: seq=1954 opcode=59 data=3 bytes=16
08-13 13:57:42.349 22499 22523 I WinlatorXRequest: seq=1955 opcode=155 data=3 bytes=36
08-13 13:57:42.349 22499 22523 I WinlatorXRequest: seq=1956 opcode=56 data=0 bytes=12
08-13 13:57:42.412 22499 22523 I WinlatorXRequest: seq=1957 opcode=59 data=3 bytes=16
08-13 13:57:42.412 22499 22523 I WinlatorXRequest: seq=1958 opcode=155 data=3 bytes=36
08-13 13:57:42.413 22499 22523 I WinlatorXRequest: seq=1959 opcode=56 data=0 bytes=12
08-13 13:57:42.413 22499 22523 I WinlatorXRequest: seq=1960 opcode=60 data=0 bytes=4
08-13 13:57:42.413 22499 22523 I WinlatorXRequest: seq=1961 opcode=55 data=0 bytes=16
08-13 13:57:42.413 22499 22523 I WinlatorXRequest: seq=1962 opcode=59 data=3 bytes=16
08-13 13:57:42.413 22499 22523 I WinlatorXRequest: seq=1963 opcode=155 data=3 bytes=36
08-13 13:57:42.413 22499 22523 I WinlatorXRequest: seq=1964 opcode=56 data=0 bytes=12
08-13 13:57:42.416  2724 17856 D IpClient/wlan0: interfaceLinkStateChanged: ifindex 15 up
08-13 13:57:42.507  1451  1717 I SDM     : DisplayBase::CommitThread: Received idle timeout, panel: video, timeout: 70000 us
08-13 13:57:42.528  1451  1717 I SDM     : HWDeviceDRM::SetupConcurrentWriteback: Tear down the Concurrent Writeback topology
08-13 13:57:42.599  1451  1717 I SDM     : DisplayBase::CommitThread: Received idle timeout, panel: video, timeout: 70000 us
08-13 13:57:42.781  1442  1625 I ANDR-PWR-OPT: PowerHelper: getNodeData() 196: FPS41.000000 FRAMECOUNT42
08-13 13:57:42.781  1442  1625 I ANDR-PWR-OPT: PowerHelper: getFps() 168: Returned fps value: 41.000000
08-13 13:57:42.887 22499 22523 I WinlatorXRequest: seq=1965 opcode=43 data=0 bytes=0
08-13 13:57:42.889 22499 22523 I WinlatorXRequest: seq=1966 opcode=60 data=0 bytes=4
08-13 13:57:42.889 22499 22523 I WinlatorXRequest: seq=1967 opcode=55 data=0 bytes=16
08-13 13:57:42.889 22499 22523 I WinlatorXRequest: seq=1968 opcode=59 data=3 bytes=16
08-13 13:57:42.890 22499 22523 I WinlatorXRequest: seq=1969 opcode=155 data=3 bytes=36
08-13 13:57:42.890 22499 22523 I WinlatorXRequest: seq=1970 opcode=56 data=0 bytes=12
08-13 13:57:42.890 22499 22523 I WinlatorXRequest: seq=1971 opcode=60 data=0 bytes=4
08-13 13:57:42.890 22499 22523 I WinlatorXRequest: seq=1972 opcode=55 data=0 bytes=16
08-13 13:57:42.891 22499 22523 I WinlatorXRequest: seq=1973 opcode=59 data=3 bytes=16
08-13 13:57:42.891 22499 22523 I WinlatorXRequest: seq=1974 opcode=155 data=3 bytes=36
08-13 13:57:42.894 22499 22523 I WinlatorXRequest: seq=1975 opcode=56 data=0 bytes=12
08-13 13:57:42.991  1451  1717 I SDM     : DisplayBase::CommitThread: Received idle timeout, panel: video, timeout: 70000 us
08-13 13:57:43.027  1451  1717 I SDM     : HWDeviceDRM::SetupConcurrentWriteback: Tear down the Concurrent Writeback topology
08-13 13:57:43.099  1451  1717 I SDM     : DisplayBase::CommitThread: Received idle timeout, panel: video, timeout: 69999 us
08-13 13:57:43.209 22783 22783 W HidlServiceManagement: Waited one second for vendor.qti.diaghal@1.0::Idiag/default
08-13 13:57:43.210   829   829 I hwservicemanager: Since vendor.qti.diaghal@1.0::Idiag/default is not registered, trying to start it as a lazy HAL (if it's not configured to be a lazy HAL, it may be stuck starting or still starting).
08-13 13:57:43.211 22783 22783 I HidlServiceManagement: getService: Trying again for vendor.qti.diaghal@1.0::Idiag/default...
08-13 13:57:43.213   829 22809 W libc    : Unable to set property "ctl.interface_start" to "vendor.qti.diaghal@1.0::Idiag/default": error code: 0x20
08-13 13:57:43.213   829 22809 I hwservicemanager: Tried to start vendor.qti.diaghal@1.0::Idiag/default as a lazy service, but was unable to. Usually this happens when a service is not installed, but if the service is intended to be used as a lazy service, then it may be configured incorrectly.
08-13 13:57:43.280  1442  1625 I ANDR-PWR-OPT: PowerHelper: getNodeData() 196: FPS15.500000 FRAMECOUNT16
08-13 13:57:43.280  1442  1625 I ANDR-PWR-OPT: PowerHelper: getFps() 168: Returned fps value: 15.500000
08-13 13:57:43.288 22810 22810 I xsu     : sending cmd:echo 76 > /sys/devices/platform/soc/soc:pwm-fan/hwmon/hwmon0/pwm1
08-13 13:57:43.289 22810 22810 I xsu     : sending cmd end:echo 76 > /sys/devices/platform/soc/soc:pwm-fan/hwmon/hwmon0/pwm1
08-13 13:57:43.289 22810 22810 I xsu     : free cmd end
08-13 13:57:43.289 22810 22810 I xsu     : xsu_recv cmd before
08-13 13:57:43.289 22810 22810 I xsu_api : xsu_recv memset enter
08-13 13:57:43.289 22810 22810 I xsu_api : xsu_recv memset end
08-13 13:57:43.289  1604 22811 I xsu_api : xsu_recv memset enter
08-13 13:57:43.289  1604 22811 I xsu_api : xsu_recv memset end
08-13 13:57:43.289  1604 22811 I xsu_api : xsu_recv retry end
08-13 13:57:43.289  1604 22811 I xsu_api : ret=4, version=200, type=0, payload_size=69
08-13 13:57:43.289  1604 22811 I xsu_api : xsu_recv type and len
08-13 13:57:43.289  1604 22811 I xsu_api : header.type=0, header.payload_size=69, xsu_header_t=4
08-13 13:57:43.289  1604 22811 I xsu_api : xsu_recv type and len end
08-13 13:57:43.289  1604 22811 I xsud    : handle comming cmd:echo 76 > /sys/devices/platform/soc/soc:pwm-fan/hwmon/hwmon0/pwm1
08-13 13:57:43.309 22810 22810 I xsu_api : xsu_recv retry end
08-13 13:57:43.309 22810 22810 I xsu_api : ret=4, version=200, type=3, payload_size=0
08-13 13:57:43.309 22810 22810 I xsu_api : xsu_recv type and len
08-13 13:57:43.309 22810 22810 I xsu_api : header.type=3, header.payload_size=0, xsu_header_t=4
08-13 13:57:43.309 22810 22810 I xsu_api : xsu_recv type and len end
08-13 13:57:43.309 22810 22810 I xsu     : xsu_recv cmd end
08-13 13:57:43.309 22810 22810 I xsu     : end session!
08-13 13:57:43.304 22812 22812 I sh      : type=1400 audit(0.0:2810991): avc:  denied  { write } for  name="pwm1" dev="sysfs" ino=103506 scontext=u:r:xsud:s0 tcontext=u:object_r:sysfs:s0 tclass=file permissive=1
08-13 13:57:43.304 22812 22812 I sh      : type=1400 audit(0.0:2810992): avc:  denied  { open } for  path="/sys/devices/platform/soc/soc:pwm-fan/hwmon/hwmon0/pwm1" dev="sysfs" ino=103506 scontext=u:r:xsud:s0 tcontext=u:object_r:sysfs:s0 tclass=file permissive=1
08-13 13:57:43.320 22806 22806 I top     : type=1400 audit(0.0:2810993): avc:  denied  { read } for  scontext=u:r:system_app:s0 tcontext=u:r:vendor_hal_qesdhal_default:s0 tclass=file permissive=1
08-13 13:57:43.320 22806 22806 I top     : type=1400 audit(0.0:2810994): avc:  denied  { read } for  scontext=u:r:system_app:s0 tcontext=u:r:vendor_qesdsect:s0 tclass=file permissive=1
08-13 13:57:43.320 22806 22806 I top     : type=1400 audit(0.0:2810995): avc:  denied  { read } for  scontext=u:r:system_app:s0 tcontext=u:r:vendor_qspmsvc:s0 tclass=file permissive=1
08-13 13:57:43.361 22499 22523 I WinlatorXRequest: seq=1976 opcode=43 data=0 bytes=0
08-13 13:57:43.363 22499 22523 I WinlatorXRequest: seq=1977 opcode=60 data=0 bytes=4
08-13 13:57:43.363 22499 22523 I WinlatorXRequest: seq=1978 opcode=55 data=0 bytes=16
08-13 13:57:43.364 22499 22523 I WinlatorXRequest: seq=1979 opcode=59 data=3 bytes=16
08-13 13:57:43.364 22499 22523 I WinlatorXRequest: seq=1980 opcode=155 data=3 bytes=36
08-13 13:57:43.364 22499 22523 I WinlatorXRequest: seq=1981 opcode=56 data=0 bytes=12
08-13 13:57:43.365 22499 22523 I WinlatorXRequest: seq=1982 opcode=60 data=0 bytes=4
08-13 13:57:43.365 22499 22523 I WinlatorXRequest: seq=1983 opcode=55 data=0 bytes=16
08-13 13:57:43.365 22499 22523 I WinlatorXRequest: seq=1984 opcode=59 data=3 bytes=16
08-13 13:57:43.365 22499 22523 I WinlatorXRequest: seq=1985 opcode=155 data=3 bytes=36
08-13 13:57:43.365 22499 22523 I WinlatorXRequest: seq=1986 opcode=56 data=0 bytes=12
08-13 13:57:43.458  1451  1717 I SDM     : DisplayBase::CommitThread: Received idle timeout, panel: video, timeout: 70000 us
08-13 13:57:43.494  1451  1717 I SDM     : HWDeviceDRM::SetupConcurrentWriteback: Tear down the Concurrent Writeback topology
08-13 13:57:43.565  1451  1717 I SDM     : DisplayBase::CommitThread: Received idle timeout, panel: video, timeout: 69999 us
08-13 13:57:43.780  1442  1625 I ANDR-PWR-OPT: PowerHelper: getNodeData() 196: FPS8.500000 FRAMECOUNT10
08-13 13:57:43.780  1442  1625 I ANDR-PWR-OPT: PowerHelper: getFps() 168: Returned fps value: 8.500000
08-13 13:57:43.836 22499 22523 I WinlatorXRequest: seq=1987 opcode=43 data=0 bytes=0
08-13 13:57:43.838 22499 22523 I WinlatorXRequest: seq=1988 opcode=60 data=0 bytes=4
08-13 13:57:43.839 22499 22523 I WinlatorXRequest: seq=1989 opcode=55 data=0 bytes=16
08-13 13:57:43.839 22499 22523 I WinlatorXRequest: seq=1990 opcode=59 data=3 bytes=16
08-13 13:57:43.839 22499 22523 I WinlatorXRequest: seq=1991 opcode=155 data=3 bytes=36
08-13 13:57:43.840 22499 22523 I WinlatorXRequest: seq=1992 opcode=56 data=0 bytes=12
08-13 13:57:43.840 22499 22523 I WinlatorXRequest: seq=1993 opcode=60 data=0 bytes=4
08-13 13:57:43.840 22499 22523 I WinlatorXRequest: seq=1994 opcode=55 data=0 bytes=16
08-13 13:57:43.844 22499 22523 I WinlatorXRequest: seq=1995 opcode=59 data=3 bytes=16
08-13 13:57:43.845 22499 22523 I WinlatorXRequest: seq=1996 opcode=155 data=3 bytes=36
08-13 13:57:43.845 22499 22523 I WinlatorXRequest: seq=1997 opcode=56 data=0 bytes=12
08-13 13:57:43.940  1451  1717 I SDM     : DisplayBase::CommitThread: Received idle timeout, panel: video, timeout: 70000 us
08-13 13:57:43.961  1451  1717 I SDM     : HWDeviceDRM::SetupConcurrentWriteback: Tear down the Concurrent Writeback topology
08-13 13:57:44.033  1451  1717 I SDM     : DisplayBase::CommitThread: Received idle timeout, panel: video, timeout: 70000 us
08-13 13:57:44.212 22783 22783 W HidlServiceManagement: Waited one second for vendor.qti.diaghal@1.0::Idiag/default
08-13 13:57:44.213   829   829 I hwservicemanager: Since vendor.qti.diaghal@1.0::Idiag/default is not registered, trying to start it as a lazy HAL (if it's not configured to be a lazy HAL, it may be stuck starting or still starting).
08-13 13:57:44.213 22783 22783 I HidlServiceManagement: getService: Trying again for vendor.qti.diaghal@1.0::Idiag/default...
08-13 13:57:44.216   829 22819 W libc    : Unable to set property "ctl.interface_start" to "vendor.qti.diaghal@1.0::Idiag/default": error code: 0x20
08-13 13:57:44.216   829 22819 I hwservicemanager: Tried to start vendor.qti.diaghal@1.0::Idiag/default as a lazy service, but was unable to. Usually this happens when a service is not installed, but if the service is intended to be used as a lazy service, then it may be configured incorrectly.
08-13 13:57:44.280  1442  1625 I ANDR-PWR-OPT: PowerHelper: getNodeData() 196: FPS8.500000 FRAMECOUNT10
08-13 13:57:44.280  1442  1625 I ANDR-PWR-OPT: PowerHelper: getFps() 168: Returned fps value: 8.500000
08-13 13:57:44.312 22499 22523 I WinlatorXRequest: seq=1998 opcode=43 data=0 bytes=0
08-13 13:57:44.314 22499 22523 I WinlatorXRequest: seq=1999 opcode=60 data=0 bytes=4
08-13 13:57:44.314 22499 22523 I WinlatorXRequest: seq=2000 opcode=55 data=0 bytes=16
08-13 13:57:44.315 22499 22523 I WinlatorXRequest: seq=2001 opcode=59 data=3 bytes=16
08-13 13:57:44.315 22499 22523 I WinlatorXRequest: seq=2002 opcode=155 data=3 bytes=36
08-13 13:57:44.316 22499 22523 I WinlatorXRequest: seq=2003 opcode=56 data=0 bytes=12
08-13 13:57:44.316 22499 22523 I WinlatorXRequest: seq=2004 opcode=60 data=0 bytes=4
08-13 13:57:44.316 22499 22523 I WinlatorXRequest: seq=2005 opcode=55 data=0 bytes=16
08-13 13:57:44.322 22499 22523 I WinlatorXRequest: seq=2006 opcode=59 data=3 bytes=16
08-13 13:57:44.322 22499 22523 I WinlatorXRequest: seq=2007 opcode=155 data=3 bytes=36
08-13 13:57:44.322 22499 22523 I WinlatorXRequest: seq=2008 opcode=56 data=0 bytes=12
08-13 13:57:44.320 22818 22818 I top     : type=1400 audit(0.0:2811011): avc:  denied  { read } for  scontext=u:r:system_app:s0 tcontext=u:r:hal_light_default:s0 tclass=file permissive=1
08-13 13:57:44.324 22818 22818 I top     : type=1400 audit(0.0:2811012): avc:  denied  { open } for  path="/proc/1455/stat" dev="proc" ino=5645417 scontext=u:r:system_app:s0 tcontext=u:r:hal_light_default:s0 tclass=file permissive=1
08-13 13:57:44.324 22818 22818 I top     : type=1400 audit(0.0:2811013): avc:  denied  { getattr } for  path="/proc/1534" dev="proc" ino=5640003 scontext=u:r:system_app:s0 tcontext=u:r:vendor_hal_qspa_default:s0 tclass=dir permissive=1
08-13 13:57:44.324 22818 22818 I top     : type=1400 audit(0.0:2811014): avc:  denied  { search } for  name="1534" dev="proc" ino=5640003 scontext=u:r:system_app:s0 tcontext=u:r:vendor_hal_qspa_default:s0 tclass=dir permissive=1
08-13 13:57:44.328 22818 22818 I top     : type=1400 audit(0.0:2811015): avc:  denied  { getattr } for  path="/proc/1877" dev="proc" ino=5640011 scontext=u:r:system_app:s0 tcontext=u:r:vendor_wcnss_service:s0 tclass=dir permissive=1
08-13 13:57:44.415  1451  1717 I SDM     : DisplayBase::CommitThread: Received idle timeout, panel: video, timeout: 70000 us
08-13 13:57:44.436  1451  1717 I SDM     : HWDeviceDRM::SetupConcurrentWriteback: Tear down the Concurrent Writeback topology
08-13 13:57:44.507  1451  1717 I SDM     : DisplayBase::CommitThread: Received idle timeout, panel: video, timeout: 70000 us
08-13 13:57:44.780  1442  1625 I ANDR-PWR-OPT: PowerHelper: getNodeData() 196: FPS8.200000 FRAMECOUNT10
08-13 13:57:44.780  1442  1625 I ANDR-PWR-OPT: PowerHelper: getFps() 168: Returned fps value: 8.200000
08-13 13:57:44.786 22499 22523 I WinlatorXRequest: seq=2009 opcode=43 data=0 bytes=0
08-13 13:57:44.788 22499 22523 I WinlatorXRequest: seq=2010 opcode=60 data=0 bytes=4
08-13 13:57:44.789 22499 22523 I WinlatorXRequest: seq=2011 opcode=55 data=0 bytes=16
08-13 13:57:44.789 22499 22523 I WinlatorXRequest: seq=2012 opcode=59 data=3 bytes=16
08-13 13:57:44.789 22499 22523 I WinlatorXRequest: seq=2013 opcode=155 data=3 bytes=36
08-13 13:57:44.790 22499 22523 I WinlatorXRequest: seq=2014 opcode=56 data=0 bytes=12
08-13 13:57:44.790 22499 22523 I WinlatorXRequest: seq=2015 opcode=60 data=0 bytes=4
08-13 13:57:44.791 22499 22523 I WinlatorXRequest: seq=2016 opcode=55 data=0 bytes=16
08-13 13:57:44.794 22499 22523 I WinlatorXRequest: seq=2017 opcode=59 data=3 bytes=16
08-13 13:57:44.794 22499 22523 I WinlatorXRequest: seq=2018 opcode=155 data=3 bytes=36
08-13 13:57:44.794 22499 22523 I WinlatorXRequest: seq=2019 opcode=56 data=0 bytes=12
08-13 13:57:44.883  1451  1717 I SDM     : DisplayBase::CommitThread: Received idle timeout, panel: video, timeout: 69999 us
08-13 13:57:44.904  1451  1717 I SDM     : HWDeviceDRM::SetupConcurrentWriteback: Tear down the Concurrent Writeback topology
08-13 13:57:44.976  1451  1717 I SDM     : DisplayBase::CommitThread: Received idle timeout, panel: video, timeout: 69999 us
08-13 13:57:45.215 22783 22783 W HidlServiceManagement: Waited one second for vendor.qti.diaghal@1.0::Idiag/default
08-13 13:57:45.215   829   829 I hwservicemanager: Since vendor.qti.diaghal@1.0::Idiag/default is not registered, trying to start it as a lazy HAL (if it's not configured to be a lazy HAL, it may be stuck starting or still starting).
08-13 13:57:45.216 22783 22783 I HidlServiceManagement: getService: Trying again for vendor.qti.diaghal@1.0::Idiag/default...
08-13 13:57:45.218   829 22827 W libc    : Unable to set property "ctl.interface_start" to "vendor.qti.diaghal@1.0::Idiag/default": error code: 0x20
08-13 13:57:45.218   829 22827 I hwservicemanager: Tried to start vendor.qti.diaghal@1.0::Idiag/default as a lazy service, but was unable to. Usually this happens when a service is not installed, but if the service is intended to be used as a lazy service, then it may be configured incorrectly.
08-13 13:57:45.273 22499 22523 I WinlatorXRequest: seq=2020 opcode=43 data=0 bytes=0
08-13 13:57:45.276 22499 22523 I WinlatorXRequest: seq=2021 opcode=60 data=0 bytes=4
08-13 13:57:45.276 22499 22523 I WinlatorXRequest: seq=2022 opcode=55 data=0 bytes=16
08-13 13:57:45.276 22499 22523 I WinlatorXRequest: seq=2023 opcode=59 data=3 bytes=16
08-13 13:57:45.276 22499 22523 I WinlatorXRequest: seq=2024 opcode=155 data=3 bytes=36
08-13 13:57:45.277 22499 22523 I WinlatorXRequest: seq=2025 opcode=56 data=0 bytes=12
08-13 13:57:45.277 22499 22523 I WinlatorXRequest: seq=2026 opcode=60 data=0 bytes=4
08-13 13:57:45.277 22499 22523 I WinlatorXRequest: seq=2027 opcode=55 data=0 bytes=16
08-13 13:57:45.277 22499 22523 I WinlatorXRequest: seq=2028 opcode=59 data=3 bytes=16
08-13 13:57:45.278 22499 22523 I WinlatorXRequest: seq=2029 opcode=155 data=3 bytes=36
08-13 13:57:45.280  1442  1625 I ANDR-PWR-OPT: PowerHelper: getNodeData() 196: FPS8.000000 FRAMECOUNT10
08-13 13:57:45.280  1442  1625 I ANDR-PWR-OPT: PowerHelper: getFps() 168: Returned fps value: 8.000000
08-13 13:57:45.281 22499 22523 I WinlatorXRequest: seq=2030 opcode=56 data=0 bytes=12
08-13 13:57:45.374  1451  1717 I SDM     : DisplayBase::CommitThread: Received idle timeout, panel: video, timeout: 70000 us
08-13 13:57:45.394  1451  1717 I SDM     : HWDeviceDRM::SetupConcurrentWriteback: Tear down the Concurrent Writeback topology
08-13 13:57:45.466  1451  1717 I SDM     : DisplayBase::CommitThread: Received idle timeout, panel: video, timeout: 69999 us
08-13 13:57:45.772 22499 22523 I WinlatorXRequest: seq=2031 opcode=43 data=0 bytes=0
08-13 13:57:45.775 22499 22523 I WinlatorXRequest: seq=2032 opcode=60 data=0 bytes=4
08-13 13:57:45.775 22499 22523 I WinlatorXRequest: seq=2033 opcode=55 data=0 bytes=16
08-13 13:57:45.775 22499 22523 I WinlatorXRequest: seq=2034 opcode=59 data=3 bytes=16
08-13 13:57:45.776 22499 22523 I WinlatorXRequest: seq=2035 opcode=155 data=3 bytes=36
08-13 13:57:45.776 22499 22523 I WinlatorXRequest: seq=2036 opcode=56 data=0 bytes=12
08-13 13:57:45.776 22499 22523 I WinlatorXRequest: seq=2037 opcode=60 data=0 bytes=4
08-13 13:57:45.776 22499 22523 I WinlatorXRequest: seq=2038 opcode=55 data=0 bytes=16
08-13 13:57:45.777 22499 22523 I WinlatorXRequest: seq=2039 opcode=59 data=3 bytes=16
08-13 13:57:45.777 22499 22523 I WinlatorXRequest: seq=2040 opcode=155 data=3 bytes=36
08-13 13:57:45.777 22499 22523 I WinlatorXRequest: seq=2041 opcode=56 data=0 bytes=12
08-13 13:57:45.780  1442  1625 I ANDR-PWR-OPT: PowerHelper: getNodeData() 196: FPS7.900000 FRAMECOUNT10
08-13 13:57:45.780  1442  1625 I ANDR-PWR-OPT: PowerHelper: getFps() 168: Returned fps value: 7.900000
08-13 13:57:45.883  1451  1717 I SDM     : DisplayBase::CommitThread: Received idle timeout, panel: video, timeout: 70000 us
08-13 13:57:45.903  1451  1717 I SDM     : HWDeviceDRM::SetupConcurrentWriteback: Tear down the Concurrent Writeback topology
08-13 13:57:45.975  1451  1717 I SDM     : DisplayBase::CommitThread: Received idle timeout, panel: video, timeout: 70000 us
08-13 13:57:46.207  1451  1717 I SDM     : DisplayBase::CommitThread: Received idle timeout, panel: video, timeout: 70000 us
08-13 13:57:46.217 22783 22783 W HidlServiceManagement: Waited one second for vendor.qti.diaghal@1.0::Idiag/default
08-13 13:57:46.218   829   829 I hwservicemanager: Since vendor.qti.diaghal@1.0::Idiag/default is not registered, trying to start it as a lazy HAL (if it's not configured to be a lazy HAL, it may be stuck starting or still starting).
08-13 13:57:46.218 22783 22783 I HidlServiceManagement: getService: Trying again for vendor.qti.diaghal@1.0::Idiag/default...
08-13 13:57:46.220   829 22836 W libc    : Unable to set property "ctl.interface_start" to "vendor.qti.diaghal@1.0::Idiag/default": error code: 0x20
08-13 13:57:46.220   829 22836 I hwservicemanager: Tried to start vendor.qti.diaghal@1.0::Idiag/default as a lazy service, but was unable to. Usually this happens when a service is not installed, but if the service is intended to be used as a lazy service, then it may be configured incorrectly.
08-13 13:57:46.227  1451  1717 I SDM     : HWDeviceDRM::SetupConcurrentWriteback: Tear down the Concurrent Writeback topology
08-13 13:57:46.272 22499 22523 I WinlatorXRequest: seq=2042 opcode=43 data=0 bytes=0
08-13 13:57:46.274 22499 22523 I WinlatorXRequest: seq=2043 opcode=60 data=0 bytes=4
08-13 13:57:46.275 22499 22523 I WinlatorXRequest: seq=2044 opcode=55 data=0 bytes=16
08-13 13:57:46.275 22499 22523 I WinlatorXRequest: seq=2045 opcode=59 data=3 bytes=16
08-13 13:57:46.275 22499 22523 I WinlatorXRequest: seq=2046 opcode=155 data=3 bytes=36
08-13 13:57:46.276 22499 22523 I WinlatorXRequest: seq=2047 opcode=56 data=0 bytes=12
08-13 13:57:46.276 22499 22523 I WinlatorXRequest: seq=2048 opcode=60 data=0 bytes=4
08-13 13:57:46.276 22499 22523 I WinlatorXRequest: seq=2049 opcode=55 data=0 bytes=16
08-13 13:57:46.276 22499 22523 I WinlatorXRequest: seq=2050 opcode=59 data=3 bytes=16
08-13 13:57:46.277 22499 22523 I WinlatorXRequest: seq=2051 opcode=155 data=3 bytes=36
08-13 13:57:46.280 22499 22523 I WinlatorXRequest: seq=2052 opcode=56 data=0 bytes=12
08-13 13:57:46.280  1442  1625 I ANDR-PWR-OPT: PowerHelper: getNodeData() 196: FPS10.100000 FRAMECOUNT13
08-13 13:57:46.280  1442  1625 I ANDR-PWR-OPT: PowerHelper: getFps() 168: Returned fps value: 10.100000
08-13 13:57:46.324 22834 22834 I top     : type=1400 audit(0.0:2811017): avc:  denied  { getattr } for  path="/proc/1112" dev="proc" ino=5642534 scontext=u:r:system_app:s0 tcontext=u:r:vendor_hal_keymint_spu_qti:s0 tclass=dir permissive=1 app=io.taowen.bx
08-13 13:57:46.324 22834 22834 I top     : type=1400 audit(0.0:2811018): avc:  denied  { search } for  name="1112" dev="proc" ino=5642534 scontext=u:r:system_app:s0 tcontext=u:r:vendor_hal_keymint_spu_qti:s0 tclass=dir permissive=1 app=io.taowen.bx
08-13 13:57:46.324 22834 22834 I top     : type=1400 audit(0.0:2811019): avc:  denied  { getattr } for  path="/proc/1541" dev="proc" ino=5640004 scontext=u:r:system_app:s0 tcontext=u:r:vendor_hal_qspmhal_default:s0 tclass=dir permissive=1 app=io.taowen.bx
08-13 13:57:46.324 22834 22834 I top     : type=1400 audit(0.0:2811020): avc:  denied  { search } for  name="1541" dev="proc" ino=5640004 scontext=u:r:system_app:s0 tcontext=u:r:vendor_hal_qspmhal_default:s0 tclass=dir permissive=1 app=io.taowen.bx
08-13 13:57:46.374  1451  1717 I SDM     : DisplayBase::CommitThread: Received idle timeout, panel: video, timeout: 70000 us
08-13 13:57:46.395  1451  1717 I SDM     : HWDeviceDRM::SetupConcurrentWriteback: Tear down the Concurrent Writeback topology
08-13 13:57:46.466  1451  1717 I SDM     : DisplayBase::CommitThread: Received idle timeout, panel: video, timeout: 70000 us
08-13 13:57:46.773 22499 22523 I WinlatorXRequest: seq=2053 opcode=43 data=0 bytes=0
08-13 13:57:46.775 22499 22523 I WinlatorXRequest: seq=2054 opcode=60 data=0 bytes=4
08-13 13:57:46.775 22499 22523 I WinlatorXRequest: seq=2055 opcode=55 data=0 bytes=16
08-13 13:57:46.775 22499 22523 I WinlatorXRequest: seq=2056 opcode=59 data=3 bytes=16
08-13 13:57:46.776 22499 22523 I WinlatorXRequest: seq=2057 opcode=155 data=3 bytes=36
08-13 13:57:46.776 22499 22523 I WinlatorXRequest: seq=2058 opcode=56 data=0 bytes=12
08-13 13:57:46.777 22499 22523 I WinlatorXRequest: seq=2059 opcode=60 data=0 bytes=4
08-13 13:57:46.777 22499 22523 I WinlatorXRequest: seq=2060 opcode=55 data=0 bytes=16
08-13 13:57:46.780 22499 22523 I WinlatorXRequest: seq=2061 opcode=59 data=3 bytes=16
08-13 13:57:46.780 22499 22523 I WinlatorXRequest: seq=2062 opcode=155 data=3 bytes=36
08-13 13:57:46.780 22499 22523 I WinlatorXRequest: seq=2063 opcode=56 data=0 bytes=12
08-13 13:57:46.781  1442  1625 I ANDR-PWR-OPT: PowerHelper: getNodeData() 196: FPS9.900000 FRAMECOUNT13
08-13 13:57:46.781  1442  1625 I ANDR-PWR-OPT: PowerHelper: getFps() 168: Returned fps value: 9.900000
08-13 13:57:46.874  1451  1717 I SDM     : DisplayBase::CommitThread: Received idle timeout, panel: video, timeout: 70000 us
08-13 13:57:46.894  1451  1717 I SDM     : HWDeviceDRM::SetupConcurrentWriteback: Tear down the Concurrent Writeback topology
08-13 13:57:46.966  1451  1717 I SDM     : DisplayBase::CommitThread: Received idle timeout, panel: video, timeout: 70000 us
08-13 13:57:47.219 22783 22783 W HidlServiceManagement: Waited one second for vendor.qti.diaghal@1.0::Idiag/default
08-13 13:57:47.219   829   829 I hwservicemanager: Since vendor.qti.diaghal@1.0::Idiag/default is not registered, trying to start it as a lazy HAL (if it's not configured to be a lazy HAL, it may be stuck starting or still starting).
08-13 13:57:47.220 22783 22783 I HidlServiceManagement: getService: Trying again for vendor.qti.diaghal@1.0::Idiag/default...
08-13 13:57:47.222   829 22845 W libc    : Unable to set property "ctl.interface_start" to "vendor.qti.diaghal@1.0::Idiag/default": error code: 0x20
08-13 13:57:47.222   829 22845 I hwservicemanager: Tried to start vendor.qti.diaghal@1.0::Idiag/default as a lazy service, but was unable to. Usually this happens when a service is not installed, but if the service is intended to be used as a lazy service, then it may be configured incorrectly.
08-13 13:57:47.272 22499 22523 I WinlatorXRequest: seq=2064 opcode=43 data=0 bytes=0
08-13 13:57:47.274 22499 22523 I WinlatorXRequest: seq=2065 opcode=60 data=0 bytes=4
08-13 13:57:47.275 22499 22523 I WinlatorXRequest: seq=2066 opcode=55 data=0 bytes=16
08-13 13:57:47.275 22499 22523 I WinlatorXRequest: seq=2067 opcode=59 data=3 bytes=16
08-13 13:57:47.275 22499 22523 I WinlatorXRequest: seq=2068 opcode=155 data=3 bytes=36
08-13 13:57:47.276 22499 22523 I WinlatorXRequest: seq=2069 opcode=56 data=0 bytes=12
08-13 13:57:47.276 22499 22523 I WinlatorXRequest: seq=2070 opcode=60 data=0 bytes=4
08-13 13:57:47.276 22499 22523 I WinlatorXRequest: seq=2071 opcode=55 data=0 bytes=16
08-13 13:57:47.276 22499 22523 I WinlatorXRequest: seq=2072 opcode=59 data=3 bytes=16
08-13 13:57:47.277 22499 22523 I WinlatorXRequest: seq=2073 opcode=155 data=3 bytes=36
08-13 13:57:47.280 22499 22523 I WinlatorXRequest: seq=2074 opcode=56 data=0 bytes=12
08-13 13:57:47.280  1442  1625 I ANDR-PWR-OPT: PowerHelper: getNodeData() 196: FPS9.500000 FRAMECOUNT10
08-13 13:57:47.280  1442  1625 I ANDR-PWR-OPT: PowerHelper: getFps() 168: Returned fps value: 9.500000
08-13 13:57:47.374  1451  1717 I SDM     : DisplayBase::CommitThread: Received idle timeout, panel: video, timeout: 70000 us
08-13 13:57:47.394  1451  1717 I SDM     : HWDeviceDRM::SetupConcurrentWriteback: Tear down the Concurrent Writeback topology
08-13 13:57:47.465  1451  1717 I SDM     : DisplayBase::CommitThread: Received idle timeout, panel: video, timeout: 69999 us
08-13 13:57:47.772 22499 22523 I WinlatorXRequest: seq=2075 opcode=43 data=0 bytes=0
08-13 13:57:47.775 22499 22523 I WinlatorXRequest: seq=2076 opcode=60 data=0 bytes=4
08-13 13:57:47.775 22499 22523 I WinlatorXRequest: seq=2077 opcode=55 data=0 bytes=16
08-13 13:57:47.776 22499 22523 I WinlatorXRequest: seq=2078 opcode=59 data=3 bytes=16
08-13 13:57:47.776 22499 22523 I WinlatorXRequest: seq=2079 opcode=155 data=3 bytes=36
08-13 13:57:47.776 22499 22523 I WinlatorXRequest: seq=2080 opcode=56 data=0 bytes=12
08-13 13:57:47.777 22499 22523 I WinlatorXRequest: seq=2081 opcode=60 data=0 bytes=4
08-13 13:57:47.777 22499 22523 I WinlatorXRequest: seq=2082 opcode=55 data=0 bytes=16
08-13 13:57:47.777 22499 22523 I WinlatorXRequest: seq=2083 opcode=59 data=3 bytes=16
08-13 13:57:47.777 22499 22523 I WinlatorXRequest: seq=2084 opcode=155 data=3 bytes=36
08-13 13:57:47.780  1442  1625 I ANDR-PWR-OPT: PowerHelper: getNodeData() 196: FPS7.600000 FRAMECOUNT10
08-13 13:57:47.780  1442  1625 I ANDR-PWR-OPT: PowerHelper: getFps() 168: Returned fps value: 7.600000
08-13 13:57:47.782 22499 22523 I WinlatorXRequest: seq=2085 opcode=56 data=0 bytes=12
08-13 13:57:47.874  1451  1717 I SDM     : DisplayBase::CommitThread: Received idle timeout, panel: video, timeout: 70000 us
08-13 13:57:47.894  1451  1717 I SDM     : HWDeviceDRM::SetupConcurrentWriteback: Tear down the Concurrent Writeback topology
08-13 13:57:47.965  1451  1717 I SDM     : DisplayBase::CommitThread: Received idle timeout, panel: video, timeout: 70000 us
08-13 13:57:48.220 22783 22783 W HidlServiceManagement: Waited one second for vendor.qti.diaghal@1.0::Idiag/default
08-13 13:57:48.221   829   829 I hwservicemanager: Since vendor.qti.diaghal@1.0::Idiag/default is not registered, trying to start it as a lazy HAL (if it's not configured to be a lazy HAL, it may be stuck starting or still starting).
08-13 13:57:48.222 22783 22783 I HidlServiceManagement: getService: Trying again for vendor.qti.diaghal@1.0::Idiag/default...
08-13 13:57:48.224   829 22855 W libc    : Unable to set property "ctl.interface_start" to "vendor.qti.diaghal@1.0::Idiag/default": error code: 0x20
08-13 13:57:48.224   829 22855 I hwservicemanager: Tried to start vendor.qti.diaghal@1.0::Idiag/default as a lazy service, but was unable to. Usually this happens when a service is not installed, but if the service is intended to be used as a lazy service, then it may be configured incorrectly.
08-13 13:57:48.280  1442  1625 I ANDR-PWR-OPT: PowerHelper: getNodeData() 196: FPS7.600000 FRAMECOUNT10
08-13 13:57:48.280  1442  1625 I ANDR-PWR-OPT: PowerHelper: getFps() 168: Returned fps value: 7.600000
08-13 13:57:48.281 22499 22523 I WinlatorXRequest: seq=2086 opcode=43 data=0 bytes=0
08-13 13:57:48.282 22499 22523 I WinlatorXRequest: seq=2087 opcode=60 data=0 bytes=4
08-13 13:57:48.282 22499 22523 I WinlatorXRequest: seq=2088 opcode=55 data=0 bytes=16
08-13 13:57:48.282 22499 22523 I WinlatorXRequest: seq=2089 opcode=59 data=3 bytes=16
08-13 13:57:48.282 22499 22523 I WinlatorXRequest: seq=2090 opcode=155 data=3 bytes=36
08-13 13:57:48.283 22499 22523 I WinlatorXRequest: seq=2091 opcode=56 data=0 bytes=12
08-13 13:57:48.283 22499 22523 I WinlatorXRequest: seq=2092 opcode=60 data=0 bytes=4
08-13 13:57:48.283 22499 22523 I WinlatorXRequest: seq=2093 opcode=55 data=0 bytes=16
08-13 13:57:48.283 22499 22523 I WinlatorXRequest: seq=2094 opcode=59 data=3 bytes=16
08-13 13:57:48.284 22499 22523 I WinlatorXRequest: seq=2095 opcode=155 data=3 bytes=36
08-13 13:57:48.286 22499 22523 I WinlatorXRequest: seq=2096 opcode=56 data=0 bytes=12
08-13 13:57:48.332 22858 22858 I xsu     : sending cmd:echo 76 > /sys/devices/platform/soc/soc:pwm-fan/hwmon/hwmon0/pwm1
08-13 13:57:48.332 22858 22858 I xsu     : sending cmd end:echo 76 > /sys/devices/platform/soc/soc:pwm-fan/hwmon/hwmon0/pwm1
08-13 13:57:48.332 22858 22858 I xsu     : free cmd end
08-13 13:57:48.333 22858 22858 I xsu     : xsu_recv cmd before
08-13 13:57:48.333 22858 22858 I xsu_api : xsu_recv memset enter
08-13 13:57:48.333 22858 22858 I xsu_api : xsu_recv memset end
08-13 13:57:48.333  1604 22859 I xsu_api : xsu_recv memset enter
08-13 13:57:48.333  1604 22859 I xsu_api : xsu_recv memset end
08-13 13:57:48.333  1604 22859 I xsu_api : xsu_recv retry end
08-13 13:57:48.333  1604 22859 I xsu_api : ret=4, version=200, type=0, payload_size=69
08-13 13:57:48.333  1604 22859 I xsu_api : xsu_recv type and len
08-13 13:57:48.333  1604 22859 I xsu_api : header.type=0, header.payload_size=69, xsu_header_t=4
08-13 13:57:48.333  1604 22859 I xsu_api : xsu_recv type and len end
08-13 13:57:48.333  1604 22859 I xsud    : handle comming cmd:echo 76 > /sys/devices/platform/soc/soc:pwm-fan/hwmon/hwmon0/pwm1
08-13 13:57:48.350 22858 22858 I xsu_api : xsu_recv retry end
08-13 13:57:48.350 22858 22858 I xsu_api : ret=4, version=200, type=3, payload_size=0
08-13 13:57:48.350 22858 22858 I xsu_api : xsu_recv type and len
08-13 13:57:48.350 22858 22858 I xsu_api : header.type=3, header.payload_size=0, xsu_header_t=4
08-13 13:57:48.350 22858 22858 I xsu_api : xsu_recv type and len end
08-13 13:57:48.350 22858 22858 I xsu     : xsu_recv cmd end
08-13 13:57:48.350 22858 22858 I xsu     : end session!
08-13 13:57:48.383  1451  1717 I SDM     : DisplayBase::CommitThread: Received idle timeout, panel: video, timeout: 70000 us
08-13 13:57:48.419  1451  1717 I SDM     : HWDeviceDRM::SetupConcurrentWriteback: Tear down the Concurrent Writeback topology
08-13 13:57:48.490  1451  1717 I SDM     : DisplayBase::CommitThread: Received idle timeout, panel: video, timeout: 70000 us
08-13 13:57:48.773 22499 22523 I WinlatorXRequest: seq=2097 opcode=43 data=0 bytes=0
08-13 13:57:48.775 22499 22523 I WinlatorXRequest: seq=2098 opcode=60 data=0 bytes=4
08-13 13:57:48.775 22499 22523 I WinlatorXRequest: seq=2099 opcode=55 data=0 bytes=16
08-13 13:57:48.776 22499 22523 I WinlatorXRequest: seq=2100 opcode=59 data=3 bytes=16
08-13 13:57:48.776 22499 22523 I WinlatorXRequest: seq=2101 opcode=155 data=3 bytes=36
08-13 13:57:48.776 22499 22523 I WinlatorXRequest: seq=2102 opcode=56 data=0 bytes=12
08-13 13:57:48.777 22499 22523 I WinlatorXRequest: seq=2103 opcode=60 data=0 bytes=4
08-13 13:57:48.777 22499 22523 I WinlatorXRequest: seq=2104 opcode=55 data=0 bytes=16
08-13 13:57:48.777 22499 22523 I WinlatorXRequest: seq=2105 opcode=59 data=3 bytes=16
08-13 13:57:48.777 22499 22523 I WinlatorXRequest: seq=2106 opcode=155 data=3 bytes=36
08-13 13:57:48.778 22499 22523 I WinlatorXRequest: seq=2107 opcode=56 data=0 bytes=12
08-13 13:57:48.780  1442  1625 I ANDR-PWR-OPT: PowerHelper: getNodeData() 196: FPS7.600000 FRAMECOUNT10
08-13 13:57:48.780  1442  1625 I ANDR-PWR-OPT: PowerHelper: getFps() 168: Returned fps value: 7.600000
08-13 13:57:48.875  1451  1717 I SDM     : DisplayBase::CommitThread: Received idle timeout, panel: video, timeout: 70000 us
08-13 13:57:48.911  1451  1717 I SDM     : HWDeviceDRM::SetupConcurrentWriteback: Tear down the Concurrent Writeback topology
08-13 13:57:48.982  1451  1717 I SDM     : DisplayBase::CommitThread: Received idle timeout, panel: video, timeout: 70000 us
08-13 13:57:49.223 22783 22783 W HidlServiceManagement: Waited one second for vendor.qti.diaghal@1.0::Idiag/default
08-13 13:57:49.223   829   829 I hwservicemanager: Since vendor.qti.diaghal@1.0::Idiag/default is not registered, trying to start it as a lazy HAL (if it's not configured to be a lazy HAL, it may be stuck starting or still starting).
08-13 13:57:49.224 22783 22783 I HidlServiceManagement: getService: Trying again for vendor.qti.diaghal@1.0::Idiag/default...
08-13 13:57:49.226   829 22868 W libc    : Unable to set property "ctl.interface_start" to "vendor.qti.diaghal@1.0::Idiag/default": error code: 0x20
08-13 13:57:49.226   829 22868 I hwservicemanager: Tried to start vendor.qti.diaghal@1.0::Idiag/default as a lazy service, but was unable to. Usually this happens when a service is not installed, but if the service is intended to be used as a lazy service, then it may be configured incorrectly.
08-13 13:57:49.274 22499 22523 I WinlatorXRequest: seq=2108 opcode=43 data=0 bytes=0
08-13 13:57:49.277 22499 22523 I WinlatorXRequest: seq=2109 opcode=60 data=0 bytes=4
08-13 13:57:49.277 22499 22523 I WinlatorXRequest: seq=2110 opcode=55 data=0 bytes=16
08-13 13:57:49.277 22499 22523 I WinlatorXRequest: seq=2111 opcode=59 data=3 bytes=16
08-13 13:57:49.277 22499 22523 I WinlatorXRequest: seq=2112 opcode=155 data=3 bytes=36
08-13 13:57:49.278 22499 22523 I WinlatorXRequest: seq=2113 opcode=56 data=0 bytes=12
08-13 13:57:49.278 22499 22523 I WinlatorXRequest: seq=2114 opcode=60 data=0 bytes=4
08-13 13:57:49.278 22499 22523 I WinlatorXRequest: seq=2115 opcode=55 data=0 bytes=16
08-13 13:57:49.279 22499 22523 I WinlatorXRequest: seq=2116 opcode=59 data=3 bytes=16
08-13 13:57:49.279 22499 22523 I WinlatorXRequest: seq=2117 opcode=155 data=3 bytes=36
08-13 13:57:49.280  1442  1625 I ANDR-PWR-OPT: PowerHelper: getNodeData() 196: FPS7.600000 FRAMECOUNT10
08-13 13:57:49.281  1442  1625 I ANDR-PWR-OPT: PowerHelper: getFps() 168: Returned fps value: 7.600000
08-13 13:57:49.282 22499 22523 I WinlatorXRequest: seq=2118 opcode=56 data=0 bytes=12
08-13 13:57:49.316 22867 22867 I top     : type=1400 audit(0.0:2811021): avc:  denied  { read } for  scontext=u:r:system_app:s0 tcontext=u:r:hal_fingerprint_default:s0 tclass=file permissive=1
08-13 13:57:49.316 22867 22867 I top     : type=1400 audit(0.0:2811022): avc:  denied  { read } for  scontext=u:r:system_app:s0 tcontext=u:r:vendor_qwesd:s0 tclass=file permissive=1
08-13 13:57:49.320 22867 22867 I top     : type=1400 audit(0.0:2811023): avc:  denied  { open } for  path="/proc/1447/stat" dev="proc" ino=5645409 scontext=u:r:system_app:s0 tcontext=u:r:hal_fingerprint_default:s0 tclass=file permissive=1
08-13 13:57:49.320 22867 22867 I top     : type=1400 audit(0.0:2811024): avc:  denied  { open } for  path="/proc/1661/stat" dev="proc" ino=5640148 scontext=u:r:system_app:s0 tcontext=u:r:vendor_qwesd:s0 tclass=file permissive=1
08-13 13:57:49.383  1451  1717 I SDM     : DisplayBase::CommitThread: Received idle timeout, panel: video, timeout: 70000 us
08-13 13:57:49.402  1451  1717 I SDM     : HWDeviceDRM::SetupConcurrentWriteback: Tear down the Concurrent Writeback topology
08-13 13:57:49.473  1451  1717 I SDM     : DisplayBase::CommitThread: Received idle timeout, panel: video, timeout: 69999 us
08-13 13:57:49.773 22499 22523 I WinlatorXRequest: seq=2119 opcode=43 data=0 bytes=0
08-13 13:57:49.775 22499 22523 I WinlatorXRequest: seq=2120 opcode=60 data=0 bytes=4
08-13 13:57:49.775 22499 22523 I WinlatorXRequest: seq=2121 opcode=55 data=0 bytes=16
08-13 13:57:49.775 22499 22523 I WinlatorXRequest: seq=2122 opcode=59 data=3 bytes=16
08-13 13:57:49.776 22499 22523 I WinlatorXRequest: seq=2123 opcode=155 data=3 bytes=36
08-13 13:57:49.776 22499 22523 I WinlatorXRequest: seq=2124 opcode=56 data=0 bytes=12
08-13 13:57:49.776 22499 22523 I WinlatorXRequest: seq=2125 opcode=60 data=0 bytes=4
08-13 13:57:49.777 22499 22523 I WinlatorXRequest: seq=2126 opcode=55 data=0 bytes=16
08-13 13:57:49.777 22499 22523 I WinlatorXRequest: seq=2127 opcode=59 data=3 bytes=16
08-13 13:57:49.777 22499 22523 I WinlatorXRequest: seq=2128 opcode=155 data=3 bytes=36
08-13 13:57:49.780 22499 22523 I WinlatorXRequest: seq=2129 opcode=56 data=0 bytes=12
08-13 13:57:49.781  1442  1625 I ANDR-PWR-OPT: PowerHelper: getNodeData() 196: FPS7.700000 FRAMECOUNT10
08-13 13:57:49.781  1442  1625 I ANDR-PWR-OPT: PowerHelper: getFps() 168: Returned fps value: 7.700000
08-13 13:57:49.874  1451  1717 I SDM     : DisplayBase::CommitThread: Received idle timeout, panel: video, timeout: 69999 us
08-13 13:57:49.894  1451  1717 I SDM     : HWDeviceDRM::SetupConcurrentWriteback: Tear down the Concurrent Writeback topology
08-13 13:57:49.966  1451  1717 I SDM     : DisplayBase::CommitThread: Received idle timeout, panel: video, timeout: 70000 us
08-13 13:57:50.035 22879 22879 W BpBinder: Linking to death on android.gui.ISurfaceComposer but there are no threads (yet?) listening to incoming transactions. See ProcessState::startThreadPool and ProcessState::setThreadPoolMaxThreadCount. Generally you should setup the binder threadpool before other initialization steps.
08-13 13:57:50.035 22879 22879 W ProcessState: Extra binder thread started, but 0 threads requested. Do not use *startThreadPool when zero threads are requested.
08-13 13:57:50.035  1450  1450 W qdgralloc: Failed to open smmu proxy node = /dev/qti-smmu-proxy, error = No such file or directory
08-13 13:57:50.035  1450  1450 W qdgralloc: Failed to open smmu proxy node = /dev/qti-smmu-proxy, error = No such file or directory
08-13 13:57:50.052 22881 22881 I top     : type=1400 audit(0.0:2811025): avc:  denied  { read } for  scontext=u:r:system_app:s0 tcontext=u:r:hwservicemanager:s0 tclass=file permissive=1
08-13 13:57:50.052 22881 22881 I top     : type=1400 audit(0.0:2811026): avc:  denied  { read } for  scontext=u:r:system_app:s0 tcontext=u:r:vndservicemanager:s0 tclass=file permissive=1
08-13 13:57:50.082 22879 22880 I AdrenoUtils: <ReadGpuID:357>: Reading chip ID through GSL
08-13 13:57:50.225 22783 22783 W HidlServiceManagement: Waited one second for vendor.qti.diaghal@1.0::Idiag/default
08-13 13:57:50.225   829   829 I hwservicemanager: Since vendor.qti.diaghal@1.0::Idiag/default is not registered, trying to start it as a lazy HAL (if it's not configured to be a lazy HAL, it may be stuck starting or still starting).
08-13 13:57:50.225 22783 22783 I HidlServiceManagement: getService: Trying again for vendor.qti.diaghal@1.0::Idiag/default...
08-13 13:57:50.226   829 22885 W libc    : Unable to set property "ctl.interface_start" to "vendor.qti.diaghal@1.0::Idiag/default": error code: 0x20
08-13 13:57:50.227   829 22885 I hwservicemanager: Tried to start vendor.qti.diaghal@1.0::Idiag/default as a lazy service, but was unable to. Usually this happens when a service is not installed, but if the service is intended to be used as a lazy service, then it may be configured incorrectly.
